phase,condition,method,repeat,seed,fold,preprocess,variant,classifier,OA,macro_F1,kappa
1,Pooled,USP,0,42,0.000000,none,A_postSNV,svm,0.800000,0.796367,0.760213
1,Pooled+BandShift,USP,0,42,0.000000,none,A_postSNV,svm,0.755556,0.752448,0.707620
1,Pooled,USP,0,42,0.000000,none,A_postSNV,rbf_svm,0.644444,0.637356,0.574468
1,Pooled+BandShift,USP,0,42,0.000000,none,A_postSNV,rbf_svm,0.644444,0.637356,0.574468
1,Pooled,SNV,0,42,0.000000,SNV,A2_noPostSNV,svm,0.733333,0.738348,0.680095
1,Pooled+BandShift,SNV,0,42,0.000000,SNV,A2_noPostSNV,svm,0.644444,0.645024,0.574719
1,Pooled,SNV,0,42,0.000000,SNV,A2_noPostSNV,rbf_svm,0.711111,0.701454,0.653846
1,Pooled+BandShift,SNV,0,42,0.000000,SNV,A2_noPostSNV,rbf_svm,0.688889,0.681748,0.627219
1,Pooled,SG1,0,42,0.000000,SG1,A2_noPostSNV,svm,0.755556,0.752564,0.707274
1,Pooled+BandShift,SG1,0,42,0.000000,SG1,A2_noPostSNV,svm,0.333333,0.288889,0.195471
1,Pooled,SG1,0,42,0.000000,SG1,A2_noPostSNV,rbf_svm,0.666667,0.658412,0.601535
1,Pooled+BandShift,SG1,0,42,0.000000,SG1,A2_noPostSNV,rbf_svm,0.422222,0.393759,0.311360
1,Pooled,EMSC,0,42,0.000000,EMSC,A2_noPostSNV,svm,0.688889,0.691087,0.627660
1,Pooled+BandShift,EMSC,0,42,0.000000,EMSC,A2_noPostSNV,svm,0.666667,0.663033,0.600592
1,Pooled,EMSC,0,42,0.000000,EMSC,A2_noPostSNV,rbf_svm,0.644444,0.663424,0.573712
1,Pooled+BandShift,EMSC,0,42,0.000000,EMSC,A2_noPostSNV,rbf_svm,0.555556,0.560023,0.467456
1,Pooled,Detrend,0,42,0.000000,Detrend,A2_noPostSNV,svm,0.711111,0.709509,0.653846
1,Pooled+BandShift,Detrend,0,42,0.000000,Detrend,A2_noPostSNV,svm,0.644444,0.635307,0.574216
1,Pooled,Detrend,0,42,0.000000,Detrend,A2_noPostSNV,rbf_svm,0.666667,0.662947,0.601064
1,Pooled+BandShift,Detrend,0,42,0.000000,Detrend,A2_noPostSNV,rbf_svm,0.622222,0.622513,0.547872
1,Pooled,USP,1,42,1.000000,none,A_postSNV,svm,0.755556,0.765062,0.706580
1,Pooled+BandShift,USP,1,42,1.000000,none,A_postSNV,svm,0.711111,0.711093,0.653231
1,Pooled,USP,1,42,1.000000,none,A_postSNV,rbf_svm,0.577778,0.594720,0.492582
1,Pooled+BandShift,USP,1,42,1.000000,none,A_postSNV,rbf_svm,0.577778,0.594720,0.492582
1,Pooled,SNV,1,42,1.000000,SNV,A2_noPostSNV,svm,0.755556,0.753871,0.706927
1,Pooled+BandShift,SNV,1,42,1.000000,SNV,A2_noPostSNV,svm,0.733333,0.719748,0.680473
1,Pooled,SNV,1,42,1.000000,SNV,A2_noPostSNV,rbf_svm,0.688889,0.690503,0.626335
1,Pooled+BandShift,SNV,1,42,1.000000,SNV,A2_noPostSNV,rbf_svm,0.666667,0.685528,0.599644
1,Pooled,SG1,1,42,1.000000,SG1,A2_noPostSNV,svm,0.755556,0.755960,0.706754
1,Pooled+BandShift,SG1,1,42,1.000000,SG1,A2_noPostSNV,svm,0.444444,0.416931,0.327957
1,Pooled,SG1,1,42,1.000000,SG1,A2_noPostSNV,rbf_svm,0.711111,0.717717,0.653641
1,Pooled+BandShift,SG1,1,42,1.000000,SG1,A2_noPostSNV,rbf_svm,0.444444,0.376158,0.327555
1,Pooled,EMSC,1,42,1.000000,EMSC,A2_noPostSNV,svm,0.755556,0.733330,0.707101
1,Pooled+BandShift,EMSC,1,42,1.000000,EMSC,A2_noPostSNV,svm,0.666667,0.616686,0.600592
1,Pooled,EMSC,1,42,1.000000,EMSC,A2_noPostSNV,rbf_svm,0.666667,0.687269,0.599881
1,Pooled+BandShift,EMSC,1,42,1.000000,EMSC,A2_noPostSNV,rbf_svm,0.666667,0.692269,0.599169
1,Pooled,Detrend,1,42,1.000000,Detrend,A2_noPostSNV,svm,0.733333,0.729960,0.680095
1,Pooled+BandShift,Detrend,1,42,1.000000,Detrend,A2_noPostSNV,svm,0.733333,0.725350,0.680473
1,Pooled,Detrend,1,42,1.000000,Detrend,A2_noPostSNV,rbf_svm,0.688889,0.697884,0.626556
1,Pooled+BandShift,Detrend,1,42,1.000000,Detrend,A2_noPostSNV,rbf_svm,0.600000,0.617595,0.520426
1,Pooled,USP,2,42,2.000000,none,A_postSNV,svm,0.681818,0.685341,0.619518
1,Pooled+BandShift,USP,2,42,2.000000,none,A_postSNV,svm,0.704545,0.692639,0.646040
1,Pooled,USP,2,42,2.000000,none,A_postSNV,rbf_svm,0.568182,0.565657,0.481068
1,Pooled+BandShift,USP,2,42,2.000000,none,A_postSNV,rbf_svm,0.545455,0.544012,0.453755
1,Pooled,SNV,2,42,2.000000,SNV,A2_noPostSNV,svm,0.681818,0.675058,0.618576
1,Pooled+BandShift,SNV,2,42,2.000000,SNV,A2_noPostSNV,svm,0.613636,0.629448,0.537701
1,Pooled,SNV,2,42,2.000000,SNV,A2_noPostSNV,rbf_svm,0.659091,0.637103,0.592089
1,Pooled+BandShift,SNV,2,42,2.000000,SNV,A2_noPostSNV,rbf_svm,0.659091,0.644108,0.592089
1,Pooled,SG1,2,42,2.000000,SG1,A2_noPostSNV,svm,0.750000,0.739560,0.701050
1,Pooled+BandShift,SG1,2,42,2.000000,SG1,A2_noPostSNV,svm,0.250000,0.242126,0.103150
1,Pooled,SG1,2,42,2.000000,SG1,A2_noPostSNV,rbf_svm,0.659091,0.647619,0.592341
1,Pooled+BandShift,SG1,2,42,2.000000,SG1,A2_noPostSNV,rbf_svm,0.295455,0.247262,0.161647
1,Pooled,EMSC,2,42,2.000000,EMSC,A2_noPostSNV,svm,0.704545,0.716901,0.646259
1,Pooled+BandShift,EMSC,2,42,2.000000,EMSC,A2_noPostSNV,svm,0.636364,0.633129,0.564895
1,Pooled,EMSC,2,42,2.000000,EMSC,A2_noPostSNV,rbf_svm,0.613636,0.612192,0.536268
1,Pooled+BandShift,EMSC,2,42,2.000000,EMSC,A2_noPostSNV,rbf_svm,0.568182,0.558123,0.483313
1,Pooled,Detrend,2,42,2.000000,Detrend,A2_noPostSNV,svm,0.704545,0.698335,0.646695
1,Pooled+BandShift,Detrend,2,42,2.000000,Detrend,A2_noPostSNV,svm,0.681818,0.679699,0.619518
1,Pooled,Detrend,2,42,2.000000,Detrend,A2_noPostSNV,rbf_svm,0.681818,0.660937,0.619518
1,Pooled+BandShift,Detrend,2,42,2.000000,Detrend,A2_noPostSNV,rbf_svm,0.659091,0.646845,0.592089
1,Pooled,USP,3,42,3.000000,none,A_postSNV,svm,0.795455,0.785613,0.754190
1,Pooled+BandShift,USP,3,42,3.000000,none,A_postSNV,svm,0.704545,0.692361,0.644500
1,Pooled,USP,3,42,3.000000,none,A_postSNV,rbf_svm,0.590909,0.589055,0.505926
1,Pooled+BandShift,USP,3,42,3.000000,none,A_postSNV,rbf_svm,0.590909,0.588526,0.505926
1,Pooled,SNV,3,42,3.000000,SNV,A2_noPostSNV,svm,0.681818,0.674773,0.617154
1,Pooled+BandShift,SNV,3,42,3.000000,SNV,A2_noPostSNV,svm,0.568182,0.542920,0.479452
1,Pooled,SNV,3,42,3.000000,SNV,A2_noPostSNV,rbf_svm,0.704545,0.693756,0.644720
1,Pooled+BandShift,SNV,3,42,3.000000,SNV,A2_noPostSNV,rbf_svm,0.636364,0.623671,0.563004
1,Pooled,SG1,3,42,3.000000,SG1,A2_noPostSNV,svm,0.727273,0.726834,0.672457
1,Pooled+BandShift,SG1,3,42,3.000000,SG1,A2_noPostSNV,svm,0.431818,0.380379,0.319728
1,Pooled,SG1,3,42,3.000000,SG1,A2_noPostSNV,rbf_svm,0.636364,0.634620,0.562733
1,Pooled+BandShift,SG1,3,42,3.000000,SG1,A2_noPostSNV,rbf_svm,0.431818,0.378574,0.321407
1,Pooled,EMSC,3,42,3.000000,EMSC,A2_noPostSNV,svm,0.681818,0.687775,0.617629
1,Pooled+BandShift,EMSC,3,42,3.000000,EMSC,A2_noPostSNV,svm,0.545455,0.536893,0.455108
1,Pooled,EMSC,3,42,3.000000,EMSC,A2_noPostSNV,rbf_svm,0.613636,0.594912,0.534536
1,Pooled+BandShift,EMSC,3,42,3.000000,EMSC,A2_noPostSNV,rbf_svm,0.545455,0.538034,0.453076
1,Pooled,Detrend,3,42,3.000000,Detrend,A2_noPostSNV,svm,0.795455,0.784987,0.754495
1,Pooled+BandShift,Detrend,3,42,3.000000,Detrend,A2_noPostSNV,svm,0.659091,0.650737,0.589552
1,Pooled,Detrend,3,42,3.000000,Detrend,A2_noPostSNV,rbf_svm,0.659091,0.643849,0.590062
1,Pooled+BandShift,Detrend,3,42,3.000000,Detrend,A2_noPostSNV,rbf_svm,0.636364,0.624140,0.563817
1,Pooled,USP,4,42,4.000000,none,A_postSNV,svm,0.727273,0.746281,0.673469
1,Pooled+BandShift,USP,4,42,4.000000,none,A_postSNV,svm,0.636364,0.660952,0.563546
1,Pooled,USP,4,42,4.000000,none,A_postSNV,rbf_svm,0.500000,0.540361,0.399504
1,Pooled+BandShift,USP,4,42,4.000000,none,A_postSNV,rbf_svm,0.500000,0.547382,0.399131
1,Pooled,SNV,4,42,4.000000,SNV,A2_noPostSNV,svm,0.681818,0.706774,0.619048
1,Pooled+BandShift,SNV,4,42,4.000000,SNV,A2_noPostSNV,svm,0.659091,0.668396,0.588529
1,Pooled,SNV,4,42,4.000000,SNV,A2_noPostSNV,rbf_svm,0.613636,0.618400,0.537986
1,Pooled+BandShift,SNV,4,42,4.000000,SNV,A2_noPostSNV,rbf_svm,0.613636,0.632255,0.537415
1,Pooled,SG1,4,42,4.000000,SG1,A2_noPostSNV,svm,0.636364,0.655894,0.565432
1,Pooled+BandShift,SG1,4,42,4.000000,SG1,A2_noPostSNV,svm,0.500000,0.443672,0.397635
1,Pooled,SG1,4,42,4.000000,SG1,A2_noPostSNV,rbf_svm,0.613636,0.633038,0.537701
1,Pooled+BandShift,SG1,4,42,4.000000,SG1,A2_noPostSNV,rbf_svm,0.363636,0.372494,0.240444
1,Pooled,EMSC,4,42,4.000000,EMSC,A2_noPostSNV,svm,0.636364,0.654112,0.564626
1,Pooled+BandShift,EMSC,4,42,4.000000,EMSC,A2_noPostSNV,svm,0.613636,0.626954,0.537415
1,Pooled,EMSC,4,42,4.000000,EMSC,A2_noPostSNV,rbf_svm,0.522727,0.537419,0.428571
1,Pooled+BandShift,EMSC,4,42,4.000000,EMSC,A2_noPostSNV,rbf_svm,0.568182,0.600638,0.483313
1,Pooled,Detrend,4,42,4.000000,Detrend,A2_noPostSNV,svm,0.636364,0.655733,0.564895
1,Pooled+BandShift,Detrend,4,42,4.000000,Detrend,A2_noPostSNV,svm,0.636364,0.640873,0.562189
1,Pooled,Detrend,4,42,4.000000,Detrend,A2_noPostSNV,rbf_svm,0.568182,0.556218,0.483951
1,Pooled+BandShift,Detrend,4,42,4.000000,Detrend,A2_noPostSNV,rbf_svm,0.545455,0.582362,0.456455
1,Pooled,USP,5,43,0.000000,none,A_postSNV,svm,0.866667,0.870620,0.839572
1,Pooled+BandShift,USP,5,43,0.000000,none,A_postSNV,svm,0.844444,0.840623,0.813056
1,Pooled,USP,5,43,0.000000,none,A_postSNV,rbf_svm,0.733333,0.740079,0.680095
1,Pooled+BandShift,USP,5,43,0.000000,none,A_postSNV,rbf_svm,0.733333,0.739507,0.680095
1,Pooled,SNV,5,43,0.000000,SNV,A2_noPostSNV,svm,0.866667,0.870314,0.839572
1,Pooled+BandShift,SNV,5,43,0.000000,SNV,A2_noPostSNV,svm,0.800000,0.800010,0.759786
1,Pooled,SNV,5,43,0.000000,SNV,A2_noPostSNV,rbf_svm,0.844444,0.846098,0.813167
1,Pooled+BandShift,SNV,5,43,0.000000,SNV,A2_noPostSNV,rbf_svm,0.844444,0.846051,0.813056
1,Pooled,SG1,5,43,0.000000,SG1,A2_noPostSNV,svm,0.822222,0.828041,0.786350
1,Pooled+BandShift,SG1,5,43,0.000000,SG1,A2_noPostSNV,svm,0.355556,0.290847,0.225979
1,Pooled,SG1,5,43,0.000000,SG1,A2_noPostSNV,rbf_svm,0.844444,0.851483,0.813056
1,Pooled+BandShift,SG1,5,43,0.000000,SG1,A2_noPostSNV,rbf_svm,0.377778,0.373677,0.245509
1,Pooled,EMSC,5,43,0.000000,EMSC,A2_noPostSNV,svm,0.888889,0.893838,0.866627
1,Pooled+BandShift,EMSC,5,43,0.000000,EMSC,A2_noPostSNV,svm,0.755556,0.739589,0.705707
1,Pooled,EMSC,5,43,0.000000,EMSC,A2_noPostSNV,rbf_svm,0.800000,0.793951,0.760638
1,Pooled+BandShift,EMSC,5,43,0.000000,EMSC,A2_noPostSNV,rbf_svm,0.800000,0.809753,0.760497
1,Pooled,Detrend,5,43,0.000000,Detrend,A2_noPostSNV,svm,0.822222,0.831875,0.786350
1,Pooled+BandShift,Detrend,5,43,0.000000,Detrend,A2_noPostSNV,svm,0.688889,0.693442,0.626113
1,Pooled,Detrend,5,43,0.000000,Detrend,A2_noPostSNV,rbf_svm,0.844444,0.850794,0.813167
1,Pooled+BandShift,Detrend,5,43,0.000000,Detrend,A2_noPostSNV,rbf_svm,0.777778,0.784061,0.732779
1,Pooled,USP,6,43,1.000000,none,A_postSNV,svm,0.733333,0.736593,0.679335
1,Pooled+BandShift,USP,6,43,1.000000,none,A_postSNV,svm,0.711111,0.713067,0.652819
1,Pooled,USP,6,43,1.000000,none,A_postSNV,rbf_svm,0.555556,0.563761,0.468713
1,Pooled+BandShift,USP,6,43,1.000000,none,A_postSNV,rbf_svm,0.555556,0.563761,0.468713
1,Pooled,SNV,6,43,1.000000,SNV,A2_noPostSNV,svm,0.777778,0.768441,0.732620
1,Pooled+BandShift,SNV,6,43,1.000000,SNV,A2_noPostSNV,svm,0.733333,0.732540,0.680095
1,Pooled,SNV,6,43,1.000000,SNV,A2_noPostSNV,rbf_svm,0.755556,0.754197,0.706057
1,Pooled+BandShift,SNV,6,43,1.000000,SNV,A2_noPostSNV,rbf_svm,0.711111,0.706438,0.652406
1,Pooled,SG1,6,43,1.000000,SG1,A2_noPostSNV,svm,0.866667,0.865259,0.839763
1,Pooled+BandShift,SG1,6,43,1.000000,SG1,A2_noPostSNV,svm,0.511111,0.480808,0.409660
1,Pooled,SG1,6,43,1.000000,SG1,A2_noPostSNV,rbf_svm,0.666667,0.666367,0.600118
1,Pooled+BandShift,SG1,6,43,1.000000,SG1,A2_noPostSNV,rbf_svm,0.377778,0.330283,0.245509
1,Pooled,EMSC,6,43,1.000000,EMSC,A2_noPostSNV,svm,0.733333,0.732240,0.679905
1,Pooled+BandShift,EMSC,6,43,1.000000,EMSC,A2_noPostSNV,svm,0.622222,0.614489,0.546263
1,Pooled,EMSC,6,43,1.000000,EMSC,A2_noPostSNV,rbf_svm,0.600000,0.624670,0.520710
1,Pooled+BandShift,EMSC,6,43,1.000000,EMSC,A2_noPostSNV,rbf_svm,0.577778,0.581713,0.492582
1,Pooled,Detrend,6,43,1.000000,Detrend,A2_noPostSNV,svm,0.777778,0.772753,0.732938
1,Pooled+BandShift,Detrend,6,43,1.000000,Detrend,A2_noPostSNV,svm,0.733333,0.736411,0.680473
1,Pooled,Detrend,6,43,1.000000,Detrend,A2_noPostSNV,rbf_svm,0.688889,0.687429,0.626556
1,Pooled+BandShift,Detrend,6,43,1.000000,Detrend,A2_noPostSNV,rbf_svm,0.644444,0.599662,0.572447
1,Pooled,USP,7,43,2.000000,none,A_postSNV,svm,0.681818,0.701221,0.618812
1,Pooled+BandShift,USP,7,43,2.000000,none,A_postSNV,svm,0.704545,0.704854,0.645601
1,Pooled,USP,7,43,2.000000,none,A_postSNV,rbf_svm,0.477273,0.474270,0.373762
1,Pooled+BandShift,USP,7,43,2.000000,none,A_postSNV,rbf_svm,0.477273,0.469258,0.373375
1,Pooled,SNV,7,43,2.000000,SNV,A2_noPostSNV,svm,0.659091,0.664590,0.591331
1,Pooled+BandShift,SNV,7,43,2.000000,SNV,A2_noPostSNV,svm,0.613636,0.627195,0.537129
1,Pooled,SNV,7,43,2.000000,SNV,A2_noPostSNV,rbf_svm,0.613636,0.612139,0.537701
1,Pooled+BandShift,SNV,7,43,2.000000,SNV,A2_noPostSNV,rbf_svm,0.568182,0.561957,0.482673
1,Pooled,SG1,7,43,2.000000,SG1,A2_noPostSNV,svm,0.681818,0.694872,0.618812
1,Pooled+BandShift,SG1,7,43,2.000000,SG1,A2_noPostSNV,svm,0.318182,0.295455,0.186691
1,Pooled,SG1,7,43,2.000000,SG1,A2_noPostSNV,rbf_svm,0.568182,0.582060,0.482993
1,Pooled+BandShift,SG1,7,43,2.000000,SG1,A2_noPostSNV,rbf_svm,0.340909,0.295613,0.215734
1,Pooled,EMSC,7,43,2.000000,EMSC,A2_noPostSNV,svm,0.636364,0.633316,0.564626
1,Pooled+BandShift,EMSC,7,43,2.000000,EMSC,A2_noPostSNV,svm,0.590909,0.599505,0.509598
1,Pooled,EMSC,7,43,2.000000,EMSC,A2_noPostSNV,rbf_svm,0.590909,0.601192,0.509901
1,Pooled+BandShift,EMSC,7,43,2.000000,EMSC,A2_noPostSNV,rbf_svm,0.568182,0.595930,0.483632
1,Pooled,Detrend,7,43,2.000000,Detrend,A2_noPostSNV,svm,0.659091,0.654332,0.590825
1,Pooled+BandShift,Detrend,7,43,2.000000,Detrend,A2_noPostSNV,svm,0.522727,0.526176,0.426799
1,Pooled,Detrend,7,43,2.000000,Detrend,A2_noPostSNV,rbf_svm,0.522727,0.506401,0.428571
1,Pooled+BandShift,Detrend,7,43,2.000000,Detrend,A2_noPostSNV,rbf_svm,0.431818,0.420047,0.318463
1,Pooled,USP,8,43,3.000000,none,A_postSNV,svm,0.704545,0.698064,0.645601
1,Pooled+BandShift,USP,8,43,3.000000,none,A_postSNV,svm,0.704545,0.707537,0.644720
1,Pooled,USP,8,43,3.000000,none,A_postSNV,rbf_svm,0.681818,0.675495,0.618576
1,Pooled+BandShift,USP,8,43,3.000000,none,A_postSNV,rbf_svm,0.681818,0.675495,0.618576
1,Pooled,SNV,8,43,3.000000,SNV,A2_noPostSNV,svm,0.704545,0.703555,0.645381
1,Pooled+BandShift,SNV,8,43,3.000000,SNV,A2_noPostSNV,svm,0.659091,0.652047,0.588785
1,Pooled,SNV,8,43,3.000000,SNV,A2_noPostSNV,rbf_svm,0.750000,0.749704,0.700310
1,Pooled+BandShift,SNV,8,43,3.000000,SNV,A2_noPostSNV,rbf_svm,0.659091,0.659548,0.590317
1,Pooled,SG1,8,43,3.000000,SG1,A2_noPostSNV,svm,0.681818,0.669547,0.618576
1,Pooled+BandShift,SG1,8,43,3.000000,SG1,A2_noPostSNV,svm,0.477273,0.437518,0.375309
1,Pooled,SG1,8,43,3.000000,SG1,A2_noPostSNV,rbf_svm,0.704545,0.702950,0.646259
1,Pooled+BandShift,SG1,8,43,3.000000,SG1,A2_noPostSNV,rbf_svm,0.454545,0.421267,0.347746
1,Pooled,EMSC,8,43,3.000000,EMSC,A2_noPostSNV,svm,0.704545,0.701023,0.645601
1,Pooled+BandShift,EMSC,8,43,3.000000,EMSC,A2_noPostSNV,svm,0.568182,0.570779,0.483632
1,Pooled,EMSC,8,43,3.000000,EMSC,A2_noPostSNV,rbf_svm,0.659091,0.647727,0.592089
1,Pooled+BandShift,EMSC,8,43,3.000000,EMSC,A2_noPostSNV,rbf_svm,0.590909,0.583616,0.510809
1,Pooled,Detrend,8,43,3.000000,Detrend,A2_noPostSNV,svm,0.704545,0.691528,0.644941
1,Pooled+BandShift,Detrend,8,43,3.000000,Detrend,A2_noPostSNV,svm,0.613636,0.584850,0.537701
1,Pooled,Detrend,8,43,3.000000,Detrend,A2_noPostSNV,rbf_svm,0.704545,0.693190,0.646259
1,Pooled+BandShift,Detrend,8,43,3.000000,Detrend,A2_noPostSNV,rbf_svm,0.545455,0.520191,0.456455
1,Pooled,USP,9,43,4.000000,none,A_postSNV,svm,0.613636,0.632756,0.537129
1,Pooled+BandShift,USP,9,43,4.000000,none,A_postSNV,svm,0.636364,0.639141,0.564626
1,Pooled,USP,9,43,4.000000,none,A_postSNV,rbf_svm,0.545455,0.547250,0.454771
1,Pooled+BandShift,USP,9,43,4.000000,none,A_postSNV,rbf_svm,0.545455,0.547250,0.454771
1,Pooled,SNV,9,43,4.000000,SNV,A2_noPostSNV,svm,0.704545,0.713067,0.646477
1,Pooled+BandShift,SNV,9,43,4.000000,SNV,A2_noPostSNV,svm,0.659091,0.664695,0.591584
1,Pooled,SNV,9,43,4.000000,SNV,A2_noPostSNV,rbf_svm,0.613636,0.618568,0.537986
1,Pooled+BandShift,SNV,9,43,4.000000,SNV,A2_noPostSNV,rbf_svm,0.590909,0.612738,0.510809
1,Pooled,SG1,9,43,4.000000,SG1,A2_noPostSNV,svm,0.681818,0.680728,0.619283
1,Pooled+BandShift,SG1,9,43,4.000000,SG1,A2_noPostSNV,svm,0.409091,0.365608,0.295132
1,Pooled,SG1,9,43,4.000000,SG1,A2_noPostSNV,rbf_svm,0.568182,0.578691,0.483632
1,Pooled+BandShift,SG1,9,43,4.000000,SG1,A2_noPostSNV,rbf_svm,0.409091,0.386027,0.293827
1,Pooled,EMSC,9,43,4.000000,EMSC,A2_noPostSNV,svm,0.636364,0.659811,0.563817
1,Pooled+BandShift,EMSC,9,43,4.000000,EMSC,A2_noPostSNV,svm,0.522727,0.508913,0.430684
1,Pooled,EMSC,9,43,4.000000,EMSC,A2_noPostSNV,rbf_svm,0.636364,0.654167,0.564626
1,Pooled+BandShift,EMSC,9,43,4.000000,EMSC,A2_noPostSNV,rbf_svm,0.590909,0.598960,0.510809
1,Pooled,Detrend,9,43,4.000000,Detrend,A2_noPostSNV,svm,0.727273,0.715385,0.673671
1,Pooled+BandShift,Detrend,9,43,4.000000,Detrend,A2_noPostSNV,svm,0.727273,0.731206,0.672660
1,Pooled,Detrend,9,43,4.000000,Detrend,A2_noPostSNV,rbf_svm,0.590909,0.597045,0.510507
1,Pooled+BandShift,Detrend,9,43,4.000000,Detrend,A2_noPostSNV,rbf_svm,0.590909,0.591814,0.509901
1,Pooled,USP,10,44,0.000000,none,A_postSNV,svm,0.666667,0.666997,0.601064
1,Pooled+BandShift,USP,10,44,0.000000,none,A_postSNV,svm,0.644444,0.651756,0.575722
1,Pooled,USP,10,44,0.000000,none,A_postSNV,rbf_svm,0.600000,0.609359,0.521842
1,Pooled+BandShift,USP,10,44,0.000000,none,A_postSNV,rbf_svm,0.600000,0.609359,0.521842
1,Pooled,SNV,10,44,0.000000,SNV,A2_noPostSNV,svm,0.755556,0.758815,0.706580
1,Pooled+BandShift,SNV,10,44,0.000000,SNV,A2_noPostSNV,svm,0.711111,0.722482,0.654664
1,Pooled,SNV,10,44,0.000000,SNV,A2_noPostSNV,rbf_svm,0.644444,0.653114,0.573207
1,Pooled+BandShift,SNV,10,44,0.000000,SNV,A2_noPostSNV,rbf_svm,0.711111,0.712482,0.652613
1,Pooled,SG1,10,44,0.000000,SG1,A2_noPostSNV,svm,0.755556,0.757528,0.706927
1,Pooled+BandShift,SG1,10,44,0.000000,SG1,A2_noPostSNV,svm,0.444444,0.394872,0.331948
1,Pooled,SG1,10,44,0.000000,SG1,A2_noPostSNV,rbf_svm,0.666667,0.668987,0.600118
1,Pooled+BandShift,SG1,10,44,0.000000,SG1,A2_noPostSNV,rbf_svm,0.444444,0.452938,0.335106
1,Pooled,EMSC,10,44,0.000000,EMSC,A2_noPostSNV,svm,0.666667,0.672673,0.600592
1,Pooled+BandShift,EMSC,10,44,0.000000,EMSC,A2_noPostSNV,svm,0.622222,0.613629,0.547872
1,Pooled,EMSC,10,44,0.000000,EMSC,A2_noPostSNV,rbf_svm,0.577778,0.585854,0.495277
1,Pooled+BandShift,EMSC,10,44,0.000000,EMSC,A2_noPostSNV,rbf_svm,0.622222,0.630994,0.547872
1,Pooled,Detrend,10,44,0.000000,Detrend,A2_noPostSNV,svm,0.711111,0.715507,0.653641
1,Pooled+BandShift,Detrend,10,44,0.000000,Detrend,A2_noPostSNV,svm,0.666667,0.667824,0.600828
1,Pooled,Detrend,10,44,0.000000,Detrend,A2_noPostSNV,rbf_svm,0.644444,0.653424,0.573964
1,Pooled+BandShift,Detrend,10,44,0.000000,Detrend,A2_noPostSNV,rbf_svm,0.688889,0.695208,0.626335
1,Pooled,USP,11,44,1.000000,none,A_postSNV,svm,0.822222,0.815137,0.786223
1,Pooled+BandShift,USP,11,44,1.000000,none,A_postSNV,svm,0.800000,0.791325,0.759644
1,Pooled,USP,11,44,1.000000,none,A_postSNV,rbf_svm,0.622222,0.617484,0.545455
1,Pooled+BandShift,USP,11,44,1.000000,none,A_postSNV,rbf_svm,0.577778,0.558011,0.492280
1,Pooled,SNV,11,44,1.000000,SNV,A2_noPostSNV,svm,0.688889,0.677072,0.625668
1,Pooled+BandShift,SNV,11,44,1.000000,SNV,A2_noPostSNV,svm,0.600000,0.603487,0.520710
1,Pooled,SNV,11,44,1.000000,SNV,A2_noPostSNV,rbf_svm,0.666667,0.648105,0.599644
1,Pooled+BandShift,SNV,11,44,1.000000,SNV,A2_noPostSNV,rbf_svm,0.666667,0.655012,0.598692
1,Pooled,SG1,11,44,1.000000,SG1,A2_noPostSNV,svm,0.822222,0.815954,0.786350
1,Pooled+BandShift,SG1,11,44,1.000000,SG1,A2_noPostSNV,svm,0.377778,0.329090,0.245961
1,Pooled,SG1,11,44,1.000000,SG1,A2_noPostSNV,rbf_svm,0.711111,0.710206,0.653231
1,Pooled+BandShift,SG1,11,44,1.000000,SG1,A2_noPostSNV,rbf_svm,0.422222,0.365812,0.300239
1,Pooled,EMSC,11,44,1.000000,EMSC,A2_noPostSNV,svm,0.711111,0.710784,0.651786
1,Pooled+BandShift,EMSC,11,44,1.000000,EMSC,A2_noPostSNV,svm,0.577778,0.557596,0.491677
1,Pooled,EMSC,11,44,1.000000,EMSC,A2_noPostSNV,rbf_svm,0.577778,0.594872,0.492883
1,Pooled+BandShift,EMSC,11,44,1.000000,EMSC,A2_noPostSNV,rbf_svm,0.533333,0.543434,0.438503
1,Pooled,Detrend,11,44,1.000000,Detrend,A2_noPostSNV,svm,0.777778,0.780130,0.732620
1,Pooled+BandShift,Detrend,11,44,1.000000,Detrend,A2_noPostSNV,svm,0.511111,0.501734,0.414201
1,Pooled,Detrend,11,44,1.000000,Detrend,A2_noPostSNV,rbf_svm,0.688889,0.682096,0.626335
1,Pooled+BandShift,Detrend,11,44,1.000000,Detrend,A2_noPostSNV,rbf_svm,0.600000,0.594630,0.519858
1,Pooled,USP,12,44,2.000000,none,A_postSNV,svm,0.795455,0.793238,0.754950
1,Pooled+BandShift,USP,12,44,2.000000,none,A_postSNV,svm,0.750000,0.742539,0.699752
1,Pooled,USP,12,44,2.000000,none,A_postSNV,rbf_svm,0.681818,0.666522,0.618103
1,Pooled+BandShift,USP,12,44,2.000000,none,A_postSNV,rbf_svm,0.659091,0.637734,0.590825
1,Pooled,SNV,12,44,2.000000,SNV,A2_noPostSNV,svm,0.704545,0.691905,0.645601
1,Pooled+BandShift,SNV,12,44,2.000000,SNV,A2_noPostSNV,svm,0.613636,0.626041,0.537701
1,Pooled,SNV,12,44,2.000000,SNV,A2_noPostSNV,rbf_svm,0.681818,0.671892,0.619283
1,Pooled+BandShift,SNV,12,44,2.000000,SNV,A2_noPostSNV,rbf_svm,0.659091,0.625711,0.591837
1,Pooled,SG1,12,44,2.000000,SG1,A2_noPostSNV,svm,0.704545,0.694770,0.646040
1,Pooled+BandShift,SG1,12,44,2.000000,SG1,A2_noPostSNV,svm,0.431818,0.417590,0.322660
1,Pooled,SG1,12,44,2.000000,SG1,A2_noPostSNV,rbf_svm,0.750000,0.729127,0.700680
1,Pooled+BandShift,SG1,12,44,2.000000,SG1,A2_noPostSNV,rbf_svm,0.363636,0.322650,0.242312
1,Pooled,EMSC,12,44,2.000000,EMSC,A2_noPostSNV,svm,0.659091,0.662800,0.591331
1,Pooled+BandShift,EMSC,12,44,2.000000,EMSC,A2_noPostSNV,svm,0.522727,0.515736,0.427509
1,Pooled,EMSC,12,44,2.000000,EMSC,A2_noPostSNV,rbf_svm,0.681818,0.687780,0.619518
1,Pooled+BandShift,EMSC,12,44,2.000000,EMSC,A2_noPostSNV,rbf_svm,0.613636,0.616755,0.537701
1,Pooled,Detrend,12,44,2.000000,Detrend,A2_noPostSNV,svm,0.681818,0.674293,0.619518
1,Pooled+BandShift,Detrend,12,44,2.000000,Detrend,A2_noPostSNV,svm,0.636364,0.620149,0.563817
1,Pooled,Detrend,12,44,2.000000,Detrend,A2_noPostSNV,rbf_svm,0.681818,0.663390,0.619048
1,Pooled+BandShift,Detrend,12,44,2.000000,Detrend,A2_noPostSNV,rbf_svm,0.659091,0.638027,0.592089
1,Pooled,USP,13,44,3.000000,none,A_postSNV,svm,0.704545,0.709127,0.646477
1,Pooled+BandShift,USP,13,44,3.000000,none,A_postSNV,svm,0.750000,0.762116,0.700310
1,Pooled,USP,13,44,3.000000,none,A_postSNV,rbf_svm,0.681818,0.682966,0.618812
1,Pooled+BandShift,USP,13,44,3.000000,none,A_postSNV,rbf_svm,0.636364,0.645084,0.563817
1,Pooled,SNV,13,44,3.000000,SNV,A2_noPostSNV,svm,0.772727,0.780586,0.727723
1,Pooled+BandShift,SNV,13,44,3.000000,SNV,A2_noPostSNV,svm,0.772727,0.788462,0.726198
1,Pooled,SNV,13,44,3.000000,SNV,A2_noPostSNV,rbf_svm,0.750000,0.762529,0.700865
1,Pooled+BandShift,SNV,13,44,3.000000,SNV,A2_noPostSNV,rbf_svm,0.704545,0.720815,0.646477
1,Pooled,SG1,13,44,3.000000,SG1,A2_noPostSNV,svm,0.750000,0.763380,0.700495
1,Pooled+BandShift,SG1,13,44,3.000000,SG1,A2_noPostSNV,svm,0.500000,0.486034,0.401361
1,Pooled,SG1,13,44,3.000000,SG1,A2_noPostSNV,rbf_svm,0.727273,0.743742,0.673671
1,Pooled+BandShift,SG1,13,44,3.000000,SG1,A2_noPostSNV,rbf_svm,0.318182,0.328367,0.186190
1,Pooled,EMSC,13,44,3.000000,EMSC,A2_noPostSNV,svm,0.681818,0.691748,0.619048
1,Pooled+BandShift,EMSC,13,44,3.000000,EMSC,A2_noPostSNV,svm,0.568182,0.579286,0.481390
1,Pooled,EMSC,13,44,3.000000,EMSC,A2_noPostSNV,rbf_svm,0.659091,0.679759,0.592341
1,Pooled+BandShift,EMSC,13,44,3.000000,EMSC,A2_noPostSNV,rbf_svm,0.568182,0.592929,0.483951
1,Pooled,Detrend,13,44,3.000000,Detrend,A2_noPostSNV,svm,0.818182,0.830416,0.782043
1,Pooled+BandShift,Detrend,13,44,3.000000,Detrend,A2_noPostSNV,svm,0.750000,0.770571,0.699192
1,Pooled,Detrend,13,44,3.000000,Detrend,A2_noPostSNV,rbf_svm,0.750000,0.763112,0.701050
1,Pooled+BandShift,Detrend,13,44,3.000000,Detrend,A2_noPostSNV,rbf_svm,0.727273,0.742719,0.673671
1,Pooled,USP,14,44,4.000000,none,A_postSNV,svm,0.659091,0.675824,0.591584
1,Pooled+BandShift,USP,14,44,4.000000,none,A_postSNV,svm,0.681818,0.689971,0.616915
1,Pooled,USP,14,44,4.000000,none,A_postSNV,rbf_svm,0.477273,0.487757,0.371429
1,Pooled+BandShift,USP,14,44,4.000000,none,A_postSNV,rbf_svm,0.500000,0.513912,0.398758
1,Pooled,SNV,14,44,4.000000,SNV,A2_noPostSNV,svm,0.681818,0.652778,0.617154
1,Pooled+BandShift,SNV,14,44,4.000000,SNV,A2_noPostSNV,svm,0.613636,0.628836,0.534826
1,Pooled,SNV,14,44,4.000000,SNV,A2_noPostSNV,rbf_svm,0.636364,0.635697,0.560549
1,Pooled+BandShift,SNV,14,44,4.000000,SNV,A2_noPostSNV,rbf_svm,0.590909,0.589384,0.505926
1,Pooled,SG1,14,44,4.000000,SG1,A2_noPostSNV,svm,0.636364,0.637986,0.564087
1,Pooled+BandShift,SG1,14,44,4.000000,SG1,A2_noPostSNV,svm,0.340909,0.325766,0.211372
1,Pooled,SG1,14,44,4.000000,SG1,A2_noPostSNV,rbf_svm,0.568182,0.579609,0.480745
1,Pooled+BandShift,SG1,14,44,4.000000,SG1,A2_noPostSNV,rbf_svm,0.431818,0.451017,0.320988
1,Pooled,EMSC,14,44,4.000000,EMSC,A2_noPostSNV,svm,0.795455,0.809231,0.753425
1,Pooled+BandShift,EMSC,14,44,4.000000,EMSC,A2_noPostSNV,svm,0.659091,0.671949,0.590317
1,Pooled,EMSC,14,44,4.000000,EMSC,A2_noPostSNV,rbf_svm,0.545455,0.578473,0.451372
1,Pooled+BandShift,EMSC,14,44,4.000000,EMSC,A2_noPostSNV,rbf_svm,0.477273,0.494675,0.374150
1,Pooled,Detrend,14,44,4.000000,Detrend,A2_noPostSNV,svm,0.681818,0.687088,0.618576
1,Pooled+BandShift,Detrend,14,44,4.000000,Detrend,A2_noPostSNV,svm,0.613636,0.625253,0.534247
1,Pooled,Detrend,14,44,4.000000,Detrend,A2_noPostSNV,rbf_svm,0.522727,0.526821,0.426443
1,Pooled+BandShift,Detrend,14,44,4.000000,Detrend,A2_noPostSNV,rbf_svm,0.522727,0.534046,0.428218
1,Pooled,USP,15,45,0.000000,none,A_postSNV,svm,0.755556,0.738899,0.705532
1,Pooled+BandShift,USP,15,45,0.000000,none,A_postSNV,svm,0.733333,0.728042,0.679905
1,Pooled,USP,15,45,0.000000,none,A_postSNV,rbf_svm,0.622222,0.638066,0.546263
1,Pooled+BandShift,USP,15,45,0.000000,none,A_postSNV,rbf_svm,0.600000,0.622623,0.520426
1,Pooled,SNV,15,45,0.000000,SNV,A2_noPostSNV,svm,0.800000,0.812115,0.760213
1,Pooled+BandShift,SNV,15,45,0.000000,SNV,A2_noPostSNV,svm,0.688889,0.701237,0.626998
1,Pooled,SNV,15,45,0.000000,SNV,A2_noPostSNV,rbf_svm,0.666667,0.682209,0.600118
1,Pooled+BandShift,SNV,15,45,0.000000,SNV,A2_noPostSNV,rbf_svm,0.688889,0.708522,0.626335
1,Pooled,SG1,15,45,0.000000,SG1,A2_noPostSNV,svm,0.733333,0.731397,0.679525
1,Pooled+BandShift,SG1,15,45,0.000000,SG1,A2_noPostSNV,svm,0.400000,0.327160,0.278504
1,Pooled,SG1,15,45,0.000000,SG1,A2_noPostSNV,rbf_svm,0.755556,0.768653,0.706406
1,Pooled+BandShift,SG1,15,45,0.000000,SG1,A2_noPostSNV,rbf_svm,0.311111,0.277273,0.165171
1,Pooled,EMSC,15,45,0.000000,EMSC,A2_noPostSNV,svm,0.711111,0.720800,0.654051
1,Pooled+BandShift,EMSC,15,45,0.000000,EMSC,A2_noPostSNV,svm,0.755556,0.771490,0.707447
1,Pooled,EMSC,15,45,0.000000,EMSC,A2_noPostSNV,rbf_svm,0.688889,0.713751,0.626998
1,Pooled+BandShift,EMSC,15,45,0.000000,EMSC,A2_noPostSNV,rbf_svm,0.666667,0.684071,0.599881
1,Pooled,Detrend,15,45,0.000000,Detrend,A2_noPostSNV,svm,0.688889,0.693715,0.625891
1,Pooled+BandShift,Detrend,15,45,0.000000,Detrend,A2_noPostSNV,svm,0.666667,0.672277,0.598930
1,Pooled,Detrend,15,45,0.000000,Detrend,A2_noPostSNV,rbf_svm,0.733333,0.745369,0.679525
1,Pooled+BandShift,Detrend,15,45,0.000000,Detrend,A2_noPostSNV,rbf_svm,0.622222,0.635799,0.545724
1,Pooled,USP,16,45,1.000000,none,A_postSNV,svm,0.711111,0.715369,0.652406
1,Pooled+BandShift,USP,16,45,1.000000,none,A_postSNV,svm,0.688889,0.680342,0.627219
1,Pooled,USP,16,45,1.000000,none,A_postSNV,rbf_svm,0.600000,0.601559,0.519858
1,Pooled+BandShift,USP,16,45,1.000000,none,A_postSNV,rbf_svm,0.577778,0.580423,0.493783
1,Pooled,SNV,16,45,1.000000,SNV,A2_noPostSNV,svm,0.577778,0.575603,0.493783
1,Pooled+BandShift,SNV,16,45,1.000000,SNV,A2_noPostSNV,svm,0.577778,0.587561,0.495873
1,Pooled,SNV,16,45,1.000000,SNV,A2_noPostSNV,rbf_svm,0.711111,0.711751,0.652613
1,Pooled+BandShift,SNV,16,45,1.000000,SNV,A2_noPostSNV,rbf_svm,0.688889,0.700647,0.626335
1,Pooled,SG1,16,45,1.000000,SG1,A2_noPostSNV,svm,0.600000,0.588276,0.520426
1,Pooled+BandShift,SG1,16,45,1.000000,SG1,A2_noPostSNV,svm,0.333333,0.322399,0.196907
1,Pooled,SG1,16,45,1.000000,SG1,A2_noPostSNV,rbf_svm,0.644444,0.656532,0.572700
1,Pooled+BandShift,SG1,16,45,1.000000,SG1,A2_noPostSNV,rbf_svm,0.333333,0.258163,0.195950
1,Pooled,EMSC,16,45,1.000000,EMSC,A2_noPostSNV,svm,0.644444,0.652615,0.572700
1,Pooled+BandShift,EMSC,16,45,1.000000,EMSC,A2_noPostSNV,svm,0.600000,0.587590,0.518717
1,Pooled,EMSC,16,45,1.000000,EMSC,A2_noPostSNV,rbf_svm,0.666667,0.670885,0.599881
1,Pooled+BandShift,EMSC,16,45,1.000000,EMSC,A2_noPostSNV,rbf_svm,0.622222,0.617364,0.546263
1,Pooled,Detrend,16,45,1.000000,Detrend,A2_noPostSNV,svm,0.644444,0.630952,0.573964
1,Pooled+BandShift,Detrend,16,45,1.000000,Detrend,A2_noPostSNV,svm,0.466667,0.438269,0.363958
1,Pooled,Detrend,16,45,1.000000,Detrend,A2_noPostSNV,rbf_svm,0.666667,0.665344,0.599407
1,Pooled+BandShift,Detrend,16,45,1.000000,Detrend,A2_noPostSNV,rbf_svm,0.577778,0.562081,0.494382
1,Pooled,USP,17,45,2.000000,none,A_postSNV,svm,0.681818,0.690587,0.619048
1,Pooled+BandShift,USP,17,45,2.000000,none,A_postSNV,svm,0.750000,0.750420,0.700310
1,Pooled,USP,17,45,2.000000,none,A_postSNV,rbf_svm,0.568182,0.572650,0.482993
1,Pooled+BandShift,USP,17,45,2.000000,none,A_postSNV,rbf_svm,0.568182,0.571429,0.483313
1,Pooled,SNV,17,45,2.000000,SNV,A2_noPostSNV,svm,0.727273,0.723336,0.672660
1,Pooled+BandShift,SNV,17,45,2.000000,SNV,A2_noPostSNV,svm,0.727273,0.713386,0.672862
1,Pooled,SNV,17,45,2.000000,SNV,A2_noPostSNV,rbf_svm,0.613636,0.638672,0.537415
1,Pooled+BandShift,SNV,17,45,2.000000,SNV,A2_noPostSNV,rbf_svm,0.613636,0.628462,0.537986
1,Pooled,SG1,17,45,2.000000,SG1,A2_noPostSNV,svm,0.750000,0.749254,0.699565
1,Pooled+BandShift,SG1,17,45,2.000000,SG1,A2_noPostSNV,svm,0.386364,0.333426,0.257964
1,Pooled,SG1,17,45,2.000000,SG1,A2_noPostSNV,rbf_svm,0.681818,0.691090,0.619048
1,Pooled+BandShift,SG1,17,45,2.000000,SG1,A2_noPostSNV,rbf_svm,0.454545,0.449174,0.342875
1,Pooled,EMSC,17,45,2.000000,EMSC,A2_noPostSNV,svm,0.727273,0.716667,0.671846
1,Pooled+BandShift,EMSC,17,45,2.000000,EMSC,A2_noPostSNV,svm,0.659091,0.640049,0.590571
1,Pooled,EMSC,17,45,2.000000,EMSC,A2_noPostSNV,rbf_svm,0.636364,0.658527,0.564626
1,Pooled+BandShift,EMSC,17,45,2.000000,EMSC,A2_noPostSNV,rbf_svm,0.590909,0.601543,0.511111
1,Pooled,Detrend,17,45,2.000000,Detrend,A2_noPostSNV,svm,0.727273,0.727203,0.672457
1,Pooled+BandShift,Detrend,17,45,2.000000,Detrend,A2_noPostSNV,svm,0.704545,0.707908,0.645601
1,Pooled,Detrend,17,45,2.000000,Detrend,A2_noPostSNV,rbf_svm,0.568182,0.581065,0.482673
1,Pooled+BandShift,Detrend,17,45,2.000000,Detrend,A2_noPostSNV,rbf_svm,0.568182,0.572650,0.482993
1,Pooled,USP,18,45,3.000000,none,A_postSNV,svm,0.772727,0.782270,0.726027
1,Pooled+BandShift,USP,18,45,3.000000,none,A_postSNV,svm,0.772727,0.780196,0.725343
1,Pooled,USP,18,45,3.000000,none,A_postSNV,rbf_svm,0.613636,0.625752,0.535115
1,Pooled+BandShift,USP,18,45,3.000000,none,A_postSNV,rbf_svm,0.613636,0.622145,0.535115
1,Pooled,SNV,18,45,3.000000,SNV,A2_noPostSNV,svm,0.681818,0.696016,0.617629
1,Pooled+BandShift,SNV,18,45,3.000000,SNV,A2_noPostSNV,svm,0.681818,0.682478,0.615240
1,Pooled,SNV,18,45,3.000000,SNV,A2_noPostSNV,rbf_svm,0.659091,0.687085,0.591078
1,Pooled+BandShift,SNV,18,45,3.000000,SNV,A2_noPostSNV,rbf_svm,0.659091,0.681926,0.591078
1,Pooled,SG1,18,45,3.000000,SG1,A2_noPostSNV,svm,0.750000,0.748756,0.699379
1,Pooled+BandShift,SG1,18,45,3.000000,SG1,A2_noPostSNV,svm,0.431818,0.404570,0.321825
1,Pooled,SG1,18,45,3.000000,SG1,A2_noPostSNV,rbf_svm,0.659091,0.670303,0.590062
1,Pooled+BandShift,SG1,18,45,3.000000,SG1,A2_noPostSNV,rbf_svm,0.431818,0.392383,0.320148
1,Pooled,EMSC,18,45,3.000000,EMSC,A2_noPostSNV,svm,0.704545,0.692228,0.643836
1,Pooled+BandShift,EMSC,18,45,3.000000,EMSC,A2_noPostSNV,svm,0.681818,0.679889,0.616677
1,Pooled,EMSC,18,45,3.000000,EMSC,A2_noPostSNV,rbf_svm,0.590909,0.616023,0.506542
1,Pooled+BandShift,EMSC,18,45,3.000000,EMSC,A2_noPostSNV,rbf_svm,0.613636,0.632133,0.533666
1,Pooled,Detrend,18,45,3.000000,Detrend,A2_noPostSNV,svm,0.750000,0.751166,0.699192
1,Pooled+BandShift,Detrend,18,45,3.000000,Detrend,A2_noPostSNV,svm,0.750000,0.759830,0.698630
1,Pooled,Detrend,18,45,3.000000,Detrend,A2_noPostSNV,rbf_svm,0.704545,0.711517,0.644941
1,Pooled+BandShift,Detrend,18,45,3.000000,Detrend,A2_noPostSNV,rbf_svm,0.659091,0.672992,0.589552
1,Pooled,USP,19,45,4.000000,none,A_postSNV,svm,0.659091,0.656902,0.591837
1,Pooled+BandShift,USP,19,45,4.000000,none,A_postSNV,svm,0.704545,0.685146,0.646040
1,Pooled,USP,19,45,4.000000,none,A_postSNV,rbf_svm,0.613636,0.616082,0.536268
1,Pooled+BandShift,USP,19,45,4.000000,none,A_postSNV,rbf_svm,0.613636,0.616082,0.536268
1,Pooled,SNV,19,45,4.000000,SNV,A2_noPostSNV,svm,0.727273,0.725533,0.673469
1,Pooled+BandShift,SNV,19,45,4.000000,SNV,A2_noPostSNV,svm,0.613636,0.627933,0.535115
1,Pooled,SNV,19,45,4.000000,SNV,A2_noPostSNV,rbf_svm,0.681818,0.691713,0.618576
1,Pooled+BandShift,SNV,19,45,4.000000,SNV,A2_noPostSNV,rbf_svm,0.636364,0.654640,0.564626
1,Pooled,SG1,19,45,4.000000,SG1,A2_noPostSNV,svm,0.727273,0.725541,0.673065
1,Pooled+BandShift,SG1,19,45,4.000000,SG1,A2_noPostSNV,svm,0.363636,0.333761,0.239975
1,Pooled,SG1,19,45,4.000000,SG1,A2_noPostSNV,rbf_svm,0.613636,0.640160,0.536842
1,Pooled+BandShift,SG1,19,45,4.000000,SG1,A2_noPostSNV,rbf_svm,0.363636,0.333005,0.241379
1,Pooled,EMSC,19,45,4.000000,EMSC,A2_noPostSNV,svm,0.659091,0.657279,0.590062
1,Pooled+BandShift,EMSC,19,45,4.000000,EMSC,A2_noPostSNV,svm,0.659091,0.664911,0.589807
1,Pooled,EMSC,19,45,4.000000,EMSC,A2_noPostSNV,rbf_svm,0.590909,0.606363,0.508685
1,Pooled+BandShift,EMSC,19,45,4.000000,EMSC,A2_noPostSNV,rbf_svm,0.431818,0.447443,0.318463
1,Pooled,Detrend,19,45,4.000000,Detrend,A2_noPostSNV,svm,0.795455,0.795007,0.754950
1,Pooled+BandShift,Detrend,19,45,4.000000,Detrend,A2_noPostSNV,svm,0.590909,0.587344,0.508075
1,Pooled,Detrend,19,45,4.000000,Detrend,A2_noPostSNV,rbf_svm,0.613636,0.626260,0.536842
1,Pooled+BandShift,Detrend,19,45,4.000000,Detrend,A2_noPostSNV,rbf_svm,0.522727,0.543710,0.428218
1,Pooled,USP,20,46,0.000000,none,A_postSNV,svm,0.666667,0.673619,0.600355
1,Pooled+BandShift,USP,20,46,0.000000,none,A_postSNV,svm,0.711111,0.720028,0.653436
1,Pooled,USP,20,46,0.000000,none,A_postSNV,rbf_svm,0.511111,0.537205,0.412811
1,Pooled+BandShift,USP,20,46,0.000000,none,A_postSNV,rbf_svm,0.511111,0.537205,0.412811
1,Pooled,SNV,20,46,0.000000,SNV,A2_noPostSNV,svm,0.711111,0.718038,0.652613
1,Pooled+BandShift,SNV,20,46,0.000000,SNV,A2_noPostSNV,svm,0.622222,0.636511,0.547605
1,Pooled,SNV,20,46,0.000000,SNV,A2_noPostSNV,rbf_svm,0.577778,0.596248,0.491374
1,Pooled+BandShift,SNV,20,46,0.000000,SNV,A2_noPostSNV,rbf_svm,0.577778,0.589083,0.491071
1,Pooled,SG1,20,46,0.000000,SG1,A2_noPostSNV,svm,0.755556,0.773352,0.706057
1,Pooled+BandShift,SG1,20,46,0.000000,SG1,A2_noPostSNV,svm,0.466667,0.460330,0.355609
1,Pooled,SG1,20,46,0.000000,SG1,A2_noPostSNV,rbf_svm,0.622222,0.639316,0.545724
1,Pooled+BandShift,SG1,20,46,0.000000,SG1,A2_noPostSNV,rbf_svm,0.355556,0.333333,0.219498
1,Pooled,EMSC,20,46,0.000000,EMSC,A2_noPostSNV,svm,0.622222,0.643162,0.545724
1,Pooled+BandShift,EMSC,20,46,0.000000,EMSC,A2_noPostSNV,svm,0.622222,0.637361,0.544914
1,Pooled,EMSC,20,46,0.000000,EMSC,A2_noPostSNV,rbf_svm,0.555556,0.558412,0.465241
1,Pooled+BandShift,EMSC,20,46,0.000000,EMSC,A2_noPostSNV,rbf_svm,0.444444,0.450310,0.328358
1,Pooled,Detrend,20,46,0.000000,Detrend,A2_noPostSNV,svm,0.755556,0.767338,0.706057
1,Pooled+BandShift,Detrend,20,46,0.000000,Detrend,A2_noPostSNV,svm,0.644444,0.652140,0.574216
1,Pooled,Detrend,20,46,0.000000,Detrend,A2_noPostSNV,rbf_svm,0.622222,0.639499,0.545994
1,Pooled+BandShift,Detrend,20,46,0.000000,Detrend,A2_noPostSNV,rbf_svm,0.600000,0.593722,0.518717
1,Pooled,USP,21,46,1.000000,none,A_postSNV,svm,0.577778,0.561896,0.494979
1,Pooled+BandShift,USP,21,46,1.000000,none,A_postSNV,svm,0.511111,0.502218,0.416274
1,Pooled,USP,21,46,1.000000,none,A_postSNV,rbf_svm,0.488889,0.465861,0.389741
1,Pooled+BandShift,USP,21,46,1.000000,none,A_postSNV,rbf_svm,0.466667,0.450528,0.363583
1,Pooled,SNV,21,46,1.000000,SNV,A2_noPostSNV,svm,0.555556,0.549038,0.467456
1,Pooled+BandShift,SNV,21,46,1.000000,SNV,A2_noPostSNV,svm,0.555556,0.557144,0.468399
1,Pooled,SNV,21,46,1.000000,SNV,A2_noPostSNV,rbf_svm,0.644444,0.642496,0.574468
1,Pooled+BandShift,SNV,21,46,1.000000,SNV,A2_noPostSNV,rbf_svm,0.577778,0.560847,0.495575
1,Pooled,SG1,21,46,1.000000,SG1,A2_noPostSNV,svm,0.666667,0.681422,0.600118
1,Pooled+BandShift,SG1,21,46,1.000000,SG1,A2_noPostSNV,svm,0.333333,0.263988,0.195471
1,Pooled,SG1,21,46,1.000000,SG1,A2_noPostSNV,rbf_svm,0.644444,0.640533,0.574719
1,Pooled+BandShift,SG1,21,46,1.000000,SG1,A2_noPostSNV,rbf_svm,0.400000,0.382365,0.277646
1,Pooled,EMSC,21,46,1.000000,EMSC,A2_noPostSNV,svm,0.622222,0.586497,0.547605
1,Pooled+BandShift,EMSC,21,46,1.000000,EMSC,A2_noPostSNV,svm,0.577778,0.558288,0.494681
1,Pooled,EMSC,21,46,1.000000,EMSC,A2_noPostSNV,rbf_svm,0.666667,0.674230,0.601064
1,Pooled+BandShift,EMSC,21,46,1.000000,EMSC,A2_noPostSNV,rbf_svm,0.577778,0.561111,0.494681
1,Pooled,Detrend,21,46,1.000000,Detrend,A2_noPostSNV,svm,0.688889,0.694865,0.626998
1,Pooled+BandShift,Detrend,21,46,1.000000,Detrend,A2_noPostSNV,svm,0.577778,0.565827,0.494681
1,Pooled,Detrend,21,46,1.000000,Detrend,A2_noPostSNV,rbf_svm,0.666667,0.667178,0.600355
1,Pooled+BandShift,Detrend,21,46,1.000000,Detrend,A2_noPostSNV,rbf_svm,0.600000,0.583728,0.522406
1,Pooled,USP,22,46,2.000000,none,A_postSNV,svm,0.931818,0.929772,0.918012
1,Pooled+BandShift,USP,22,46,2.000000,none,A_postSNV,svm,0.909091,0.908939,0.890751
1,Pooled,USP,22,46,2.000000,none,A_postSNV,rbf_svm,0.727273,0.720372,0.672457
1,Pooled+BandShift,USP,22,46,2.000000,none,A_postSNV,rbf_svm,0.727273,0.720372,0.672457
1,Pooled,SNV,22,46,2.000000,SNV,A2_noPostSNV,svm,0.909091,0.906542,0.890819
1,Pooled+BandShift,SNV,22,46,2.000000,SNV,A2_noPostSNV,svm,0.840909,0.834459,0.809170
1,Pooled,SNV,22,46,2.000000,SNV,A2_noPostSNV,rbf_svm,0.909091,0.906944,0.890887
1,Pooled+BandShift,SNV,22,46,2.000000,SNV,A2_noPostSNV,rbf_svm,0.863636,0.860243,0.836330
1,Pooled,SG1,22,46,2.000000,SG1,A2_noPostSNV,svm,0.931818,0.928764,0.918063
1,Pooled+BandShift,SG1,22,46,2.000000,SG1,A2_noPostSNV,svm,0.409091,0.400433,0.295567
1,Pooled,SG1,22,46,2.000000,SG1,A2_noPostSNV,rbf_svm,0.931818,0.927376,0.918063
1,Pooled+BandShift,SG1,22,46,2.000000,SG1,A2_noPostSNV,rbf_svm,0.340909,0.284366,0.215734
1,Pooled,EMSC,22,46,2.000000,EMSC,A2_noPostSNV,svm,0.954545,0.953526,0.945409
1,Pooled+BandShift,EMSC,22,46,2.000000,EMSC,A2_noPostSNV,svm,0.863636,0.862683,0.836228
1,Pooled,EMSC,22,46,2.000000,EMSC,A2_noPostSNV,rbf_svm,0.795455,0.795541,0.754495
1,Pooled+BandShift,EMSC,22,46,2.000000,EMSC,A2_noPostSNV,rbf_svm,0.750000,0.762994,0.700124
1,Pooled,Detrend,22,46,2.000000,Detrend,A2_noPostSNV,svm,0.931818,0.931303,0.918165
1,Pooled+BandShift,Detrend,22,46,2.000000,Detrend,A2_noPostSNV,svm,0.863636,0.863247,0.836330
1,Pooled,Detrend,22,46,2.000000,Detrend,A2_noPostSNV,rbf_svm,0.886364,0.883007,0.863524
1,Pooled+BandShift,Detrend,22,46,2.000000,Detrend,A2_noPostSNV,rbf_svm,0.795455,0.785495,0.754647
1,Pooled,USP,23,46,3.000000,none,A_postSNV,svm,0.772727,0.785868,0.727385
1,Pooled+BandShift,USP,23,46,3.000000,none,A_postSNV,svm,0.772727,0.779489,0.727216
1,Pooled,USP,23,46,3.000000,none,A_postSNV,rbf_svm,0.636364,0.629689,0.564087
1,Pooled+BandShift,USP,23,46,3.000000,none,A_postSNV,rbf_svm,0.636364,0.629689,0.564087
1,Pooled,SNV,23,46,3.000000,SNV,A2_noPostSNV,svm,0.613636,0.631896,0.534826
1,Pooled+BandShift,SNV,23,46,3.000000,SNV,A2_noPostSNV,svm,0.590909,0.594267,0.506849
1,Pooled,SNV,23,46,3.000000,SNV,A2_noPostSNV,rbf_svm,0.636364,0.662880,0.564356
1,Pooled+BandShift,SNV,23,46,3.000000,SNV,A2_noPostSNV,rbf_svm,0.590909,0.600260,0.510507
1,Pooled,SG1,23,46,3.000000,SG1,A2_noPostSNV,svm,0.681818,0.674196,0.618340
1,Pooled+BandShift,SG1,23,46,3.000000,SG1,A2_noPostSNV,svm,0.386364,0.355051,0.268473
1,Pooled,SG1,23,46,3.000000,SG1,A2_noPostSNV,rbf_svm,0.568182,0.589189,0.482993
1,Pooled+BandShift,SG1,23,46,3.000000,SG1,A2_noPostSNV,rbf_svm,0.409091,0.392593,0.294698
1,Pooled,EMSC,23,46,3.000000,EMSC,A2_noPostSNV,svm,0.727273,0.726288,0.671437
1,Pooled+BandShift,EMSC,23,46,3.000000,EMSC,A2_noPostSNV,svm,0.613636,0.596465,0.534247
1,Pooled,EMSC,23,46,3.000000,EMSC,A2_noPostSNV,rbf_svm,0.590909,0.606840,0.510204
1,Pooled+BandShift,EMSC,23,46,3.000000,EMSC,A2_noPostSNV,rbf_svm,0.522727,0.502428,0.426799
1,Pooled,Detrend,23,46,3.000000,Detrend,A2_noPostSNV,svm,0.681818,0.686948,0.619048
1,Pooled+BandShift,Detrend,23,46,3.000000,Detrend,A2_noPostSNV,svm,0.568182,0.566799,0.481711
1,Pooled,Detrend,23,46,3.000000,Detrend,A2_noPostSNV,rbf_svm,0.590909,0.608570,0.510204
1,Pooled+BandShift,Detrend,23,46,3.000000,Detrend,A2_noPostSNV,rbf_svm,0.568182,0.560757,0.481390
1,Pooled,USP,24,46,4.000000,none,A_postSNV,svm,0.772727,0.763219,0.726708
1,Pooled+BandShift,USP,24,46,4.000000,none,A_postSNV,svm,0.659091,0.659715,0.589041
1,Pooled,USP,24,46,4.000000,none,A_postSNV,rbf_svm,0.545455,0.524242,0.452736
1,Pooled+BandShift,USP,24,46,4.000000,none,A_postSNV,rbf_svm,0.545455,0.524242,0.452736
1,Pooled,SNV,24,46,4.000000,SNV,A2_noPostSNV,svm,0.750000,0.756328,0.698254
1,Pooled+BandShift,SNV,24,46,4.000000,SNV,A2_noPostSNV,svm,0.659091,0.659269,0.587500
1,Pooled,SNV,24,46,4.000000,SNV,A2_noPostSNV,rbf_svm,0.704545,0.724988,0.642723
1,Pooled+BandShift,SNV,24,46,4.000000,SNV,A2_noPostSNV,rbf_svm,0.681818,0.682626,0.615481
1,Pooled,SG1,24,46,4.000000,SG1,A2_noPostSNV,svm,0.818182,0.814731,0.781502
1,Pooled+BandShift,SG1,24,46,4.000000,SG1,A2_noPostSNV,svm,0.340909,0.330196,0.212832
1,Pooled,SG1,24,46,4.000000,SG1,A2_noPostSNV,rbf_svm,0.636364,0.633069,0.560275
1,Pooled+BandShift,SG1,24,46,4.000000,SG1,A2_noPostSNV,rbf_svm,0.454545,0.438063,0.348148
1,Pooled,EMSC,24,46,4.000000,EMSC,A2_noPostSNV,svm,0.681818,0.675236,0.615960
1,Pooled+BandShift,EMSC,24,46,4.000000,EMSC,A2_noPostSNV,svm,0.568182,0.571609,0.479452
1,Pooled,EMSC,24,46,4.000000,EMSC,A2_noPostSNV,rbf_svm,0.636364,0.644587,0.560549
1,Pooled+BandShift,EMSC,24,46,4.000000,EMSC,A2_noPostSNV,rbf_svm,0.590909,0.617997,0.505926
1,Pooled,Detrend,24,46,4.000000,Detrend,A2_noPostSNV,svm,0.727273,0.729735,0.671437
1,Pooled+BandShift,Detrend,24,46,4.000000,Detrend,A2_noPostSNV,svm,0.590909,0.596332,0.506542
1,Pooled,Detrend,24,46,4.000000,Detrend,A2_noPostSNV,rbf_svm,0.659091,0.658427,0.588015
1,Pooled+BandShift,Detrend,24,46,4.000000,Detrend,A2_noPostSNV,rbf_svm,0.613636,0.614542,0.533666
2,Bu5,USP,0,42,0.000000,none,A_postSNV,svm,0.444444,0.305556,0.338235
2,Bu5,USP,0,42,0.000000,none,A_postSNV,rbf_svm,0.333333,0.214286,0.228571
2,Bu5,SNV,0,42,0.000000,SNV,A2_noPostSNV,svm,0.555556,0.438889,0.470588
2,Bu5,SNV,0,42,0.000000,SNV,A2_noPostSNV,rbf_svm,0.444444,0.325397,0.347826
2,Bu5,SG1,0,42,0.000000,SG1,A2_noPostSNV,svm,0.444444,0.333333,0.338235
2,Bu5,SG1,0,42,0.000000,SG1,A2_noPostSNV,rbf_svm,0.444444,0.333333,0.338235
2,Bu5,EMSC,0,42,0.000000,EMSC,A2_noPostSNV,svm,0.444444,0.388889,0.347826
2,Bu5,EMSC,0,42,0.000000,EMSC,A2_noPostSNV,rbf_svm,0.333333,0.233333,0.205882
2,Bu5,Detrend,0,42,0.000000,Detrend,A2_noPostSNV,svm,0.555556,0.527778,0.470588
2,Bu5,Detrend,0,42,0.000000,Detrend,A2_noPostSNV,rbf_svm,0.333333,0.177778,0.205882
2,Bu5,USP,1,42,1.000000,none,A_postSNV,svm,0.888889,0.888889,0.865672
2,Bu5,USP,1,42,1.000000,none,A_postSNV,rbf_svm,0.888889,0.888889,0.865672
2,Bu5,SNV,1,42,1.000000,SNV,A2_noPostSNV,svm,0.777778,0.744444,0.727273
2,Bu5,SNV,1,42,1.000000,SNV,A2_noPostSNV,rbf_svm,0.666667,0.555556,0.584615
2,Bu5,SG1,1,42,1.000000,SG1,A2_noPostSNV,svm,0.888889,0.888889,0.865672
2,Bu5,SG1,1,42,1.000000,SG1,A2_noPostSNV,rbf_svm,0.777778,0.666667,0.731343
2,Bu5,EMSC,1,42,1.000000,EMSC,A2_noPostSNV,svm,0.777778,0.805556,0.735294
2,Bu5,EMSC,1,42,1.000000,EMSC,A2_noPostSNV,rbf_svm,0.777778,0.688889,0.727273
2,Bu5,Detrend,1,42,1.000000,Detrend,A2_noPostSNV,svm,0.777778,0.666667,0.731343
2,Bu5,Detrend,1,42,1.000000,Detrend,A2_noPostSNV,rbf_svm,0.666667,0.638889,0.602941
2,Bu5,USP,2,42,2.000000,none,A_postSNV,svm,0.625000,0.494444,0.529412
2,Bu5,USP,2,42,2.000000,none,A_postSNV,rbf_svm,0.750000,0.694444,0.698113
2,Bu5,SNV,2,42,2.000000,SNV,A2_noPostSNV,svm,0.875000,0.800000,0.843137
2,Bu5,SNV,2,42,2.000000,SNV,A2_noPostSNV,rbf_svm,0.750000,0.633333,0.686275
2,Bu5,SG1,2,42,2.000000,SG1,A2_noPostSNV,svm,0.500000,0.555556,0.384615
2,Bu5,SG1,2,42,2.000000,SG1,A2_noPostSNV,rbf_svm,0.375000,0.305556,0.259259
2,Bu5,EMSC,2,42,2.000000,EMSC,A2_noPostSNV,svm,0.375000,0.277778,0.230769
2,Bu5,EMSC,2,42,2.000000,EMSC,A2_noPostSNV,rbf_svm,0.625000,0.555556,0.547170
2,Bu5,Detrend,2,42,2.000000,Detrend,A2_noPostSNV,svm,0.750000,0.750000,0.692308
2,Bu5,Detrend,2,42,2.000000,Detrend,A2_noPostSNV,rbf_svm,0.625000,0.511111,0.547170
2,Bu5,USP,3,42,3.000000,none,A_postSNV,svm,0.625000,0.555556,0.555556
2,Bu5,USP,3,42,3.000000,none,A_postSNV,rbf_svm,0.750000,0.722222,0.686275
2,Bu5,SNV,3,42,3.000000,SNV,A2_noPostSNV,svm,0.625000,0.677778,0.563636
2,Bu5,SNV,3,42,3.000000,SNV,A2_noPostSNV,rbf_svm,0.750000,0.777778,0.703704
2,Bu5,SG1,3,42,3.000000,SG1,A2_noPostSNV,svm,0.625000,0.677778,0.563636
2,Bu5,SG1,3,42,3.000000,SG1,A2_noPostSNV,rbf_svm,0.750000,0.805556,0.698113
2,Bu5,EMSC,3,42,3.000000,EMSC,A2_noPostSNV,svm,0.625000,0.638889,0.563636
2,Bu5,EMSC,3,42,3.000000,EMSC,A2_noPostSNV,rbf_svm,0.625000,0.677778,0.563636
2,Bu5,Detrend,3,42,3.000000,Detrend,A2_noPostSNV,svm,0.500000,0.511111,0.407407
2,Bu5,Detrend,3,42,3.000000,Detrend,A2_noPostSNV,rbf_svm,0.625000,0.638889,0.547170
2,Bu5,USP,4,42,4.000000,none,A_postSNV,svm,0.625000,0.638889,0.563636
2,Bu5,USP,4,42,4.000000,none,A_postSNV,rbf_svm,0.750000,0.688889,0.692308
2,Bu5,SNV,4,42,4.000000,SNV,A2_noPostSNV,svm,0.750000,0.750000,0.703704
2,Bu5,SNV,4,42,4.000000,SNV,A2_noPostSNV,rbf_svm,0.625000,0.527778,0.555556
2,Bu5,SG1,4,42,4.000000,SG1,A2_noPostSNV,svm,0.500000,0.444444,0.407407
2,Bu5,SG1,4,42,4.000000,SG1,A2_noPostSNV,rbf_svm,0.625000,0.527778,0.555556
2,Bu5,EMSC,4,42,4.000000,EMSC,A2_noPostSNV,svm,0.500000,0.383333,0.396226
2,Bu5,EMSC,4,42,4.000000,EMSC,A2_noPostSNV,rbf_svm,0.625000,0.527778,0.555556
2,Bu5,Detrend,4,42,4.000000,Detrend,A2_noPostSNV,svm,0.625000,0.500000,0.555556
2,Bu5,Detrend,4,42,4.000000,Detrend,A2_noPostSNV,rbf_svm,0.500000,0.472222,0.407407
2,Bu5,USP,5,43,0.000000,none,A_postSNV,svm,0.555556,0.411111,0.454545
2,Bu5,USP,5,43,0.000000,none,A_postSNV,rbf_svm,0.666667,0.500000,0.590909
2,Bu5,SNV,5,43,0.000000,SNV,A2_noPostSNV,svm,0.666667,0.466667,0.584615
2,Bu5,SNV,5,43,0.000000,SNV,A2_noPostSNV,rbf_svm,0.666667,0.444444,0.578125
2,Bu5,SG1,5,43,0.000000,SG1,A2_noPostSNV,svm,0.555556,0.411111,0.454545
2,Bu5,SG1,5,43,0.000000,SG1,A2_noPostSNV,rbf_svm,0.666667,0.444444,0.578125
2,Bu5,EMSC,5,43,0.000000,EMSC,A2_noPostSNV,svm,0.666667,0.555556,0.597015
2,Bu5,EMSC,5,43,0.000000,EMSC,A2_noPostSNV,rbf_svm,0.666667,0.444444,0.578125
2,Bu5,Detrend,5,43,0.000000,Detrend,A2_noPostSNV,svm,0.555556,0.388889,0.446154
2,Bu5,Detrend,5,43,0.000000,Detrend,A2_noPostSNV,rbf_svm,0.555556,0.411111,0.454545
2,Bu5,USP,6,43,1.000000,none,A_postSNV,svm,0.666667,0.555556,0.584615
2,Bu5,USP,6,43,1.000000,none,A_postSNV,rbf_svm,0.777778,0.694444,0.731343
2,Bu5,SNV,6,43,1.000000,SNV,A2_noPostSNV,svm,0.888889,0.800000,0.861538
2,Bu5,SNV,6,43,1.000000,SNV,A2_noPostSNV,rbf_svm,0.777778,0.722222,0.723077
2,Bu5,SG1,6,43,1.000000,SG1,A2_noPostSNV,svm,0.666667,0.488889,0.584615
2,Bu5,SG1,6,43,1.000000,SG1,A2_noPostSNV,rbf_svm,0.666667,0.488889,0.584615
2,Bu5,EMSC,6,43,1.000000,EMSC,A2_noPostSNV,svm,0.777778,0.688889,0.727273
2,Bu5,EMSC,6,43,1.000000,EMSC,A2_noPostSNV,rbf_svm,0.666667,0.661111,0.590909
2,Bu5,Detrend,6,43,1.000000,Detrend,A2_noPostSNV,svm,0.777778,0.711111,0.723077
2,Bu5,Detrend,6,43,1.000000,Detrend,A2_noPostSNV,rbf_svm,0.666667,0.488889,0.584615
2,Bu5,USP,7,43,2.000000,none,A_postSNV,svm,0.625000,0.522222,0.538462
2,Bu5,USP,7,43,2.000000,none,A_postSNV,rbf_svm,0.500000,0.344444,0.407407
2,Bu5,SNV,7,43,2.000000,SNV,A2_noPostSNV,svm,0.750000,0.688889,0.692308
2,Bu5,SNV,7,43,2.000000,SNV,A2_noPostSNV,rbf_svm,0.625000,0.511111,0.547170
2,Bu5,SG1,7,43,2.000000,SG1,A2_noPostSNV,svm,0.625000,0.550000,0.529412
2,Bu5,SG1,7,43,2.000000,SG1,A2_noPostSNV,rbf_svm,0.500000,0.361111,0.346939
2,Bu5,EMSC,7,43,2.000000,EMSC,A2_noPostSNV,svm,0.625000,0.527778,0.538462
2,Bu5,EMSC,7,43,2.000000,EMSC,A2_noPostSNV,rbf_svm,0.500000,0.388889,0.407407
2,Bu5,Detrend,7,43,2.000000,Detrend,A2_noPostSNV,svm,0.500000,0.388889,0.372549
2,Bu5,Detrend,7,43,2.000000,Detrend,A2_noPostSNV,rbf_svm,0.375000,0.194444,0.200000
2,Bu5,USP,8,43,3.000000,none,A_postSNV,svm,0.875000,0.888889,0.849057
2,Bu5,USP,8,43,3.000000,none,A_postSNV,rbf_svm,0.875000,0.911111,0.846154
2,Bu5,SNV,8,43,3.000000,SNV,A2_noPostSNV,svm,0.750000,0.750000,0.703704
2,Bu5,SNV,8,43,3.000000,SNV,A2_noPostSNV,rbf_svm,0.625000,0.677778,0.563636
2,Bu5,SG1,8,43,3.000000,SG1,A2_noPostSNV,svm,0.875000,0.888889,0.849057
2,Bu5,SG1,8,43,3.000000,SG1,A2_noPostSNV,rbf_svm,0.875000,0.888889,0.849057
2,Bu5,EMSC,8,43,3.000000,EMSC,A2_noPostSNV,svm,0.875000,0.888889,0.849057
2,Bu5,EMSC,8,43,3.000000,EMSC,A2_noPostSNV,rbf_svm,0.750000,0.805556,0.703704
2,Bu5,Detrend,8,43,3.000000,Detrend,A2_noPostSNV,svm,0.875000,0.888889,0.849057
2,Bu5,Detrend,8,43,3.000000,Detrend,A2_noPostSNV,rbf_svm,0.875000,0.888889,0.849057
2,Bu5,USP,9,43,4.000000,none,A_postSNV,svm,0.750000,0.805556,0.703704
2,Bu5,USP,9,43,4.000000,none,A_postSNV,rbf_svm,0.750000,0.805556,0.698113
2,Bu5,SNV,9,43,4.000000,SNV,A2_noPostSNV,svm,0.750000,0.722222,0.703704
2,Bu5,SNV,9,43,4.000000,SNV,A2_noPostSNV,rbf_svm,0.625000,0.638889,0.563636
2,Bu5,SG1,9,43,4.000000,SG1,A2_noPostSNV,svm,0.875000,0.888889,0.849057
2,Bu5,SG1,9,43,4.000000,SG1,A2_noPostSNV,rbf_svm,0.750000,0.777778,0.703704
2,Bu5,EMSC,9,43,4.000000,EMSC,A2_noPostSNV,svm,0.875000,0.888889,0.849057
2,Bu5,EMSC,9,43,4.000000,EMSC,A2_noPostSNV,rbf_svm,0.750000,0.777778,0.703704
2,Bu5,Detrend,9,43,4.000000,Detrend,A2_noPostSNV,svm,0.750000,0.777778,0.703704
2,Bu5,Detrend,9,43,4.000000,Detrend,A2_noPostSNV,rbf_svm,0.750000,0.777778,0.703704
2,Bu5,USP,10,44,0.000000,none,A_postSNV,svm,0.666667,0.522222,0.590909
2,Bu5,USP,10,44,0.000000,none,A_postSNV,rbf_svm,0.666667,0.566667,0.602941
2,Bu5,SNV,10,44,0.000000,SNV,A2_noPostSNV,svm,0.444444,0.388889,0.338235
2,Bu5,SNV,10,44,0.000000,SNV,A2_noPostSNV,rbf_svm,0.666667,0.622222,0.602941
2,Bu5,SG1,10,44,0.000000,SG1,A2_noPostSNV,svm,0.777778,0.611111,0.727273
2,Bu5,SG1,10,44,0.000000,SG1,A2_noPostSNV,rbf_svm,0.555556,0.472222,0.470588
2,Bu5,EMSC,10,44,0.000000,EMSC,A2_noPostSNV,svm,0.555556,0.494444,0.454545
2,Bu5,EMSC,10,44,0.000000,EMSC,A2_noPostSNV,rbf_svm,0.666667,0.577778,0.590909
2,Bu5,Detrend,10,44,0.000000,Detrend,A2_noPostSNV,svm,0.555556,0.500000,0.470588
2,Bu5,Detrend,10,44,0.000000,Detrend,A2_noPostSNV,rbf_svm,0.333333,0.233333,0.228571
2,Bu5,USP,11,44,1.000000,none,A_postSNV,svm,0.777778,0.577778,0.723077
2,Bu5,USP,11,44,1.000000,none,A_postSNV,rbf_svm,0.777778,0.583333,0.727273
2,Bu5,SNV,11,44,1.000000,SNV,A2_noPostSNV,svm,0.888889,0.800000,0.861538
2,Bu5,SNV,11,44,1.000000,SNV,A2_noPostSNV,rbf_svm,0.777778,0.577778,0.723077
2,Bu5,SG1,11,44,1.000000,SG1,A2_noPostSNV,svm,0.777778,0.577778,0.723077
2,Bu5,SG1,11,44,1.000000,SG1,A2_noPostSNV,rbf_svm,0.777778,0.577778,0.723077
2,Bu5,EMSC,11,44,1.000000,EMSC,A2_noPostSNV,svm,0.777778,0.744444,0.727273
2,Bu5,EMSC,11,44,1.000000,EMSC,A2_noPostSNV,rbf_svm,0.777778,0.600000,0.718750
2,Bu5,Detrend,11,44,1.000000,Detrend,A2_noPostSNV,svm,0.777778,0.688889,0.727273
2,Bu5,Detrend,11,44,1.000000,Detrend,A2_noPostSNV,rbf_svm,0.666667,0.522222,0.590909
2,Bu5,USP,12,44,2.000000,none,A_postSNV,svm,0.125000,0.083333,0.000000
2,Bu5,USP,12,44,2.000000,none,A_postSNV,rbf_svm,0.500000,0.400000,0.407407
2,Bu5,SNV,12,44,2.000000,SNV,A2_noPostSNV,svm,0.875000,0.888889,0.849057
2,Bu5,SNV,12,44,2.000000,SNV,A2_noPostSNV,rbf_svm,0.375000,0.277778,0.259259
2,Bu5,SG1,12,44,2.000000,SG1,A2_noPostSNV,svm,0.375000,0.400000,0.259259
2,Bu5,SG1,12,44,2.000000,SG1,A2_noPostSNV,rbf_svm,0.375000,0.277778,0.272727
2,Bu5,EMSC,12,44,2.000000,EMSC,A2_noPostSNV,svm,0.625000,0.611111,0.555556
2,Bu5,EMSC,12,44,2.000000,EMSC,A2_noPostSNV,rbf_svm,0.250000,0.158730,0.142857
2,Bu5,Detrend,12,44,2.000000,Detrend,A2_noPostSNV,svm,0.500000,0.583333,0.407407
2,Bu5,Detrend,12,44,2.000000,Detrend,A2_noPostSNV,rbf_svm,0.250000,0.158730,0.142857
2,Bu5,USP,13,44,3.000000,none,A_postSNV,svm,0.750000,0.666667,0.698113
2,Bu5,USP,13,44,3.000000,none,A_postSNV,rbf_svm,0.625000,0.539683,0.520000
2,Bu5,SNV,13,44,3.000000,SNV,A2_noPostSNV,svm,0.750000,0.805556,0.703704
2,Bu5,SNV,13,44,3.000000,SNV,A2_noPostSNV,rbf_svm,0.625000,0.622222,0.555556
2,Bu5,SG1,13,44,3.000000,SG1,A2_noPostSNV,svm,0.625000,0.583333,0.555556
2,Bu5,SG1,13,44,3.000000,SG1,A2_noPostSNV,rbf_svm,0.750000,0.666667,0.698113
2,Bu5,EMSC,13,44,3.000000,EMSC,A2_noPostSNV,svm,0.625000,0.555556,0.555556
2,Bu5,EMSC,13,44,3.000000,EMSC,A2_noPostSNV,rbf_svm,0.750000,0.694444,0.698113
2,Bu5,Detrend,13,44,3.000000,Detrend,A2_noPostSNV,svm,0.625000,0.555556,0.555556
2,Bu5,Detrend,13,44,3.000000,Detrend,A2_noPostSNV,rbf_svm,0.750000,0.666667,0.698113
2,Bu5,USP,14,44,4.000000,none,A_postSNV,svm,0.875000,0.800000,0.843137
2,Bu5,USP,14,44,4.000000,none,A_postSNV,rbf_svm,1.000000,1.000000,1.000000
2,Bu5,SNV,14,44,4.000000,SNV,A2_noPostSNV,svm,0.750000,0.694444,0.692308
2,Bu5,SNV,14,44,4.000000,SNV,A2_noPostSNV,rbf_svm,0.875000,0.888889,0.849057
2,Bu5,SG1,14,44,4.000000,SG1,A2_noPostSNV,svm,0.750000,0.777778,0.703704
2,Bu5,SG1,14,44,4.000000,SG1,A2_noPostSNV,rbf_svm,0.875000,0.888889,0.849057
2,Bu5,EMSC,14,44,4.000000,EMSC,A2_noPostSNV,svm,0.750000,0.688889,0.692308
2,Bu5,EMSC,14,44,4.000000,EMSC,A2_noPostSNV,rbf_svm,0.750000,0.694444,0.692308
2,Bu5,Detrend,14,44,4.000000,Detrend,A2_noPostSNV,svm,0.750000,0.777778,0.703704
2,Bu5,Detrend,14,44,4.000000,Detrend,A2_noPostSNV,rbf_svm,0.625000,0.611111,0.547170
2,Bu5,USP,15,45,0.000000,none,A_postSNV,svm,0.888889,0.911111,0.863636
2,Bu5,USP,15,45,0.000000,none,A_postSNV,rbf_svm,0.888889,0.888889,0.865672
2,Bu5,SNV,15,45,0.000000,SNV,A2_noPostSNV,svm,1.000000,1.000000,1.000000
2,Bu5,SNV,15,45,0.000000,SNV,A2_noPostSNV,rbf_svm,1.000000,1.000000,1.000000
2,Bu5,SG1,15,45,0.000000,SG1,A2_noPostSNV,svm,0.888889,0.888889,0.865672
2,Bu5,SG1,15,45,0.000000,SG1,A2_noPostSNV,rbf_svm,1.000000,1.000000,1.000000
2,Bu5,EMSC,15,45,0.000000,EMSC,A2_noPostSNV,svm,0.888889,0.911111,0.863636
2,Bu5,EMSC,15,45,0.000000,EMSC,A2_noPostSNV,rbf_svm,0.888889,0.888889,0.865672
2,Bu5,Detrend,15,45,0.000000,Detrend,A2_noPostSNV,svm,0.888889,0.911111,0.863636
2,Bu5,Detrend,15,45,0.000000,Detrend,A2_noPostSNV,rbf_svm,0.888889,0.888889,0.865672
2,Bu5,USP,16,45,1.000000,none,A_postSNV,svm,0.666667,0.527778,0.590909
2,Bu5,USP,16,45,1.000000,none,A_postSNV,rbf_svm,0.555556,0.500000,0.478261
2,Bu5,SNV,16,45,1.000000,SNV,A2_noPostSNV,svm,0.777778,0.722222,0.731343
2,Bu5,SNV,16,45,1.000000,SNV,A2_noPostSNV,rbf_svm,0.888889,0.888889,0.865672
2,Bu5,SG1,16,45,1.000000,SG1,A2_noPostSNV,svm,0.666667,0.555556,0.597015
2,Bu5,SG1,16,45,1.000000,SG1,A2_noPostSNV,rbf_svm,0.555556,0.455556,0.470588
2,Bu5,EMSC,16,45,1.000000,EMSC,A2_noPostSNV,svm,0.888889,0.800000,0.861538
2,Bu5,EMSC,16,45,1.000000,EMSC,A2_noPostSNV,rbf_svm,0.888889,0.911111,0.863636
2,Bu5,Detrend,16,45,1.000000,Detrend,A2_noPostSNV,svm,0.888889,0.800000,0.861538
2,Bu5,Detrend,16,45,1.000000,Detrend,A2_noPostSNV,rbf_svm,0.666667,0.527778,0.597015
2,Bu5,USP,17,45,2.000000,none,A_postSNV,svm,0.875000,0.888889,0.849057
2,Bu5,USP,17,45,2.000000,none,A_postSNV,rbf_svm,0.875000,0.888889,0.849057
2,Bu5,SNV,17,45,2.000000,SNV,A2_noPostSNV,svm,0.875000,0.888889,0.849057
2,Bu5,SNV,17,45,2.000000,SNV,A2_noPostSNV,rbf_svm,0.750000,0.694444,0.698113
2,Bu5,SG1,17,45,2.000000,SG1,A2_noPostSNV,svm,0.875000,0.888889,0.849057
2,Bu5,SG1,17,45,2.000000,SG1,A2_noPostSNV,rbf_svm,0.625000,0.566667,0.555556
2,Bu5,EMSC,17,45,2.000000,EMSC,A2_noPostSNV,svm,0.750000,0.688889,0.692308
2,Bu5,EMSC,17,45,2.000000,EMSC,A2_noPostSNV,rbf_svm,0.750000,0.694444,0.698113
2,Bu5,Detrend,17,45,2.000000,Detrend,A2_noPostSNV,svm,0.750000,0.722222,0.686275
2,Bu5,Detrend,17,45,2.000000,Detrend,A2_noPostSNV,rbf_svm,0.625000,0.511111,0.547170
2,Bu5,USP,18,45,3.000000,none,A_postSNV,svm,0.750000,0.555556,0.692308
2,Bu5,USP,18,45,3.000000,none,A_postSNV,rbf_svm,0.750000,0.611111,0.680000
2,Bu5,SNV,18,45,3.000000,SNV,A2_noPostSNV,svm,1.000000,1.000000,1.000000
2,Bu5,SNV,18,45,3.000000,SNV,A2_noPostSNV,rbf_svm,0.875000,0.777778,0.846154
2,Bu5,SG1,18,45,3.000000,SG1,A2_noPostSNV,svm,0.750000,0.577778,0.686275
2,Bu5,SG1,18,45,3.000000,SG1,A2_noPostSNV,rbf_svm,0.750000,0.577778,0.686275
2,Bu5,EMSC,18,45,3.000000,EMSC,A2_noPostSNV,svm,0.750000,0.611111,0.692308
2,Bu5,EMSC,18,45,3.000000,EMSC,A2_noPostSNV,rbf_svm,0.750000,0.633333,0.686275
2,Bu5,Detrend,18,45,3.000000,Detrend,A2_noPostSNV,svm,0.750000,0.555556,0.692308
2,Bu5,Detrend,18,45,3.000000,Detrend,A2_noPostSNV,rbf_svm,0.750000,0.577778,0.686275
2,Bu5,USP,19,45,4.000000,none,A_postSNV,svm,0.500000,0.472222,0.396226
2,Bu5,USP,19,45,4.000000,none,A_postSNV,rbf_svm,0.625000,0.527778,0.520000
2,Bu5,SNV,19,45,4.000000,SNV,A2_noPostSNV,svm,0.750000,0.694444,0.692308
2,Bu5,SNV,19,45,4.000000,SNV,A2_noPostSNV,rbf_svm,0.625000,0.527778,0.555556
2,Bu5,SG1,19,45,4.000000,SG1,A2_noPostSNV,svm,0.750000,0.750000,0.703704
2,Bu5,SG1,19,45,4.000000,SG1,A2_noPostSNV,rbf_svm,0.625000,0.622222,0.555556
2,Bu5,EMSC,19,45,4.000000,EMSC,A2_noPostSNV,svm,0.625000,0.522222,0.547170
2,Bu5,EMSC,19,45,4.000000,EMSC,A2_noPostSNV,rbf_svm,0.500000,0.444444,0.407407
2,Bu5,Detrend,19,45,4.000000,Detrend,A2_noPostSNV,svm,0.750000,0.694444,0.692308
2,Bu5,Detrend,19,45,4.000000,Detrend,A2_noPostSNV,rbf_svm,0.375000,0.325397,0.272727
2,Bu5,USP,20,46,0.000000,none,A_postSNV,svm,0.666667,0.577778,0.590909
2,Bu5,USP,20,46,0.000000,none,A_postSNV,rbf_svm,0.666667,0.622222,0.602941
2,Bu5,SNV,20,46,0.000000,SNV,A2_noPostSNV,svm,0.888889,0.777778,0.863636
2,Bu5,SNV,20,46,0.000000,SNV,A2_noPostSNV,rbf_svm,0.888889,0.777778,0.863636
2,Bu5,SG1,20,46,0.000000,SG1,A2_noPostSNV,svm,0.666667,0.527778,0.597015
2,Bu5,SG1,20,46,0.000000,SG1,A2_noPostSNV,rbf_svm,0.666667,0.527778,0.597015
2,Bu5,EMSC,20,46,0.000000,EMSC,A2_noPostSNV,svm,0.777778,0.688889,0.727273
2,Bu5,EMSC,20,46,0.000000,EMSC,A2_noPostSNV,rbf_svm,1.000000,1.000000,1.000000
2,Bu5,Detrend,20,46,0.000000,Detrend,A2_noPostSNV,svm,0.666667,0.577778,0.597015
2,Bu5,Detrend,20,46,0.000000,Detrend,A2_noPostSNV,rbf_svm,0.666667,0.527778,0.597015
2,Bu5,USP,21,46,1.000000,none,A_postSNV,svm,0.555556,0.500000,0.462687
2,Bu5,USP,21,46,1.000000,none,A_postSNV,rbf_svm,0.666667,0.577778,0.597015
2,Bu5,SNV,21,46,1.000000,SNV,A2_noPostSNV,svm,0.666667,0.661111,0.590909
2,Bu5,SNV,21,46,1.000000,SNV,A2_noPostSNV,rbf_svm,0.777778,0.722222,0.723077
2,Bu5,SG1,21,46,1.000000,SG1,A2_noPostSNV,svm,0.777778,0.750000,0.727273
2,Bu5,SG1,21,46,1.000000,SG1,A2_noPostSNV,rbf_svm,0.666667,0.622222,0.602941
2,Bu5,EMSC,21,46,1.000000,EMSC,A2_noPostSNV,svm,0.666667,0.633333,0.584615
2,Bu5,EMSC,21,46,1.000000,EMSC,A2_noPostSNV,rbf_svm,0.555556,0.373016,0.437500
2,Bu5,Detrend,21,46,1.000000,Detrend,A2_noPostSNV,svm,0.444444,0.388889,0.328358
2,Bu5,Detrend,21,46,1.000000,Detrend,A2_noPostSNV,rbf_svm,0.444444,0.361111,0.328358
2,Bu5,USP,22,46,2.000000,none,A_postSNV,svm,0.750000,0.805556,0.698113
2,Bu5,USP,22,46,2.000000,none,A_postSNV,rbf_svm,0.875000,0.888889,0.849057
2,Bu5,SNV,22,46,2.000000,SNV,A2_noPostSNV,svm,0.875000,0.888889,0.849057
2,Bu5,SNV,22,46,2.000000,SNV,A2_noPostSNV,rbf_svm,0.625000,0.566667,0.555556
2,Bu5,SG1,22,46,2.000000,SG1,A2_noPostSNV,svm,0.750000,0.805556,0.698113
2,Bu5,SG1,22,46,2.000000,SG1,A2_noPostSNV,rbf_svm,0.625000,0.677778,0.563636
2,Bu5,EMSC,22,46,2.000000,EMSC,A2_noPostSNV,svm,0.750000,0.666667,0.698113
2,Bu5,EMSC,22,46,2.000000,EMSC,A2_noPostSNV,rbf_svm,0.750000,0.694444,0.698113
2,Bu5,Detrend,22,46,2.000000,Detrend,A2_noPostSNV,svm,0.625000,0.677778,0.563636
2,Bu5,Detrend,22,46,2.000000,Detrend,A2_noPostSNV,rbf_svm,0.500000,0.500000,0.418182
2,Bu5,USP,23,46,3.000000,none,A_postSNV,svm,0.625000,0.500000,0.547170
2,Bu5,USP,23,46,3.000000,none,A_postSNV,rbf_svm,0.875000,0.800000,0.843137
2,Bu5,SNV,23,46,3.000000,SNV,A2_noPostSNV,svm,0.875000,0.888889,0.849057
2,Bu5,SNV,23,46,3.000000,SNV,A2_noPostSNV,rbf_svm,0.875000,0.888889,0.849057
2,Bu5,SG1,23,46,3.000000,SG1,A2_noPostSNV,svm,0.750000,0.666667,0.698113
2,Bu5,SG1,23,46,3.000000,SG1,A2_noPostSNV,rbf_svm,0.750000,0.688889,0.692308
2,Bu5,EMSC,23,46,3.000000,EMSC,A2_noPostSNV,svm,0.750000,0.666667,0.698113
2,Bu5,EMSC,23,46,3.000000,EMSC,A2_noPostSNV,rbf_svm,0.750000,0.694444,0.692308
2,Bu5,Detrend,23,46,3.000000,Detrend,A2_noPostSNV,svm,0.750000,0.666667,0.698113
2,Bu5,Detrend,23,46,3.000000,Detrend,A2_noPostSNV,rbf_svm,0.750000,0.688889,0.692308
2,Bu5,USP,24,46,4.000000,none,A_postSNV,svm,0.750000,0.722222,0.686275
2,Bu5,USP,24,46,4.000000,none,A_postSNV,rbf_svm,0.625000,0.539683,0.520000
2,Bu5,SNV,24,46,4.000000,SNV,A2_noPostSNV,svm,0.750000,0.694444,0.698113
2,Bu5,SNV,24,46,4.000000,SNV,A2_noPostSNV,rbf_svm,0.750000,0.694444,0.698113
2,Bu5,SG1,24,46,4.000000,SG1,A2_noPostSNV,svm,0.750000,0.688889,0.692308
2,Bu5,SG1,24,46,4.000000,SG1,A2_noPostSNV,rbf_svm,0.750000,0.722222,0.686275
2,Bu5,EMSC,24,46,4.000000,EMSC,A2_noPostSNV,svm,0.750000,0.694444,0.698113
2,Bu5,EMSC,24,46,4.000000,EMSC,A2_noPostSNV,rbf_svm,0.625000,0.611111,0.547170
2,Bu5,Detrend,24,46,4.000000,Detrend,A2_noPostSNV,svm,0.625000,0.472222,0.547170
2,Bu5,Detrend,24,46,4.000000,Detrend,A2_noPostSNV,rbf_svm,0.625000,0.583333,0.547170
2,W6,USP,0,42,0.000000,none,A_postSNV,svm,0.444444,0.311111,0.347826
2,W6,USP,0,42,0.000000,none,A_postSNV,rbf_svm,0.333333,0.177778,0.194030
2,W6,SNV,0,42,0.000000,SNV,A2_noPostSNV,svm,0.555556,0.566667,0.485714
2,W6,SNV,0,42,0.000000,SNV,A2_noPostSNV,rbf_svm,0.222222,0.060606,0.000000
2,W6,SG1,0,42,0.000000,SG1,A2_noPostSNV,svm,0.555556,0.566667,0.485714
2,W6,SG1,0,42,0.000000,SG1,A2_noPostSNV,rbf_svm,0.555556,0.566667,0.478261
2,W6,EMSC,0,42,0.000000,EMSC,A2_noPostSNV,svm,0.444444,0.455556,0.357143
2,W6,EMSC,0,42,0.000000,EMSC,A2_noPostSNV,rbf_svm,0.222222,0.060606,0.000000
2,W6,Detrend,0,42,0.000000,Detrend,A2_noPostSNV,svm,0.444444,0.444444,0.366197
2,W6,Detrend,0,42,0.000000,Detrend,A2_noPostSNV,rbf_svm,0.444444,0.427778,0.347826
2,W6,USP,1,42,1.000000,none,A_postSNV,svm,0.777778,0.744444,0.731343
2,W6,USP,1,42,1.000000,none,A_postSNV,rbf_svm,0.777778,0.722222,0.723077
2,W6,SNV,1,42,1.000000,SNV,A2_noPostSNV,svm,0.888889,0.911111,0.863636
2,W6,SNV,1,42,1.000000,SNV,A2_noPostSNV,rbf_svm,1.000000,1.000000,1.000000
2,W6,SG1,1,42,1.000000,SG1,A2_noPostSNV,svm,0.888889,0.888889,0.865672
2,W6,SG1,1,42,1.000000,SG1,A2_noPostSNV,rbf_svm,0.777778,0.722222,0.723077
2,W6,EMSC,1,42,1.000000,EMSC,A2_noPostSNV,svm,0.888889,0.888889,0.865672
2,W6,EMSC,1,42,1.000000,EMSC,A2_noPostSNV,rbf_svm,1.000000,1.000000,1.000000
2,W6,Detrend,1,42,1.000000,Detrend,A2_noPostSNV,svm,0.777778,0.688889,0.727273
2,W6,Detrend,1,42,1.000000,Detrend,A2_noPostSNV,rbf_svm,0.888889,0.800000,0.861538
2,W6,USP,2,42,2.000000,none,A_postSNV,svm,0.750000,0.694444,0.692308
2,W6,USP,2,42,2.000000,none,A_postSNV,rbf_svm,1.000000,1.000000,1.000000
2,W6,SNV,2,42,2.000000,SNV,A2_noPostSNV,svm,1.000000,1.000000,1.000000
2,W6,SNV,2,42,2.000000,SNV,A2_noPostSNV,rbf_svm,1.000000,1.000000,1.000000
2,W6,SG1,2,42,2.000000,SG1,A2_noPostSNV,svm,0.875000,0.800000,0.843137
2,W6,SG1,2,42,2.000000,SG1,A2_noPostSNV,rbf_svm,0.625000,0.622222,0.555556
2,W6,EMSC,2,42,2.000000,EMSC,A2_noPostSNV,svm,0.875000,0.777778,0.846154
2,W6,EMSC,2,42,2.000000,EMSC,A2_noPostSNV,rbf_svm,1.000000,1.000000,1.000000
2,W6,Detrend,2,42,2.000000,Detrend,A2_noPostSNV,svm,0.875000,0.800000,0.843137
2,W6,Detrend,2,42,2.000000,Detrend,A2_noPostSNV,rbf_svm,0.500000,0.455556,0.418182
2,W6,USP,3,42,3.000000,none,A_postSNV,svm,1.000000,1.000000,1.000000
2,W6,USP,3,42,3.000000,none,A_postSNV,rbf_svm,0.875000,0.911111,0.846154
2,W6,SNV,3,42,3.000000,SNV,A2_noPostSNV,svm,0.875000,0.888889,0.849057
2,W6,SNV,3,42,3.000000,SNV,A2_noPostSNV,rbf_svm,0.750000,0.750000,0.703704
2,W6,SG1,3,42,3.000000,SG1,A2_noPostSNV,svm,0.875000,0.888889,0.849057
2,W6,SG1,3,42,3.000000,SG1,A2_noPostSNV,rbf_svm,0.750000,0.750000,0.703704
2,W6,EMSC,3,42,3.000000,EMSC,A2_noPostSNV,svm,0.750000,0.722222,0.703704
2,W6,EMSC,3,42,3.000000,EMSC,A2_noPostSNV,rbf_svm,0.750000,0.750000,0.703704
2,W6,Detrend,3,42,3.000000,Detrend,A2_noPostSNV,svm,0.875000,0.888889,0.849057
2,W6,Detrend,3,42,3.000000,Detrend,A2_noPostSNV,rbf_svm,0.625000,0.566667,0.555556
2,W6,USP,4,42,4.000000,none,A_postSNV,svm,0.750000,0.666667,0.698113
2,W6,USP,4,42,4.000000,none,A_postSNV,rbf_svm,0.750000,0.666667,0.698113
2,W6,SNV,4,42,4.000000,SNV,A2_noPostSNV,svm,0.875000,0.777778,0.846154
2,W6,SNV,4,42,4.000000,SNV,A2_noPostSNV,rbf_svm,0.750000,0.805556,0.703704
2,W6,SG1,4,42,4.000000,SG1,A2_noPostSNV,svm,0.875000,0.777778,0.846154
2,W6,SG1,4,42,4.000000,SG1,A2_noPostSNV,rbf_svm,0.875000,0.777778,0.846154
2,W6,EMSC,4,42,4.000000,EMSC,A2_noPostSNV,svm,0.750000,0.688889,0.692308
2,W6,EMSC,4,42,4.000000,EMSC,A2_noPostSNV,rbf_svm,0.875000,0.888889,0.849057
2,W6,Detrend,4,42,4.000000,Detrend,A2_noPostSNV,svm,0.875000,0.777778,0.846154
2,W6,Detrend,4,42,4.000000,Detrend,A2_noPostSNV,rbf_svm,0.750000,0.611111,0.692308
2,W6,USP,5,43,0.000000,none,A_postSNV,svm,0.777778,0.694444,0.727273
2,W6,USP,5,43,0.000000,none,A_postSNV,rbf_svm,0.666667,0.500000,0.584615
2,W6,SNV,5,43,0.000000,SNV,A2_noPostSNV,svm,0.888889,0.800000,0.861538
2,W6,SNV,5,43,0.000000,SNV,A2_noPostSNV,rbf_svm,0.666667,0.428571,0.571429
2,W6,SG1,5,43,0.000000,SG1,A2_noPostSNV,svm,0.888889,0.888889,0.865672
2,W6,SG1,5,43,0.000000,SG1,A2_noPostSNV,rbf_svm,0.888889,0.800000,0.861538
2,W6,EMSC,5,43,0.000000,EMSC,A2_noPostSNV,svm,0.888889,0.888889,0.865672
2,W6,EMSC,5,43,0.000000,EMSC,A2_noPostSNV,rbf_svm,0.666667,0.428571,0.571429
2,W6,Detrend,5,43,0.000000,Detrend,A2_noPostSNV,svm,0.777778,0.722222,0.735294
2,W6,Detrend,5,43,0.000000,Detrend,A2_noPostSNV,rbf_svm,0.777778,0.611111,0.718750
2,W6,USP,6,43,1.000000,none,A_postSNV,svm,0.888889,0.911111,0.863636
2,W6,USP,6,43,1.000000,none,A_postSNV,rbf_svm,0.888889,0.888889,0.865672
2,W6,SNV,6,43,1.000000,SNV,A2_noPostSNV,svm,0.888889,0.911111,0.863636
2,W6,SNV,6,43,1.000000,SNV,A2_noPostSNV,rbf_svm,1.000000,1.000000,1.000000
2,W6,SG1,6,43,1.000000,SG1,A2_noPostSNV,svm,0.888889,0.911111,0.863636
2,W6,SG1,6,43,1.000000,SG1,A2_noPostSNV,rbf_svm,0.888889,0.911111,0.863636
2,W6,EMSC,6,43,1.000000,EMSC,A2_noPostSNV,svm,0.888889,0.888889,0.865672
2,W6,EMSC,6,43,1.000000,EMSC,A2_noPostSNV,rbf_svm,0.888889,0.911111,0.863636
2,W6,Detrend,6,43,1.000000,Detrend,A2_noPostSNV,svm,0.888889,0.911111,0.863636
2,W6,Detrend,6,43,1.000000,Detrend,A2_noPostSNV,rbf_svm,0.888889,0.911111,0.863636
2,W6,USP,7,43,2.000000,none,A_postSNV,svm,0.875000,0.800000,0.843137
2,W6,USP,7,43,2.000000,none,A_postSNV,rbf_svm,0.875000,0.888889,0.849057
2,W6,SNV,7,43,2.000000,SNV,A2_noPostSNV,svm,0.875000,0.800000,0.843137
2,W6,SNV,7,43,2.000000,SNV,A2_noPostSNV,rbf_svm,0.875000,0.777778,0.846154
2,W6,SG1,7,43,2.000000,SG1,A2_noPostSNV,svm,0.875000,0.800000,0.843137
2,W6,SG1,7,43,2.000000,SG1,A2_noPostSNV,rbf_svm,0.625000,0.511111,0.547170
2,W6,EMSC,7,43,2.000000,EMSC,A2_noPostSNV,svm,0.875000,0.777778,0.846154
2,W6,EMSC,7,43,2.000000,EMSC,A2_noPostSNV,rbf_svm,0.875000,0.888889,0.849057
2,W6,Detrend,7,43,2.000000,Detrend,A2_noPostSNV,svm,0.875000,0.800000,0.843137
2,W6,Detrend,7,43,2.000000,Detrend,A2_noPostSNV,rbf_svm,0.500000,0.333333,0.396226
2,W6,USP,8,43,3.000000,none,A_postSNV,svm,0.750000,0.722222,0.698113
2,W6,USP,8,43,3.000000,none,A_postSNV,rbf_svm,0.625000,0.539683,0.520000
2,W6,SNV,8,43,3.000000,SNV,A2_noPostSNV,svm,0.875000,0.777778,0.846154
2,W6,SNV,8,43,3.000000,SNV,A2_noPostSNV,rbf_svm,0.750000,0.750000,0.703704
2,W6,SG1,8,43,3.000000,SG1,A2_noPostSNV,svm,1.000000,1.000000,1.000000
2,W6,SG1,8,43,3.000000,SG1,A2_noPostSNV,rbf_svm,1.000000,1.000000,1.000000
2,W6,EMSC,8,43,3.000000,EMSC,A2_noPostSNV,svm,1.000000,1.000000,1.000000
2,W6,EMSC,8,43,3.000000,EMSC,A2_noPostSNV,rbf_svm,0.875000,0.888889,0.849057
2,W6,Detrend,8,43,3.000000,Detrend,A2_noPostSNV,svm,0.750000,0.694444,0.698113
2,W6,Detrend,8,43,3.000000,Detrend,A2_noPostSNV,rbf_svm,0.875000,0.888889,0.849057
2,W6,USP,9,43,4.000000,none,A_postSNV,svm,0.875000,0.911111,0.846154
2,W6,USP,9,43,4.000000,none,A_postSNV,rbf_svm,0.875000,0.888889,0.849057
2,W6,SNV,9,43,4.000000,SNV,A2_noPostSNV,svm,0.875000,0.911111,0.846154
2,W6,SNV,9,43,4.000000,SNV,A2_noPostSNV,rbf_svm,0.875000,0.911111,0.846154
2,W6,SG1,9,43,4.000000,SG1,A2_noPostSNV,svm,0.875000,0.911111,0.846154
2,W6,SG1,9,43,4.000000,SG1,A2_noPostSNV,rbf_svm,0.750000,0.744444,0.698113
2,W6,EMSC,9,43,4.000000,EMSC,A2_noPostSNV,svm,0.750000,0.688889,0.692308
2,W6,EMSC,9,43,4.000000,EMSC,A2_noPostSNV,rbf_svm,0.875000,0.888889,0.849057
2,W6,Detrend,9,43,4.000000,Detrend,A2_noPostSNV,svm,0.875000,0.911111,0.846154
2,W6,Detrend,9,43,4.000000,Detrend,A2_noPostSNV,rbf_svm,0.750000,0.744444,0.698113
2,W6,USP,10,44,0.000000,none,A_postSNV,svm,0.777778,0.722222,0.735294
2,W6,USP,10,44,0.000000,none,A_postSNV,rbf_svm,0.777778,0.688889,0.727273
2,W6,SNV,10,44,0.000000,SNV,A2_noPostSNV,svm,0.666667,0.633333,0.597015
2,W6,SNV,10,44,0.000000,SNV,A2_noPostSNV,rbf_svm,0.777778,0.722222,0.723077
2,W6,SG1,10,44,0.000000,SG1,A2_noPostSNV,svm,0.888889,0.888889,0.865672
2,W6,SG1,10,44,0.000000,SG1,A2_noPostSNV,rbf_svm,0.888889,0.888889,0.865672
2,W6,EMSC,10,44,0.000000,EMSC,A2_noPostSNV,svm,0.666667,0.611111,0.608696
2,W6,EMSC,10,44,0.000000,EMSC,A2_noPostSNV,rbf_svm,0.777778,0.722222,0.723077
2,W6,Detrend,10,44,0.000000,Detrend,A2_noPostSNV,svm,0.666667,0.638889,0.602941
2,W6,Detrend,10,44,0.000000,Detrend,A2_noPostSNV,rbf_svm,0.666667,0.611111,0.590909
2,W6,USP,11,44,1.000000,none,A_postSNV,svm,0.777778,0.744444,0.731343
2,W6,USP,11,44,1.000000,none,A_postSNV,rbf_svm,0.777778,0.688889,0.727273
2,W6,SNV,11,44,1.000000,SNV,A2_noPostSNV,svm,0.888889,0.911111,0.863636
2,W6,SNV,11,44,1.000000,SNV,A2_noPostSNV,rbf_svm,1.000000,1.000000,1.000000
2,W6,SG1,11,44,1.000000,SG1,A2_noPostSNV,svm,1.000000,1.000000,1.000000
2,W6,SG1,11,44,1.000000,SG1,A2_noPostSNV,rbf_svm,0.888889,0.888889,0.865672
2,W6,EMSC,11,44,1.000000,EMSC,A2_noPostSNV,svm,0.888889,0.888889,0.865672
2,W6,EMSC,11,44,1.000000,EMSC,A2_noPostSNV,rbf_svm,0.888889,0.800000,0.861538
2,W6,Detrend,11,44,1.000000,Detrend,A2_noPostSNV,svm,0.888889,0.911111,0.863636
2,W6,Detrend,11,44,1.000000,Detrend,A2_noPostSNV,rbf_svm,0.777778,0.766667,0.727273
2,W6,USP,12,44,2.000000,none,A_postSNV,svm,0.500000,0.472222,0.428571
2,W6,USP,12,44,2.000000,none,A_postSNV,rbf_svm,0.500000,0.500000,0.418182
2,W6,SNV,12,44,2.000000,SNV,A2_noPostSNV,svm,0.875000,0.888889,0.849057
2,W6,SNV,12,44,2.000000,SNV,A2_noPostSNV,rbf_svm,0.500000,0.500000,0.418182
2,W6,SG1,12,44,2.000000,SG1,A2_noPostSNV,svm,0.750000,0.777778,0.692308
2,W6,SG1,12,44,2.000000,SG1,A2_noPostSNV,rbf_svm,0.250000,0.208333,0.142857
2,W6,EMSC,12,44,2.000000,EMSC,A2_noPostSNV,svm,0.625000,0.611111,0.555556
2,W6,EMSC,12,44,2.000000,EMSC,A2_noPostSNV,rbf_svm,0.375000,0.380952,0.285714
2,W6,Detrend,12,44,2.000000,Detrend,A2_noPostSNV,svm,0.625000,0.566667,0.555556
2,W6,Detrend,12,44,2.000000,Detrend,A2_noPostSNV,rbf_svm,0.250000,0.208333,0.142857
2,W6,USP,13,44,3.000000,none,A_postSNV,svm,0.750000,0.722222,0.698113
2,W6,USP,13,44,3.000000,none,A_postSNV,rbf_svm,0.500000,0.361111,0.346939
2,W6,SNV,13,44,3.000000,SNV,A2_noPostSNV,svm,0.750000,0.666667,0.698113
2,W6,SNV,13,44,3.000000,SNV,A2_noPostSNV,rbf_svm,0.625000,0.566667,0.555556
2,W6,SG1,13,44,3.000000,SG1,A2_noPostSNV,svm,0.875000,0.888889,0.849057
2,W6,SG1,13,44,3.000000,SG1,A2_noPostSNV,rbf_svm,1.000000,1.000000,1.000000
2,W6,EMSC,13,44,3.000000,EMSC,A2_noPostSNV,svm,0.750000,0.694444,0.692308
2,W6,EMSC,13,44,3.000000,EMSC,A2_noPostSNV,rbf_svm,0.625000,0.511111,0.547170
2,W6,Detrend,13,44,3.000000,Detrend,A2_noPostSNV,svm,0.875000,0.777778,0.846154
2,W6,Detrend,13,44,3.000000,Detrend,A2_noPostSNV,rbf_svm,0.750000,0.777778,0.703704
2,W6,USP,14,44,4.000000,none,A_postSNV,svm,0.875000,0.777778,0.846154
2,W6,USP,14,44,4.000000,none,A_postSNV,rbf_svm,1.000000,1.000000,1.000000
2,W6,SNV,14,44,4.000000,SNV,A2_noPostSNV,svm,0.875000,0.777778,0.846154
2,W6,SNV,14,44,4.000000,SNV,A2_noPostSNV,rbf_svm,1.000000,1.000000,1.000000
2,W6,SG1,14,44,4.000000,SG1,A2_noPostSNV,svm,0.875000,0.777778,0.846154
2,W6,SG1,14,44,4.000000,SG1,A2_noPostSNV,rbf_svm,1.000000,1.000000,1.000000
2,W6,EMSC,14,44,4.000000,EMSC,A2_noPostSNV,svm,0.875000,0.777778,0.846154
2,W6,EMSC,14,44,4.000000,EMSC,A2_noPostSNV,rbf_svm,1.000000,1.000000,1.000000
2,W6,Detrend,14,44,4.000000,Detrend,A2_noPostSNV,svm,0.875000,0.777778,0.846154
2,W6,Detrend,14,44,4.000000,Detrend,A2_noPostSNV,rbf_svm,1.000000,1.000000,1.000000
2,W6,USP,15,45,0.000000,none,A_postSNV,svm,1.000000,1.000000,1.000000
2,W6,USP,15,45,0.000000,none,A_postSNV,rbf_svm,1.000000,1.000000,1.000000
2,W6,SNV,15,45,0.000000,SNV,A2_noPostSNV,svm,1.000000,1.000000,1.000000
2,W6,SNV,15,45,0.000000,SNV,A2_noPostSNV,rbf_svm,0.888889,0.800000,0.861538
2,W6,SG1,15,45,0.000000,SG1,A2_noPostSNV,svm,1.000000,1.000000,1.000000
2,W6,SG1,15,45,0.000000,SG1,A2_noPostSNV,rbf_svm,1.000000,1.000000,1.000000
2,W6,EMSC,15,45,0.000000,EMSC,A2_noPostSNV,svm,0.888889,0.888889,0.865672
2,W6,EMSC,15,45,0.000000,EMSC,A2_noPostSNV,rbf_svm,0.888889,0.800000,0.861538
2,W6,Detrend,15,45,0.000000,Detrend,A2_noPostSNV,svm,1.000000,1.000000,1.000000
2,W6,Detrend,15,45,0.000000,Detrend,A2_noPostSNV,rbf_svm,0.888889,0.911111,0.863636
2,W6,USP,16,45,1.000000,none,A_postSNV,svm,0.777778,0.633333,0.723077
2,W6,USP,16,45,1.000000,none,A_postSNV,rbf_svm,0.666667,0.677778,0.608696
2,W6,SNV,16,45,1.000000,SNV,A2_noPostSNV,svm,1.000000,1.000000,1.000000
2,W6,SNV,16,45,1.000000,SNV,A2_noPostSNV,rbf_svm,0.777778,0.722222,0.723077
2,W6,SG1,16,45,1.000000,SG1,A2_noPostSNV,svm,0.777778,0.744444,0.731343
2,W6,SG1,16,45,1.000000,SG1,A2_noPostSNV,rbf_svm,0.777778,0.688889,0.727273
2,W6,EMSC,16,45,1.000000,EMSC,A2_noPostSNV,svm,0.777778,0.750000,0.735294
2,W6,EMSC,16,45,1.000000,EMSC,A2_noPostSNV,rbf_svm,0.888889,0.911111,0.863636
2,W6,Detrend,16,45,1.000000,Detrend,A2_noPostSNV,svm,0.888889,0.911111,0.863636
2,W6,Detrend,16,45,1.000000,Detrend,A2_noPostSNV,rbf_svm,0.777778,0.688889,0.727273
2,W6,USP,17,45,2.000000,none,A_postSNV,svm,0.750000,0.722222,0.698113
2,W6,USP,17,45,2.000000,none,A_postSNV,rbf_svm,0.750000,0.805556,0.703704
2,W6,SNV,17,45,2.000000,SNV,A2_noPostSNV,svm,0.875000,0.777778,0.846154
2,W6,SNV,17,45,2.000000,SNV,A2_noPostSNV,rbf_svm,0.875000,0.777778,0.846154
2,W6,SG1,17,45,2.000000,SG1,A2_noPostSNV,svm,1.000000,1.000000,1.000000
2,W6,SG1,17,45,2.000000,SG1,A2_noPostSNV,rbf_svm,0.875000,0.777778,0.846154
2,W6,EMSC,17,45,2.000000,EMSC,A2_noPostSNV,svm,0.750000,0.611111,0.692308
2,W6,EMSC,17,45,2.000000,EMSC,A2_noPostSNV,rbf_svm,0.875000,0.777778,0.846154
2,W6,Detrend,17,45,2.000000,Detrend,A2_noPostSNV,svm,0.875000,0.911111,0.846154
2,W6,Detrend,17,45,2.000000,Detrend,A2_noPostSNV,rbf_svm,0.750000,0.688889,0.692308
2,W6,USP,18,45,3.000000,none,A_postSNV,svm,0.750000,0.611111,0.692308
2,W6,USP,18,45,3.000000,none,A_postSNV,rbf_svm,0.750000,0.577778,0.686275
2,W6,SNV,18,45,3.000000,SNV,A2_noPostSNV,svm,0.875000,0.777778,0.846154
2,W6,SNV,18,45,3.000000,SNV,A2_noPostSNV,rbf_svm,1.000000,1.000000,1.000000
2,W6,SG1,18,45,3.000000,SG1,A2_noPostSNV,svm,0.875000,0.777778,0.846154
2,W6,SG1,18,45,3.000000,SG1,A2_noPostSNV,rbf_svm,0.750000,0.666667,0.692308
2,W6,EMSC,18,45,3.000000,EMSC,A2_noPostSNV,svm,0.875000,0.777778,0.846154
2,W6,EMSC,18,45,3.000000,EMSC,A2_noPostSNV,rbf_svm,0.750000,0.583333,0.692308
2,W6,Detrend,18,45,3.000000,Detrend,A2_noPostSNV,svm,0.875000,0.777778,0.846154
2,W6,Detrend,18,45,3.000000,Detrend,A2_noPostSNV,rbf_svm,0.875000,0.777778,0.846154
2,W6,USP,19,45,4.000000,none,A_postSNV,svm,0.875000,0.911111,0.846154
2,W6,USP,19,45,4.000000,none,A_postSNV,rbf_svm,0.625000,0.511111,0.547170
2,W6,SNV,19,45,4.000000,SNV,A2_noPostSNV,svm,0.875000,0.911111,0.846154
2,W6,SNV,19,45,4.000000,SNV,A2_noPostSNV,rbf_svm,0.625000,0.566667,0.555556
2,W6,SG1,19,45,4.000000,SG1,A2_noPostSNV,svm,0.875000,0.777778,0.846154
2,W6,SG1,19,45,4.000000,SG1,A2_noPostSNV,rbf_svm,0.750000,0.694444,0.698113
2,W6,EMSC,19,45,4.000000,EMSC,A2_noPostSNV,svm,0.875000,0.911111,0.846154
2,W6,EMSC,19,45,4.000000,EMSC,A2_noPostSNV,rbf_svm,0.750000,0.694444,0.698113
2,W6,Detrend,19,45,4.000000,Detrend,A2_noPostSNV,svm,0.875000,0.777778,0.846154
2,W6,Detrend,19,45,4.000000,Detrend,A2_noPostSNV,rbf_svm,0.750000,0.744444,0.698113
2,W6,USP,20,46,0.000000,none,A_postSNV,svm,0.666667,0.583333,0.597015
2,W6,USP,20,46,0.000000,none,A_postSNV,rbf_svm,0.777778,0.688889,0.727273
2,W6,SNV,20,46,0.000000,SNV,A2_noPostSNV,svm,0.555556,0.411111,0.454545
2,W6,SNV,20,46,0.000000,SNV,A2_noPostSNV,rbf_svm,0.666667,0.539683,0.578125
2,W6,SG1,20,46,0.000000,SG1,A2_noPostSNV,svm,1.000000,1.000000,1.000000
2,W6,SG1,20,46,0.000000,SG1,A2_noPostSNV,rbf_svm,0.888889,0.800000,0.861538
2,W6,EMSC,20,46,0.000000,EMSC,A2_noPostSNV,svm,0.777778,0.800000,0.731343
2,W6,EMSC,20,46,0.000000,EMSC,A2_noPostSNV,rbf_svm,0.777778,0.722222,0.723077
2,W6,Detrend,20,46,0.000000,Detrend,A2_noPostSNV,svm,1.000000,1.000000,1.000000
2,W6,Detrend,20,46,0.000000,Detrend,A2_noPostSNV,rbf_svm,1.000000,1.000000,1.000000
2,W6,USP,21,46,1.000000,none,A_postSNV,svm,0.777778,0.694444,0.731343
2,W6,USP,21,46,1.000000,none,A_postSNV,rbf_svm,0.666667,0.611111,0.590909
2,W6,SNV,21,46,1.000000,SNV,A2_noPostSNV,svm,1.000000,1.000000,1.000000
2,W6,SNV,21,46,1.000000,SNV,A2_noPostSNV,rbf_svm,0.888889,0.888889,0.865672
2,W6,SG1,21,46,1.000000,SG1,A2_noPostSNV,svm,0.666667,0.694444,0.597015
2,W6,SG1,21,46,1.000000,SG1,A2_noPostSNV,rbf_svm,0.888889,0.800000,0.861538
2,W6,EMSC,21,46,1.000000,EMSC,A2_noPostSNV,svm,0.777778,0.722222,0.735294
2,W6,EMSC,21,46,1.000000,EMSC,A2_noPostSNV,rbf_svm,0.777778,0.722222,0.723077
2,W6,Detrend,21,46,1.000000,Detrend,A2_noPostSNV,svm,0.777778,0.688889,0.727273
2,W6,Detrend,21,46,1.000000,Detrend,A2_noPostSNV,rbf_svm,0.777778,0.688889,0.727273
2,W6,USP,22,46,2.000000,none,A_postSNV,svm,0.500000,0.455556,0.418182
2,W6,USP,22,46,2.000000,none,A_postSNV,rbf_svm,1.000000,1.000000,1.000000
2,W6,SNV,22,46,2.000000,SNV,A2_noPostSNV,svm,1.000000,1.000000,1.000000
2,W6,SNV,22,46,2.000000,SNV,A2_noPostSNV,rbf_svm,0.875000,0.888889,0.849057
2,W6,SG1,22,46,2.000000,SG1,A2_noPostSNV,svm,0.750000,0.777778,0.692308
2,W6,SG1,22,46,2.000000,SG1,A2_noPostSNV,rbf_svm,0.500000,0.500000,0.418182
2,W6,EMSC,22,46,2.000000,EMSC,A2_noPostSNV,svm,0.875000,0.777778,0.846154
2,W6,EMSC,22,46,2.000000,EMSC,A2_noPostSNV,rbf_svm,1.000000,1.000000,1.000000
2,W6,Detrend,22,46,2.000000,Detrend,A2_noPostSNV,svm,0.750000,0.777778,0.692308
2,W6,Detrend,22,46,2.000000,Detrend,A2_noPostSNV,rbf_svm,0.625000,0.677778,0.563636
2,W6,USP,23,46,3.000000,none,A_postSNV,svm,0.875000,0.777778,0.846154
2,W6,USP,23,46,3.000000,none,A_postSNV,rbf_svm,0.875000,0.800000,0.843137
2,W6,SNV,23,46,3.000000,SNV,A2_noPostSNV,svm,1.000000,1.000000,1.000000
2,W6,SNV,23,46,3.000000,SNV,A2_noPostSNV,rbf_svm,0.875000,0.888889,0.849057
2,W6,SG1,23,46,3.000000,SG1,A2_noPostSNV,svm,0.875000,0.777778,0.846154
2,W6,SG1,23,46,3.000000,SG1,A2_noPostSNV,rbf_svm,0.875000,0.777778,0.846154
2,W6,EMSC,23,46,3.000000,EMSC,A2_noPostSNV,svm,0.875000,0.777778,0.846154
2,W6,EMSC,23,46,3.000000,EMSC,A2_noPostSNV,rbf_svm,0.875000,0.888889,0.849057
2,W6,Detrend,23,46,3.000000,Detrend,A2_noPostSNV,svm,1.000000,1.000000,1.000000
2,W6,Detrend,23,46,3.000000,Detrend,A2_noPostSNV,rbf_svm,0.750000,0.694444,0.698113
2,W6,USP,24,46,4.000000,none,A_postSNV,svm,0.875000,0.777778,0.846154
2,W6,USP,24,46,4.000000,none,A_postSNV,rbf_svm,0.750000,0.577778,0.686275
2,W6,SNV,24,46,4.000000,SNV,A2_noPostSNV,svm,0.750000,0.694444,0.698113
2,W6,SNV,24,46,4.000000,SNV,A2_noPostSNV,rbf_svm,0.750000,0.694444,0.698113
2,W6,SG1,24,46,4.000000,SG1,A2_noPostSNV,svm,1.000000,1.000000,1.000000
2,W6,SG1,24,46,4.000000,SG1,A2_noPostSNV,rbf_svm,1.000000,1.000000,1.000000
2,W6,EMSC,24,46,4.000000,EMSC,A2_noPostSNV,svm,0.875000,0.800000,0.843137
2,W6,EMSC,24,46,4.000000,EMSC,A2_noPostSNV,rbf_svm,0.875000,0.888889,0.849057
2,W6,Detrend,24,46,4.000000,Detrend,A2_noPostSNV,svm,1.000000,1.000000,1.000000
2,W6,Detrend,24,46,4.000000,Detrend,A2_noPostSNV,rbf_svm,0.875000,0.777778,0.846154
2,TG,USP,0,42,0.000000,none,A_postSNV,svm,0.555556,0.494444,0.462687
2,TG,USP,0,42,0.000000,none,A_postSNV,rbf_svm,0.444444,0.300000,0.338235
2,TG,SNV,0,42,0.000000,SNV,A2_noPostSNV,svm,1.000000,1.000000,1.000000
2,TG,SNV,0,42,0.000000,SNV,A2_noPostSNV,rbf_svm,0.777778,0.688889,0.727273
2,TG,SG1,0,42,0.000000,SG1,A2_noPostSNV,svm,0.888889,0.911111,0.863636
2,TG,SG1,0,42,0.000000,SG1,A2_noPostSNV,rbf_svm,0.777778,0.800000,0.731343
2,TG,EMSC,0,42,0.000000,EMSC,A2_noPostSNV,svm,0.888889,0.911111,0.863636
2,TG,EMSC,0,42,0.000000,EMSC,A2_noPostSNV,rbf_svm,0.777778,0.805556,0.735294
2,TG,Detrend,0,42,0.000000,Detrend,A2_noPostSNV,svm,0.888889,0.911111,0.863636
2,TG,Detrend,0,42,0.000000,Detrend,A2_noPostSNV,rbf_svm,0.777778,0.800000,0.731343
2,TG,USP,1,42,1.000000,none,A_postSNV,svm,0.888889,0.777778,0.863636
2,TG,USP,1,42,1.000000,none,A_postSNV,rbf_svm,0.888889,0.777778,0.863636
2,TG,SNV,1,42,1.000000,SNV,A2_noPostSNV,svm,0.888889,0.888889,0.865672
2,TG,SNV,1,42,1.000000,SNV,A2_noPostSNV,rbf_svm,0.777778,0.694444,0.731343
2,TG,SG1,1,42,1.000000,SG1,A2_noPostSNV,svm,0.888889,0.888889,0.865672
2,TG,SG1,1,42,1.000000,SG1,A2_noPostSNV,rbf_svm,0.777778,0.711111,0.723077
2,TG,EMSC,1,42,1.000000,EMSC,A2_noPostSNV,svm,0.888889,0.888889,0.865672
2,TG,EMSC,1,42,1.000000,EMSC,A2_noPostSNV,rbf_svm,0.888889,0.800000,0.861538
2,TG,Detrend,1,42,1.000000,Detrend,A2_noPostSNV,svm,0.888889,0.888889,0.865672
2,TG,Detrend,1,42,1.000000,Detrend,A2_noPostSNV,rbf_svm,0.777778,0.722222,0.723077
2,TG,USP,2,42,2.000000,none,A_postSNV,svm,1.000000,1.000000,1.000000
2,TG,USP,2,42,2.000000,none,A_postSNV,rbf_svm,0.750000,0.694444,0.698113
2,TG,SNV,2,42,2.000000,SNV,A2_noPostSNV,svm,0.750000,0.666667,0.698113
2,TG,SNV,2,42,2.000000,SNV,A2_noPostSNV,rbf_svm,0.750000,0.722222,0.686275
2,TG,SG1,2,42,2.000000,SG1,A2_noPostSNV,svm,0.625000,0.555556,0.538462
2,TG,SG1,2,42,2.000000,SG1,A2_noPostSNV,rbf_svm,0.625000,0.566667,0.555556
2,TG,EMSC,2,42,2.000000,EMSC,A2_noPostSNV,svm,0.750000,0.666667,0.698113
2,TG,EMSC,2,42,2.000000,EMSC,A2_noPostSNV,rbf_svm,0.750000,0.694444,0.698113
2,TG,Detrend,2,42,2.000000,Detrend,A2_noPostSNV,svm,0.750000,0.694444,0.692308
2,TG,Detrend,2,42,2.000000,Detrend,A2_noPostSNV,rbf_svm,0.750000,0.694444,0.698113
2,TG,USP,3,42,3.000000,none,A_postSNV,svm,0.750000,0.722222,0.703704
2,TG,USP,3,42,3.000000,none,A_postSNV,rbf_svm,0.500000,0.483333,0.396226
2,TG,SNV,3,42,3.000000,SNV,A2_noPostSNV,svm,0.750000,0.750000,0.703704
2,TG,SNV,3,42,3.000000,SNV,A2_noPostSNV,rbf_svm,0.625000,0.677778,0.563636
2,TG,SG1,3,42,3.000000,SG1,A2_noPostSNV,svm,0.625000,0.611111,0.563636
2,TG,SG1,3,42,3.000000,SG1,A2_noPostSNV,rbf_svm,0.500000,0.511111,0.428571
2,TG,EMSC,3,42,3.000000,EMSC,A2_noPostSNV,svm,0.750000,0.722222,0.703704
2,TG,EMSC,3,42,3.000000,EMSC,A2_noPostSNV,rbf_svm,0.750000,0.777778,0.692308
2,TG,Detrend,3,42,3.000000,Detrend,A2_noPostSNV,svm,0.750000,0.750000,0.703704
2,TG,Detrend,3,42,3.000000,Detrend,A2_noPostSNV,rbf_svm,0.625000,0.677778,0.563636
2,TG,USP,4,42,4.000000,none,A_postSNV,svm,0.875000,0.777778,0.846154
2,TG,USP,4,42,4.000000,none,A_postSNV,rbf_svm,0.875000,0.777778,0.846154
2,TG,SNV,4,42,4.000000,SNV,A2_noPostSNV,svm,0.625000,0.555556,0.547170
2,TG,SNV,4,42,4.000000,SNV,A2_noPostSNV,rbf_svm,0.750000,0.750000,0.692308
2,TG,SG1,4,42,4.000000,SG1,A2_noPostSNV,svm,0.875000,0.777778,0.846154
2,TG,SG1,4,42,4.000000,SG1,A2_noPostSNV,rbf_svm,0.750000,0.577778,0.686275
2,TG,EMSC,4,42,4.000000,EMSC,A2_noPostSNV,svm,0.750000,0.722222,0.698113
2,TG,EMSC,4,42,4.000000,EMSC,A2_noPostSNV,rbf_svm,0.875000,0.800000,0.843137
2,TG,Detrend,4,42,4.000000,Detrend,A2_noPostSNV,svm,0.625000,0.500000,0.547170
2,TG,Detrend,4,42,4.000000,Detrend,A2_noPostSNV,rbf_svm,0.750000,0.611111,0.680000
2,TG,USP,5,43,0.000000,none,A_postSNV,svm,0.777778,0.600000,0.718750
2,TG,USP,5,43,0.000000,none,A_postSNV,rbf_svm,0.666667,0.494444,0.590909
2,TG,SNV,5,43,0.000000,SNV,A2_noPostSNV,svm,0.777778,0.688889,0.727273
2,TG,SNV,5,43,0.000000,SNV,A2_noPostSNV,rbf_svm,0.777778,0.688889,0.727273
2,TG,SG1,5,43,0.000000,SG1,A2_noPostSNV,svm,0.888889,0.888889,0.865672
2,TG,SG1,5,43,0.000000,SG1,A2_noPostSNV,rbf_svm,0.777778,0.805556,0.735294
2,TG,EMSC,5,43,0.000000,EMSC,A2_noPostSNV,svm,0.777778,0.688889,0.727273
2,TG,EMSC,5,43,0.000000,EMSC,A2_noPostSNV,rbf_svm,0.777778,0.722222,0.723077
2,TG,Detrend,5,43,0.000000,Detrend,A2_noPostSNV,svm,0.777778,0.688889,0.727273
2,TG,Detrend,5,43,0.000000,Detrend,A2_noPostSNV,rbf_svm,0.666667,0.611111,0.597015
2,TG,USP,6,43,1.000000,none,A_postSNV,svm,0.888889,0.888889,0.865672
2,TG,USP,6,43,1.000000,none,A_postSNV,rbf_svm,0.888889,0.888889,0.865672
2,TG,SNV,6,43,1.000000,SNV,A2_noPostSNV,svm,0.888889,0.888889,0.865672
2,TG,SNV,6,43,1.000000,SNV,A2_noPostSNV,rbf_svm,0.888889,0.888889,0.865672
2,TG,SG1,6,43,1.000000,SG1,A2_noPostSNV,svm,0.888889,0.888889,0.865672
2,TG,SG1,6,43,1.000000,SG1,A2_noPostSNV,rbf_svm,0.888889,0.888889,0.865672
2,TG,EMSC,6,43,1.000000,EMSC,A2_noPostSNV,svm,0.777778,0.688889,0.727273
2,TG,EMSC,6,43,1.000000,EMSC,A2_noPostSNV,rbf_svm,0.888889,0.888889,0.865672
2,TG,Detrend,6,43,1.000000,Detrend,A2_noPostSNV,svm,0.777778,0.688889,0.727273
2,TG,Detrend,6,43,1.000000,Detrend,A2_noPostSNV,rbf_svm,0.666667,0.611111,0.590909
2,TG,USP,7,43,2.000000,none,A_postSNV,svm,0.625000,0.583333,0.538462
2,TG,USP,7,43,2.000000,none,A_postSNV,rbf_svm,0.375000,0.269841,0.259259
2,TG,SNV,7,43,2.000000,SNV,A2_noPostSNV,svm,0.625000,0.522222,0.538462
2,TG,SNV,7,43,2.000000,SNV,A2_noPostSNV,rbf_svm,0.500000,0.361111,0.346939
2,TG,SG1,7,43,2.000000,SG1,A2_noPostSNV,svm,0.500000,0.373016,0.360000
2,TG,SG1,7,43,2.000000,SG1,A2_noPostSNV,rbf_svm,0.375000,0.185185,0.166667
2,TG,EMSC,7,43,2.000000,EMSC,A2_noPostSNV,svm,0.500000,0.300000,0.372549
2,TG,EMSC,7,43,2.000000,EMSC,A2_noPostSNV,rbf_svm,0.500000,0.361111,0.346939
2,TG,Detrend,7,43,2.000000,Detrend,A2_noPostSNV,svm,0.625000,0.500000,0.529412
2,TG,Detrend,7,43,2.000000,Detrend,A2_noPostSNV,rbf_svm,0.375000,0.185185,0.166667
2,TG,USP,8,43,3.000000,none,A_postSNV,svm,0.750000,0.722222,0.703704
2,TG,USP,8,43,3.000000,none,A_postSNV,rbf_svm,0.875000,0.911111,0.846154
2,TG,SNV,8,43,3.000000,SNV,A2_noPostSNV,svm,0.750000,0.722222,0.703704
2,TG,SNV,8,43,3.000000,SNV,A2_noPostSNV,rbf_svm,0.750000,0.750000,0.703704
2,TG,SG1,8,43,3.000000,SG1,A2_noPostSNV,svm,1.000000,1.000000,1.000000
2,TG,SG1,8,43,3.000000,SG1,A2_noPostSNV,rbf_svm,0.875000,0.888889,0.849057
2,TG,EMSC,8,43,3.000000,EMSC,A2_noPostSNV,svm,0.875000,0.888889,0.849057
2,TG,EMSC,8,43,3.000000,EMSC,A2_noPostSNV,rbf_svm,0.750000,0.750000,0.703704
2,TG,Detrend,8,43,3.000000,Detrend,A2_noPostSNV,svm,0.875000,0.888889,0.849057
2,TG,Detrend,8,43,3.000000,Detrend,A2_noPostSNV,rbf_svm,0.750000,0.777778,0.703704
2,TG,USP,9,43,4.000000,none,A_postSNV,svm,0.875000,0.888889,0.849057
2,TG,USP,9,43,4.000000,none,A_postSNV,rbf_svm,0.750000,0.744444,0.698113
2,TG,SNV,9,43,4.000000,SNV,A2_noPostSNV,svm,0.875000,0.911111,0.846154
2,TG,SNV,9,43,4.000000,SNV,A2_noPostSNV,rbf_svm,0.875000,0.911111,0.846154
2,TG,SG1,9,43,4.000000,SG1,A2_noPostSNV,svm,0.750000,0.722222,0.698113
2,TG,SG1,9,43,4.000000,SG1,A2_noPostSNV,rbf_svm,0.875000,0.888889,0.849057
2,TG,EMSC,9,43,4.000000,EMSC,A2_noPostSNV,svm,0.875000,0.888889,0.849057
2,TG,EMSC,9,43,4.000000,EMSC,A2_noPostSNV,rbf_svm,0.750000,0.744444,0.698113
2,TG,Detrend,9,43,4.000000,Detrend,A2_noPostSNV,svm,0.875000,0.888889,0.849057
2,TG,Detrend,9,43,4.000000,Detrend,A2_noPostSNV,rbf_svm,0.875000,0.888889,0.849057
2,TG,USP,10,44,0.000000,none,A_postSNV,svm,0.888889,0.911111,0.863636
2,TG,USP,10,44,0.000000,none,A_postSNV,rbf_svm,0.666667,0.638889,0.608696
2,TG,SNV,10,44,0.000000,SNV,A2_noPostSNV,svm,0.777778,0.722222,0.723077
2,TG,SNV,10,44,0.000000,SNV,A2_noPostSNV,rbf_svm,0.777778,0.722222,0.723077
2,TG,SG1,10,44,0.000000,SG1,A2_noPostSNV,svm,1.000000,1.000000,1.000000
2,TG,SG1,10,44,0.000000,SG1,A2_noPostSNV,rbf_svm,0.888889,0.911111,0.863636
2,TG,EMSC,10,44,0.000000,EMSC,A2_noPostSNV,svm,0.777778,0.722222,0.723077
2,TG,EMSC,10,44,0.000000,EMSC,A2_noPostSNV,rbf_svm,0.777778,0.722222,0.723077
2,TG,Detrend,10,44,0.000000,Detrend,A2_noPostSNV,svm,0.888889,0.888889,0.865672
2,TG,Detrend,10,44,0.000000,Detrend,A2_noPostSNV,rbf_svm,0.666667,0.539683,0.578125
2,TG,USP,11,44,1.000000,none,A_postSNV,svm,0.888889,0.800000,0.861538
2,TG,USP,11,44,1.000000,none,A_postSNV,rbf_svm,0.888889,0.777778,0.863636
2,TG,SNV,11,44,1.000000,SNV,A2_noPostSNV,svm,0.888889,0.888889,0.865672
2,TG,SNV,11,44,1.000000,SNV,A2_noPostSNV,rbf_svm,0.888889,0.888889,0.865672
2,TG,SG1,11,44,1.000000,SG1,A2_noPostSNV,svm,0.777778,0.800000,0.731343
2,TG,SG1,11,44,1.000000,SG1,A2_noPostSNV,rbf_svm,0.888889,0.888889,0.865672
2,TG,EMSC,11,44,1.000000,EMSC,A2_noPostSNV,svm,0.888889,0.888889,0.865672
2,TG,EMSC,11,44,1.000000,EMSC,A2_noPostSNV,rbf_svm,0.888889,0.888889,0.865672
2,TG,Detrend,11,44,1.000000,Detrend,A2_noPostSNV,svm,0.888889,0.888889,0.865672
2,TG,Detrend,11,44,1.000000,Detrend,A2_noPostSNV,rbf_svm,0.888889,0.888889,0.865672
2,TG,USP,12,44,2.000000,none,A_postSNV,svm,0.500000,0.388889,0.396226
2,TG,USP,12,44,2.000000,none,A_postSNV,rbf_svm,0.375000,0.277778,0.272727
2,TG,SNV,12,44,2.000000,SNV,A2_noPostSNV,svm,0.625000,0.522222,0.538462
2,TG,SNV,12,44,2.000000,SNV,A2_noPostSNV,rbf_svm,0.375000,0.325397,0.272727
2,TG,SG1,12,44,2.000000,SG1,A2_noPostSNV,svm,0.500000,0.555556,0.396226
2,TG,SG1,12,44,2.000000,SG1,A2_noPostSNV,rbf_svm,0.500000,0.500000,0.418182
2,TG,EMSC,12,44,2.000000,EMSC,A2_noPostSNV,svm,0.500000,0.611111,0.396226
2,TG,EMSC,12,44,2.000000,EMSC,A2_noPostSNV,rbf_svm,0.375000,0.325397,0.272727
2,TG,Detrend,12,44,2.000000,Detrend,A2_noPostSNV,svm,0.500000,0.555556,0.396226
2,TG,Detrend,12,44,2.000000,Detrend,A2_noPostSNV,rbf_svm,0.500000,0.500000,0.418182
2,TG,USP,13,44,3.000000,none,A_postSNV,svm,0.875000,0.777778,0.846154
2,TG,USP,13,44,3.000000,none,A_postSNV,rbf_svm,0.625000,0.595238,0.529412
2,TG,SNV,13,44,3.000000,SNV,A2_noPostSNV,svm,0.625000,0.583333,0.555556
2,TG,SNV,13,44,3.000000,SNV,A2_noPostSNV,rbf_svm,0.500000,0.444444,0.407407
2,TG,SG1,13,44,3.000000,SG1,A2_noPostSNV,svm,0.625000,0.583333,0.555556
2,TG,SG1,13,44,3.000000,SG1,A2_noPostSNV,rbf_svm,0.500000,0.400000,0.384615
2,TG,EMSC,13,44,3.000000,EMSC,A2_noPostSNV,svm,0.625000,0.583333,0.555556
2,TG,EMSC,13,44,3.000000,EMSC,A2_noPostSNV,rbf_svm,0.625000,0.583333,0.555556
2,TG,Detrend,13,44,3.000000,Detrend,A2_noPostSNV,svm,0.625000,0.583333,0.555556
2,TG,Detrend,13,44,3.000000,Detrend,A2_noPostSNV,rbf_svm,0.625000,0.583333,0.547170
2,TG,USP,14,44,4.000000,none,A_postSNV,svm,1.000000,1.000000,1.000000
2,TG,USP,14,44,4.000000,none,A_postSNV,rbf_svm,1.000000,1.000000,1.000000
2,TG,SNV,14,44,4.000000,SNV,A2_noPostSNV,svm,0.750000,0.805556,0.698113
2,TG,SNV,14,44,4.000000,SNV,A2_noPostSNV,rbf_svm,0.750000,0.805556,0.703704
2,TG,SG1,14,44,4.000000,SG1,A2_noPostSNV,svm,0.750000,0.750000,0.703704
2,TG,SG1,14,44,4.000000,SG1,A2_noPostSNV,rbf_svm,0.625000,0.677778,0.563636
2,TG,EMSC,14,44,4.000000,EMSC,A2_noPostSNV,svm,0.875000,0.888889,0.849057
2,TG,EMSC,14,44,4.000000,EMSC,A2_noPostSNV,rbf_svm,0.750000,0.805556,0.703704
2,TG,Detrend,14,44,4.000000,Detrend,A2_noPostSNV,svm,0.750000,0.750000,0.703704
2,TG,Detrend,14,44,4.000000,Detrend,A2_noPostSNV,rbf_svm,0.625000,0.677778,0.563636
2,TG,USP,15,45,0.000000,none,A_postSNV,svm,1.000000,1.000000,1.000000
2,TG,USP,15,45,0.000000,none,A_postSNV,rbf_svm,1.000000,1.000000,1.000000
2,TG,SNV,15,45,0.000000,SNV,A2_noPostSNV,svm,1.000000,1.000000,1.000000
2,TG,SNV,15,45,0.000000,SNV,A2_noPostSNV,rbf_svm,1.000000,1.000000,1.000000
2,TG,SG1,15,45,0.000000,SG1,A2_noPostSNV,svm,0.777778,0.750000,0.735294
2,TG,SG1,15,45,0.000000,SG1,A2_noPostSNV,rbf_svm,0.777778,0.777778,0.727273
2,TG,EMSC,15,45,0.000000,EMSC,A2_noPostSNV,svm,0.888889,0.888889,0.865672
2,TG,EMSC,15,45,0.000000,EMSC,A2_noPostSNV,rbf_svm,0.888889,0.911111,0.863636
2,TG,Detrend,15,45,0.000000,Detrend,A2_noPostSNV,svm,0.888889,0.888889,0.865672
2,TG,Detrend,15,45,0.000000,Detrend,A2_noPostSNV,rbf_svm,0.777778,0.777778,0.727273
2,TG,USP,16,45,1.000000,none,A_postSNV,svm,0.777778,0.750000,0.735294
2,TG,USP,16,45,1.000000,none,A_postSNV,rbf_svm,0.333333,0.333333,0.228571
2,TG,SNV,16,45,1.000000,SNV,A2_noPostSNV,svm,0.777778,0.716667,0.723077
2,TG,SNV,16,45,1.000000,SNV,A2_noPostSNV,rbf_svm,0.777778,0.722222,0.723077
2,TG,SG1,16,45,1.000000,SG1,A2_noPostSNV,svm,0.777778,0.688889,0.727273
2,TG,SG1,16,45,1.000000,SG1,A2_noPostSNV,rbf_svm,0.555556,0.444444,0.470588
2,TG,EMSC,16,45,1.000000,EMSC,A2_noPostSNV,svm,0.777778,0.666667,0.731343
2,TG,EMSC,16,45,1.000000,EMSC,A2_noPostSNV,rbf_svm,0.777778,0.722222,0.723077
2,TG,Detrend,16,45,1.000000,Detrend,A2_noPostSNV,svm,0.777778,0.666667,0.731343
2,TG,Detrend,16,45,1.000000,Detrend,A2_noPostSNV,rbf_svm,0.777778,0.694444,0.731343
2,TG,USP,17,45,2.000000,none,A_postSNV,svm,0.625000,0.500000,0.555556
2,TG,USP,17,45,2.000000,none,A_postSNV,rbf_svm,0.750000,0.722222,0.703704
2,TG,SNV,17,45,2.000000,SNV,A2_noPostSNV,svm,0.875000,0.777778,0.846154
2,TG,SNV,17,45,2.000000,SNV,A2_noPostSNV,rbf_svm,0.500000,0.400000,0.407407
2,TG,SG1,17,45,2.000000,SG1,A2_noPostSNV,svm,0.875000,0.777778,0.846154
2,TG,SG1,17,45,2.000000,SG1,A2_noPostSNV,rbf_svm,0.625000,0.583333,0.555556
2,TG,EMSC,17,45,2.000000,EMSC,A2_noPostSNV,svm,0.750000,0.577778,0.686275
2,TG,EMSC,17,45,2.000000,EMSC,A2_noPostSNV,rbf_svm,0.625000,0.511111,0.547170
2,TG,Detrend,17,45,2.000000,Detrend,A2_noPostSNV,svm,0.625000,0.527778,0.538462
2,TG,Detrend,17,45,2.000000,Detrend,A2_noPostSNV,rbf_svm,0.500000,0.400000,0.407407
2,TG,USP,18,45,3.000000,none,A_postSNV,svm,0.750000,0.583333,0.692308
2,TG,USP,18,45,3.000000,none,A_postSNV,rbf_svm,0.625000,0.388889,0.520000
2,TG,SNV,18,45,3.000000,SNV,A2_noPostSNV,svm,0.500000,0.416667,0.396226
2,TG,SNV,18,45,3.000000,SNV,A2_noPostSNV,rbf_svm,0.625000,0.500000,0.529412
2,TG,SG1,18,45,3.000000,SG1,A2_noPostSNV,svm,0.625000,0.466667,0.538462
2,TG,SG1,18,45,3.000000,SG1,A2_noPostSNV,rbf_svm,0.625000,0.511111,0.547170
2,TG,EMSC,18,45,3.000000,EMSC,A2_noPostSNV,svm,0.625000,0.472222,0.538462
2,TG,EMSC,18,45,3.000000,EMSC,A2_noPostSNV,rbf_svm,0.625000,0.472222,0.547170
2,TG,Detrend,18,45,3.000000,Detrend,A2_noPostSNV,svm,0.625000,0.466667,0.538462
2,TG,Detrend,18,45,3.000000,Detrend,A2_noPostSNV,rbf_svm,0.625000,0.555556,0.547170
2,TG,USP,19,45,4.000000,none,A_postSNV,svm,0.750000,0.666667,0.698113
2,TG,USP,19,45,4.000000,none,A_postSNV,rbf_svm,0.500000,0.444444,0.407407
2,TG,SNV,19,45,4.000000,SNV,A2_noPostSNV,svm,0.750000,0.688889,0.692308
2,TG,SNV,19,45,4.000000,SNV,A2_noPostSNV,rbf_svm,0.750000,0.722222,0.686275
2,TG,SG1,19,45,4.000000,SG1,A2_noPostSNV,svm,1.000000,1.000000,1.000000
2,TG,SG1,19,45,4.000000,SG1,A2_noPostSNV,rbf_svm,0.625000,0.511111,0.547170
2,TG,EMSC,19,45,4.000000,EMSC,A2_noPostSNV,svm,0.750000,0.722222,0.698113
2,TG,EMSC,19,45,4.000000,EMSC,A2_noPostSNV,rbf_svm,0.750000,0.722222,0.686275
2,TG,Detrend,19,45,4.000000,Detrend,A2_noPostSNV,svm,0.625000,0.494444,0.529412
2,TG,Detrend,19,45,4.000000,Detrend,A2_noPostSNV,rbf_svm,0.625000,0.511111,0.547170
2,TG,USP,20,46,0.000000,none,A_postSNV,svm,1.000000,1.000000,1.000000
2,TG,USP,20,46,0.000000,none,A_postSNV,rbf_svm,0.666667,0.622222,0.602941
2,TG,SNV,20,46,0.000000,SNV,A2_noPostSNV,svm,0.888889,0.800000,0.861538
2,TG,SNV,20,46,0.000000,SNV,A2_noPostSNV,rbf_svm,0.666667,0.555556,0.584615
2,TG,SG1,20,46,0.000000,SG1,A2_noPostSNV,svm,0.777778,0.694444,0.731343
2,TG,SG1,20,46,0.000000,SG1,A2_noPostSNV,rbf_svm,0.777778,0.722222,0.723077
2,TG,EMSC,20,46,0.000000,EMSC,A2_noPostSNV,svm,0.888889,0.800000,0.861538
2,TG,EMSC,20,46,0.000000,EMSC,A2_noPostSNV,rbf_svm,0.777778,0.722222,0.723077
2,TG,Detrend,20,46,0.000000,Detrend,A2_noPostSNV,svm,0.888889,0.800000,0.861538
2,TG,Detrend,20,46,0.000000,Detrend,A2_noPostSNV,rbf_svm,0.777778,0.722222,0.723077
2,TG,USP,21,46,1.000000,none,A_postSNV,svm,0.777778,0.722222,0.731343
2,TG,USP,21,46,1.000000,none,A_postSNV,rbf_svm,0.555556,0.500000,0.470588
2,TG,SNV,21,46,1.000000,SNV,A2_noPostSNV,svm,0.666667,0.583333,0.602941
2,TG,SNV,21,46,1.000000,SNV,A2_noPostSNV,rbf_svm,0.666667,0.622222,0.602941
2,TG,SG1,21,46,1.000000,SG1,A2_noPostSNV,svm,0.888889,0.888889,0.865672
2,TG,SG1,21,46,1.000000,SG1,A2_noPostSNV,rbf_svm,0.666667,0.638889,0.602941
2,TG,EMSC,21,46,1.000000,EMSC,A2_noPostSNV,svm,0.666667,0.638889,0.602941
2,TG,EMSC,21,46,1.000000,EMSC,A2_noPostSNV,rbf_svm,0.666667,0.677778,0.590909
2,TG,Detrend,21,46,1.000000,Detrend,A2_noPostSNV,svm,0.666667,0.611111,0.602941
2,TG,Detrend,21,46,1.000000,Detrend,A2_noPostSNV,rbf_svm,0.666667,0.638889,0.602941
2,TG,USP,22,46,2.000000,none,A_postSNV,svm,0.750000,0.750000,0.703704
2,TG,USP,22,46,2.000000,none,A_postSNV,rbf_svm,0.750000,0.805556,0.703704
2,TG,SNV,22,46,2.000000,SNV,A2_noPostSNV,svm,0.750000,0.688889,0.692308
2,TG,SNV,22,46,2.000000,SNV,A2_noPostSNV,rbf_svm,0.625000,0.622222,0.555556
2,TG,SG1,22,46,2.000000,SG1,A2_noPostSNV,svm,0.500000,0.527778,0.396226
2,TG,SG1,22,46,2.000000,SG1,A2_noPostSNV,rbf_svm,0.500000,0.500000,0.418182
2,TG,EMSC,22,46,2.000000,EMSC,A2_noPostSNV,svm,0.500000,0.472222,0.407407
2,TG,EMSC,22,46,2.000000,EMSC,A2_noPostSNV,rbf_svm,0.500000,0.500000,0.418182
2,TG,Detrend,22,46,2.000000,Detrend,A2_noPostSNV,svm,0.500000,0.472222,0.407407
2,TG,Detrend,22,46,2.000000,Detrend,A2_noPostSNV,rbf_svm,0.500000,0.500000,0.418182
2,TG,USP,23,46,3.000000,none,A_postSNV,svm,1.000000,1.000000,1.000000
2,TG,USP,23,46,3.000000,none,A_postSNV,rbf_svm,0.750000,0.600000,0.680000
2,TG,SNV,23,46,3.000000,SNV,A2_noPostSNV,svm,0.875000,0.777778,0.846154
2,TG,SNV,23,46,3.000000,SNV,A2_noPostSNV,rbf_svm,0.875000,0.800000,0.843137
2,TG,SG1,23,46,3.000000,SG1,A2_noPostSNV,svm,0.875000,0.777778,0.846154
2,TG,SG1,23,46,3.000000,SG1,A2_noPostSNV,rbf_svm,0.875000,0.777778,0.846154
2,TG,EMSC,23,46,3.000000,EMSC,A2_noPostSNV,svm,0.875000,0.800000,0.843137
2,TG,EMSC,23,46,3.000000,EMSC,A2_noPostSNV,rbf_svm,0.875000,0.800000,0.843137
2,TG,Detrend,23,46,3.000000,Detrend,A2_noPostSNV,svm,0.875000,0.777778,0.846154
2,TG,Detrend,23,46,3.000000,Detrend,A2_noPostSNV,rbf_svm,0.625000,0.566667,0.555556
2,TG,USP,24,46,4.000000,none,A_postSNV,svm,0.875000,0.777778,0.846154
2,TG,USP,24,46,4.000000,none,A_postSNV,rbf_svm,0.875000,0.800000,0.843137
2,TG,SNV,24,46,4.000000,SNV,A2_noPostSNV,svm,0.625000,0.500000,0.555556
2,TG,SNV,24,46,4.000000,SNV,A2_noPostSNV,rbf_svm,0.625000,0.527778,0.555556
2,TG,SG1,24,46,4.000000,SG1,A2_noPostSNV,svm,0.875000,0.777778,0.846154
2,TG,SG1,24,46,4.000000,SG1,A2_noPostSNV,rbf_svm,0.750000,0.722222,0.698113
2,TG,EMSC,24,46,4.000000,EMSC,A2_noPostSNV,svm,0.750000,0.666667,0.698113
2,TG,EMSC,24,46,4.000000,EMSC,A2_noPostSNV,rbf_svm,0.625000,0.527778,0.555556
2,TG,Detrend,24,46,4.000000,Detrend,A2_noPostSNV,svm,0.875000,0.777778,0.846154
2,TG,Detrend,24,46,4.000000,Detrend,A2_noPostSNV,rbf_svm,0.750000,0.722222,0.698113
2,C,USP,0,42,0.000000,none,A_postSNV,svm,0.444444,0.311111,0.338235
2,C,USP,0,42,0.000000,none,A_postSNV,rbf_svm,0.222222,0.125000,0.100000
2,C,SNV,0,42,0.000000,SNV,A2_noPostSNV,svm,0.888889,0.888889,0.865672
2,C,SNV,0,42,0.000000,SNV,A2_noPostSNV,rbf_svm,0.666667,0.666667,0.597015
2,C,SG1,0,42,0.000000,SG1,A2_noPostSNV,svm,0.777778,0.744444,0.731343
2,C,SG1,0,42,0.000000,SG1,A2_noPostSNV,rbf_svm,0.777778,0.777778,0.727273
2,C,EMSC,0,42,0.000000,EMSC,A2_noPostSNV,svm,0.888889,0.888889,0.865672
2,C,EMSC,0,42,0.000000,EMSC,A2_noPostSNV,rbf_svm,0.777778,0.777778,0.727273
2,C,Detrend,0,42,0.000000,Detrend,A2_noPostSNV,svm,0.777778,0.744444,0.731343
2,C,Detrend,0,42,0.000000,Detrend,A2_noPostSNV,rbf_svm,0.777778,0.744444,0.731343
2,C,USP,1,42,1.000000,none,A_postSNV,svm,0.888889,0.911111,0.863636
2,C,USP,1,42,1.000000,none,A_postSNV,rbf_svm,0.666667,0.583333,0.602941
2,C,SNV,1,42,1.000000,SNV,A2_noPostSNV,svm,0.888889,0.911111,0.863636
2,C,SNV,1,42,1.000000,SNV,A2_noPostSNV,rbf_svm,0.777778,0.694444,0.731343
2,C,SG1,1,42,1.000000,SG1,A2_noPostSNV,svm,0.777778,0.716667,0.723077
2,C,SG1,1,42,1.000000,SG1,A2_noPostSNV,rbf_svm,0.777778,0.694444,0.731343
2,C,EMSC,1,42,1.000000,EMSC,A2_noPostSNV,svm,0.666667,0.494444,0.584615
2,C,EMSC,1,42,1.000000,EMSC,A2_noPostSNV,rbf_svm,0.777778,0.694444,0.731343
2,C,Detrend,1,42,1.000000,Detrend,A2_noPostSNV,svm,0.555556,0.466667,0.437500
2,C,Detrend,1,42,1.000000,Detrend,A2_noPostSNV,rbf_svm,0.777778,0.694444,0.731343
2,C,USP,2,42,2.000000,none,A_postSNV,svm,1.000000,1.000000,1.000000
2,C,USP,2,42,2.000000,none,A_postSNV,rbf_svm,0.875000,0.777778,0.846154
2,C,SNV,2,42,2.000000,SNV,A2_noPostSNV,svm,0.875000,0.888889,0.849057
2,C,SNV,2,42,2.000000,SNV,A2_noPostSNV,rbf_svm,0.500000,0.500000,0.418182
2,C,SG1,2,42,2.000000,SG1,A2_noPostSNV,svm,0.750000,0.688889,0.692308
2,C,SG1,2,42,2.000000,SG1,A2_noPostSNV,rbf_svm,0.500000,0.500000,0.418182
2,C,EMSC,2,42,2.000000,EMSC,A2_noPostSNV,svm,0.750000,0.694444,0.698113
2,C,EMSC,2,42,2.000000,EMSC,A2_noPostSNV,rbf_svm,0.625000,0.622222,0.555556
2,C,Detrend,2,42,2.000000,Detrend,A2_noPostSNV,svm,0.750000,0.744444,0.698113
2,C,Detrend,2,42,2.000000,Detrend,A2_noPostSNV,rbf_svm,0.375000,0.380952,0.285714
2,C,USP,3,42,3.000000,none,A_postSNV,svm,0.750000,0.688889,0.692308
2,C,USP,3,42,3.000000,none,A_postSNV,rbf_svm,0.625000,0.583333,0.547170
2,C,SNV,3,42,3.000000,SNV,A2_noPostSNV,svm,0.750000,0.805556,0.703704
2,C,SNV,3,42,3.000000,SNV,A2_noPostSNV,rbf_svm,0.500000,0.500000,0.418182
2,C,SG1,3,42,3.000000,SG1,A2_noPostSNV,svm,0.875000,0.777778,0.846154
2,C,SG1,3,42,3.000000,SG1,A2_noPostSNV,rbf_svm,0.500000,0.416667,0.360000
2,C,EMSC,3,42,3.000000,EMSC,A2_noPostSNV,svm,0.625000,0.694444,0.555556
2,C,EMSC,3,42,3.000000,EMSC,A2_noPostSNV,rbf_svm,0.500000,0.511111,0.407407
2,C,Detrend,3,42,3.000000,Detrend,A2_noPostSNV,svm,0.500000,0.511111,0.384615
2,C,Detrend,3,42,3.000000,Detrend,A2_noPostSNV,rbf_svm,0.375000,0.316667,0.245283
2,C,USP,4,42,4.000000,none,A_postSNV,svm,0.750000,0.722222,0.703704
2,C,USP,4,42,4.000000,none,A_postSNV,rbf_svm,0.750000,0.805556,0.698113
2,C,SNV,4,42,4.000000,SNV,A2_noPostSNV,svm,0.750000,0.722222,0.703704
2,C,SNV,4,42,4.000000,SNV,A2_noPostSNV,rbf_svm,1.000000,1.000000,1.000000
2,C,SG1,4,42,4.000000,SG1,A2_noPostSNV,svm,0.875000,0.888889,0.849057
2,C,SG1,4,42,4.000000,SG1,A2_noPostSNV,rbf_svm,0.875000,0.888889,0.849057
2,C,EMSC,4,42,4.000000,EMSC,A2_noPostSNV,svm,0.875000,0.888889,0.849057
2,C,EMSC,4,42,4.000000,EMSC,A2_noPostSNV,rbf_svm,0.750000,0.750000,0.703704
2,C,Detrend,4,42,4.000000,Detrend,A2_noPostSNV,svm,0.875000,0.888889,0.849057
2,C,Detrend,4,42,4.000000,Detrend,A2_noPostSNV,rbf_svm,0.625000,0.527778,0.555556
2,C,USP,5,43,0.000000,none,A_postSNV,svm,0.777778,0.694444,0.731343
2,C,USP,5,43,0.000000,none,A_postSNV,rbf_svm,0.666667,0.527778,0.597015
2,C,SNV,5,43,0.000000,SNV,A2_noPostSNV,svm,0.666667,0.622222,0.602941
2,C,SNV,5,43,0.000000,SNV,A2_noPostSNV,rbf_svm,1.000000,1.000000,1.000000
2,C,SG1,5,43,0.000000,SG1,A2_noPostSNV,svm,0.555556,0.511111,0.470588
2,C,SG1,5,43,0.000000,SG1,A2_noPostSNV,rbf_svm,1.000000,1.000000,1.000000
2,C,EMSC,5,43,0.000000,EMSC,A2_noPostSNV,svm,0.777778,0.744444,0.727273
2,C,EMSC,5,43,0.000000,EMSC,A2_noPostSNV,rbf_svm,0.777778,0.805556,0.735294
2,C,Detrend,5,43,0.000000,Detrend,A2_noPostSNV,svm,0.666667,0.694444,0.602941
2,C,Detrend,5,43,0.000000,Detrend,A2_noPostSNV,rbf_svm,0.777778,0.666667,0.731343
2,C,USP,6,43,1.000000,none,A_postSNV,svm,1.000000,1.000000,1.000000
2,C,USP,6,43,1.000000,none,A_postSNV,rbf_svm,0.666667,0.566667,0.602941
2,C,SNV,6,43,1.000000,SNV,A2_noPostSNV,svm,0.888889,0.911111,0.863636
2,C,SNV,6,43,1.000000,SNV,A2_noPostSNV,rbf_svm,0.777778,0.744444,0.731343
2,C,SG1,6,43,1.000000,SG1,A2_noPostSNV,svm,0.777778,0.805556,0.731343
2,C,SG1,6,43,1.000000,SG1,A2_noPostSNV,rbf_svm,0.777778,0.744444,0.731343
2,C,EMSC,6,43,1.000000,EMSC,A2_noPostSNV,svm,1.000000,1.000000,1.000000
2,C,EMSC,6,43,1.000000,EMSC,A2_noPostSNV,rbf_svm,1.000000,1.000000,1.000000
2,C,Detrend,6,43,1.000000,Detrend,A2_noPostSNV,svm,0.888889,0.911111,0.863636
2,C,Detrend,6,43,1.000000,Detrend,A2_noPostSNV,rbf_svm,0.777778,0.744444,0.731343
2,C,USP,7,43,2.000000,none,A_postSNV,svm,0.750000,0.722222,0.686275
2,C,USP,7,43,2.000000,none,A_postSNV,rbf_svm,0.625000,0.527778,0.547170
2,C,SNV,7,43,2.000000,SNV,A2_noPostSNV,svm,0.625000,0.555556,0.529412
2,C,SNV,7,43,2.000000,SNV,A2_noPostSNV,rbf_svm,0.625000,0.622222,0.555556
2,C,SG1,7,43,2.000000,SG1,A2_noPostSNV,svm,0.625000,0.539683,0.520000
2,C,SG1,7,43,2.000000,SG1,A2_noPostSNV,rbf_svm,0.625000,0.539683,0.520000
2,C,EMSC,7,43,2.000000,EMSC,A2_noPostSNV,svm,0.875000,0.911111,0.846154
2,C,EMSC,7,43,2.000000,EMSC,A2_noPostSNV,rbf_svm,0.500000,0.444444,0.407407
2,C,Detrend,7,43,2.000000,Detrend,A2_noPostSNV,svm,0.750000,0.694444,0.698113
2,C,Detrend,7,43,2.000000,Detrend,A2_noPostSNV,rbf_svm,0.625000,0.511111,0.547170
2,C,USP,8,43,3.000000,none,A_postSNV,svm,0.875000,0.911111,0.846154
2,C,USP,8,43,3.000000,none,A_postSNV,rbf_svm,0.750000,0.722222,0.686275
2,C,SNV,8,43,3.000000,SNV,A2_noPostSNV,svm,0.875000,0.911111,0.846154
2,C,SNV,8,43,3.000000,SNV,A2_noPostSNV,rbf_svm,0.875000,0.888889,0.849057
2,C,SG1,8,43,3.000000,SG1,A2_noPostSNV,svm,0.875000,0.911111,0.846154
2,C,SG1,8,43,3.000000,SG1,A2_noPostSNV,rbf_svm,0.750000,0.777778,0.703704
2,C,EMSC,8,43,3.000000,EMSC,A2_noPostSNV,svm,0.875000,0.911111,0.846154
2,C,EMSC,8,43,3.000000,EMSC,A2_noPostSNV,rbf_svm,0.750000,0.805556,0.698113
2,C,Detrend,8,43,3.000000,Detrend,A2_noPostSNV,svm,0.750000,0.688889,0.692308
2,C,Detrend,8,43,3.000000,Detrend,A2_noPostSNV,rbf_svm,0.875000,0.911111,0.846154
2,C,USP,9,43,4.000000,none,A_postSNV,svm,0.750000,0.777778,0.703704
2,C,USP,9,43,4.000000,none,A_postSNV,rbf_svm,0.750000,0.805556,0.703704
2,C,SNV,9,43,4.000000,SNV,A2_noPostSNV,svm,0.875000,0.888889,0.849057
2,C,SNV,9,43,4.000000,SNV,A2_noPostSNV,rbf_svm,0.750000,0.722222,0.686275
2,C,SG1,9,43,4.000000,SG1,A2_noPostSNV,svm,0.625000,0.472222,0.547170
2,C,SG1,9,43,4.000000,SG1,A2_noPostSNV,rbf_svm,0.750000,0.777778,0.703704
2,C,EMSC,9,43,4.000000,EMSC,A2_noPostSNV,svm,0.875000,0.888889,0.849057
2,C,EMSC,9,43,4.000000,EMSC,A2_noPostSNV,rbf_svm,0.750000,0.805556,0.698113
2,C,Detrend,9,43,4.000000,Detrend,A2_noPostSNV,svm,0.750000,0.722222,0.698113
2,C,Detrend,9,43,4.000000,Detrend,A2_noPostSNV,rbf_svm,0.750000,0.805556,0.703704
2,C,USP,10,44,0.000000,none,A_postSNV,svm,0.777778,0.722222,0.723077
2,C,USP,10,44,0.000000,none,A_postSNV,rbf_svm,0.555556,0.494444,0.462687
2,C,SNV,10,44,0.000000,SNV,A2_noPostSNV,svm,0.777778,0.688889,0.727273
2,C,SNV,10,44,0.000000,SNV,A2_noPostSNV,rbf_svm,0.555556,0.555556,0.478261
2,C,SG1,10,44,0.000000,SG1,A2_noPostSNV,svm,0.888889,0.888889,0.865672
2,C,SG1,10,44,0.000000,SG1,A2_noPostSNV,rbf_svm,0.777778,0.805556,0.735294
2,C,EMSC,10,44,0.000000,EMSC,A2_noPostSNV,svm,0.888889,0.777778,0.863636
2,C,EMSC,10,44,0.000000,EMSC,A2_noPostSNV,rbf_svm,0.888889,0.888889,0.865672
2,C,Detrend,10,44,0.000000,Detrend,A2_noPostSNV,svm,0.777778,0.666667,0.731343
2,C,Detrend,10,44,0.000000,Detrend,A2_noPostSNV,rbf_svm,0.666667,0.583333,0.602941
2,C,USP,11,44,1.000000,none,A_postSNV,svm,0.555556,0.466667,0.446154
2,C,USP,11,44,1.000000,none,A_postSNV,rbf_svm,0.555556,0.477778,0.446154
2,C,SNV,11,44,1.000000,SNV,A2_noPostSNV,svm,0.777778,0.716667,0.723077
2,C,SNV,11,44,1.000000,SNV,A2_noPostSNV,rbf_svm,0.666667,0.566667,0.602941
2,C,SG1,11,44,1.000000,SG1,A2_noPostSNV,svm,0.666667,0.644444,0.584615
2,C,SG1,11,44,1.000000,SG1,A2_noPostSNV,rbf_svm,0.777778,0.716667,0.723077
2,C,EMSC,11,44,1.000000,EMSC,A2_noPostSNV,svm,0.777778,0.688889,0.727273
2,C,EMSC,11,44,1.000000,EMSC,A2_noPostSNV,rbf_svm,0.777778,0.722222,0.731343
2,C,Detrend,11,44,1.000000,Detrend,A2_noPostSNV,svm,0.666667,0.611111,0.590909
2,C,Detrend,11,44,1.000000,Detrend,A2_noPostSNV,rbf_svm,0.777778,0.716667,0.723077
2,C,USP,12,44,2.000000,none,A_postSNV,svm,0.625000,0.733333,0.538462
2,C,USP,12,44,2.000000,none,A_postSNV,rbf_svm,0.625000,0.583333,0.555556
2,C,SNV,12,44,2.000000,SNV,A2_noPostSNV,svm,0.750000,0.688889,0.692308
2,C,SNV,12,44,2.000000,SNV,A2_noPostSNV,rbf_svm,0.500000,0.500000,0.418182
2,C,SG1,12,44,2.000000,SG1,A2_noPostSNV,svm,0.750000,0.666667,0.698113
2,C,SG1,12,44,2.000000,SG1,A2_noPostSNV,rbf_svm,0.500000,0.500000,0.418182
2,C,EMSC,12,44,2.000000,EMSC,A2_noPostSNV,svm,0.625000,0.522222,0.538462
2,C,EMSC,12,44,2.000000,EMSC,A2_noPostSNV,rbf_svm,0.375000,0.325397,0.272727
2,C,Detrend,12,44,2.000000,Detrend,A2_noPostSNV,svm,0.500000,0.527778,0.396226
2,C,Detrend,12,44,2.000000,Detrend,A2_noPostSNV,rbf_svm,0.250000,0.214286,0.142857
2,C,USP,13,44,3.000000,none,A_postSNV,svm,0.500000,0.333333,0.384615
2,C,USP,13,44,3.000000,none,A_postSNV,rbf_svm,0.625000,0.500000,0.529412
2,C,SNV,13,44,3.000000,SNV,A2_noPostSNV,svm,0.750000,0.688889,0.692308
2,C,SNV,13,44,3.000000,SNV,A2_noPostSNV,rbf_svm,0.500000,0.444444,0.407407
2,C,SG1,13,44,3.000000,SG1,A2_noPostSNV,svm,0.875000,0.888889,0.849057
2,C,SG1,13,44,3.000000,SG1,A2_noPostSNV,rbf_svm,0.750000,0.722222,0.698113
2,C,EMSC,13,44,3.000000,EMSC,A2_noPostSNV,svm,0.750000,0.805556,0.698113
2,C,EMSC,13,44,3.000000,EMSC,A2_noPostSNV,rbf_svm,0.625000,0.583333,0.547170
2,C,Detrend,13,44,3.000000,Detrend,A2_noPostSNV,svm,0.750000,0.805556,0.698113
2,C,Detrend,13,44,3.000000,Detrend,A2_noPostSNV,rbf_svm,0.500000,0.483333,0.407407
2,C,USP,14,44,4.000000,none,A_postSNV,svm,0.875000,0.800000,0.843137
2,C,USP,14,44,4.000000,none,A_postSNV,rbf_svm,1.000000,1.000000,1.000000
2,C,SNV,14,44,4.000000,SNV,A2_noPostSNV,svm,1.000000,1.000000,1.000000
2,C,SNV,14,44,4.000000,SNV,A2_noPostSNV,rbf_svm,0.750000,0.750000,0.703704
2,C,SG1,14,44,4.000000,SG1,A2_noPostSNV,svm,0.625000,0.527778,0.555556
2,C,SG1,14,44,4.000000,SG1,A2_noPostSNV,rbf_svm,0.750000,0.750000,0.703704
2,C,EMSC,14,44,4.000000,EMSC,A2_noPostSNV,svm,1.000000,1.000000,1.000000
2,C,EMSC,14,44,4.000000,EMSC,A2_noPostSNV,rbf_svm,0.750000,0.777778,0.692308
2,C,Detrend,14,44,4.000000,Detrend,A2_noPostSNV,svm,0.625000,0.611111,0.547170
2,C,Detrend,14,44,4.000000,Detrend,A2_noPostSNV,rbf_svm,0.625000,0.638889,0.563636
2,C,USP,15,45,0.000000,none,A_postSNV,svm,0.888889,0.800000,0.861538
2,C,USP,15,45,0.000000,none,A_postSNV,rbf_svm,0.888889,0.888889,0.865672
2,C,SNV,15,45,0.000000,SNV,A2_noPostSNV,svm,0.888889,0.888889,0.865672
2,C,SNV,15,45,0.000000,SNV,A2_noPostSNV,rbf_svm,0.444444,0.436508,0.357143
2,C,SG1,15,45,0.000000,SG1,A2_noPostSNV,svm,0.777778,0.750000,0.735294
2,C,SG1,15,45,0.000000,SG1,A2_noPostSNV,rbf_svm,0.666667,0.677778,0.608696
2,C,EMSC,15,45,0.000000,EMSC,A2_noPostSNV,svm,1.000000,1.000000,1.000000
2,C,EMSC,15,45,0.000000,EMSC,A2_noPostSNV,rbf_svm,0.666667,0.677778,0.608696
2,C,Detrend,15,45,0.000000,Detrend,A2_noPostSNV,svm,0.888889,0.911111,0.863636
2,C,Detrend,15,45,0.000000,Detrend,A2_noPostSNV,rbf_svm,0.555556,0.566667,0.485714
2,C,USP,16,45,1.000000,none,A_postSNV,svm,0.777778,0.800000,0.731343
2,C,USP,16,45,1.000000,none,A_postSNV,rbf_svm,0.666667,0.733333,0.608696
2,C,SNV,16,45,1.000000,SNV,A2_noPostSNV,svm,0.888889,0.777778,0.863636
2,C,SNV,16,45,1.000000,SNV,A2_noPostSNV,rbf_svm,0.888889,0.800000,0.861538
2,C,SG1,16,45,1.000000,SG1,A2_noPostSNV,svm,1.000000,1.000000,1.000000
2,C,SG1,16,45,1.000000,SG1,A2_noPostSNV,rbf_svm,0.888889,0.777778,0.863636
2,C,EMSC,16,45,1.000000,EMSC,A2_noPostSNV,svm,1.000000,1.000000,1.000000
2,C,EMSC,16,45,1.000000,EMSC,A2_noPostSNV,rbf_svm,0.888889,0.800000,0.861538
2,C,Detrend,16,45,1.000000,Detrend,A2_noPostSNV,svm,0.888889,0.777778,0.863636
2,C,Detrend,16,45,1.000000,Detrend,A2_noPostSNV,rbf_svm,0.888889,0.777778,0.863636
2,C,USP,17,45,2.000000,none,A_postSNV,svm,0.625000,0.550000,0.529412
2,C,USP,17,45,2.000000,none,A_postSNV,rbf_svm,0.625000,0.555556,0.547170
2,C,SNV,17,45,2.000000,SNV,A2_noPostSNV,svm,0.750000,0.600000,0.680000
2,C,SNV,17,45,2.000000,SNV,A2_noPostSNV,rbf_svm,1.000000,1.000000,1.000000
2,C,SG1,17,45,2.000000,SG1,A2_noPostSNV,svm,0.625000,0.500000,0.529412
2,C,SG1,17,45,2.000000,SG1,A2_noPostSNV,rbf_svm,0.875000,0.800000,0.843137
2,C,EMSC,17,45,2.000000,EMSC,A2_noPostSNV,svm,0.625000,0.555556,0.547170
2,C,EMSC,17,45,2.000000,EMSC,A2_noPostSNV,rbf_svm,0.875000,0.777778,0.846154
2,C,Detrend,17,45,2.000000,Detrend,A2_noPostSNV,svm,0.750000,0.688889,0.692308
2,C,Detrend,17,45,2.000000,Detrend,A2_noPostSNV,rbf_svm,0.750000,0.722222,0.698113
2,C,USP,18,45,3.000000,none,A_postSNV,svm,0.750000,0.633333,0.686275
2,C,USP,18,45,3.000000,none,A_postSNV,rbf_svm,0.750000,0.611111,0.680000
2,C,SNV,18,45,3.000000,SNV,A2_noPostSNV,svm,1.000000,1.000000,1.000000
2,C,SNV,18,45,3.000000,SNV,A2_noPostSNV,rbf_svm,0.625000,0.472222,0.547170
2,C,SG1,18,45,3.000000,SG1,A2_noPostSNV,svm,0.625000,0.577778,0.538462
2,C,SG1,18,45,3.000000,SG1,A2_noPostSNV,rbf_svm,0.625000,0.500000,0.547170
2,C,EMSC,18,45,3.000000,EMSC,A2_noPostSNV,svm,0.875000,0.888889,0.849057
2,C,EMSC,18,45,3.000000,EMSC,A2_noPostSNV,rbf_svm,0.750000,0.555556,0.692308
2,C,Detrend,18,45,3.000000,Detrend,A2_noPostSNV,svm,0.875000,0.800000,0.843137
2,C,Detrend,18,45,3.000000,Detrend,A2_noPostSNV,rbf_svm,0.500000,0.400000,0.407407
2,C,USP,19,45,4.000000,none,A_postSNV,svm,0.625000,0.555556,0.547170
2,C,USP,19,45,4.000000,none,A_postSNV,rbf_svm,0.375000,0.333333,0.259259
2,C,SNV,19,45,4.000000,SNV,A2_noPostSNV,svm,0.750000,0.694444,0.698113
2,C,SNV,19,45,4.000000,SNV,A2_noPostSNV,rbf_svm,0.500000,0.511111,0.384615
2,C,SG1,19,45,4.000000,SG1,A2_noPostSNV,svm,0.500000,0.500000,0.407407
2,C,SG1,19,45,4.000000,SG1,A2_noPostSNV,rbf_svm,0.625000,0.638889,0.555556
2,C,EMSC,19,45,4.000000,EMSC,A2_noPostSNV,svm,0.875000,0.888889,0.849057
2,C,EMSC,19,45,4.000000,EMSC,A2_noPostSNV,rbf_svm,0.625000,0.622222,0.538462
2,C,Detrend,19,45,4.000000,Detrend,A2_noPostSNV,svm,0.625000,0.472222,0.547170
2,C,Detrend,19,45,4.000000,Detrend,A2_noPostSNV,rbf_svm,0.625000,0.622222,0.555556
2,C,USP,20,46,0.000000,none,A_postSNV,svm,1.000000,1.000000,1.000000
2,C,USP,20,46,0.000000,none,A_postSNV,rbf_svm,0.777778,0.694444,0.731343
2,C,SNV,20,46,0.000000,SNV,A2_noPostSNV,svm,0.888889,0.777778,0.863636
2,C,SNV,20,46,0.000000,SNV,A2_noPostSNV,rbf_svm,0.777778,0.694444,0.731343
2,C,SG1,20,46,0.000000,SG1,A2_noPostSNV,svm,0.888889,0.911111,0.863636
2,C,SG1,20,46,0.000000,SG1,A2_noPostSNV,rbf_svm,0.888889,0.800000,0.861538
2,C,EMSC,20,46,0.000000,EMSC,A2_noPostSNV,svm,0.888889,0.800000,0.861538
2,C,EMSC,20,46,0.000000,EMSC,A2_noPostSNV,rbf_svm,0.888889,0.888889,0.865672
2,C,Detrend,20,46,0.000000,Detrend,A2_noPostSNV,svm,1.000000,1.000000,1.000000
2,C,Detrend,20,46,0.000000,Detrend,A2_noPostSNV,rbf_svm,0.777778,0.583333,0.727273
2,C,USP,21,46,1.000000,none,A_postSNV,svm,0.666667,0.522222,0.590909
2,C,USP,21,46,1.000000,none,A_postSNV,rbf_svm,0.333333,0.261111,0.217391
2,C,SNV,21,46,1.000000,SNV,A2_noPostSNV,svm,0.777778,0.688889,0.727273
2,C,SNV,21,46,1.000000,SNV,A2_noPostSNV,rbf_svm,0.666667,0.622222,0.602941
2,C,SG1,21,46,1.000000,SG1,A2_noPostSNV,svm,0.777778,0.744444,0.727273
2,C,SG1,21,46,1.000000,SG1,A2_noPostSNV,rbf_svm,0.555556,0.438889,0.470588
2,C,EMSC,21,46,1.000000,EMSC,A2_noPostSNV,svm,0.777778,0.744444,0.727273
2,C,EMSC,21,46,1.000000,EMSC,A2_noPostSNV,rbf_svm,0.777778,0.694444,0.731343
2,C,Detrend,21,46,1.000000,Detrend,A2_noPostSNV,svm,0.888889,0.800000,0.861538
2,C,Detrend,21,46,1.000000,Detrend,A2_noPostSNV,rbf_svm,0.555556,0.555556,0.478261
2,C,USP,22,46,2.000000,none,A_postSNV,svm,0.750000,0.722222,0.686275
2,C,USP,22,46,2.000000,none,A_postSNV,rbf_svm,0.750000,0.694444,0.698113
2,C,SNV,22,46,2.000000,SNV,A2_noPostSNV,svm,0.750000,0.694444,0.692308
2,C,SNV,22,46,2.000000,SNV,A2_noPostSNV,rbf_svm,0.500000,0.500000,0.418182
2,C,SG1,22,46,2.000000,SG1,A2_noPostSNV,svm,0.750000,0.694444,0.692308
2,C,SG1,22,46,2.000000,SG1,A2_noPostSNV,rbf_svm,0.500000,0.483333,0.407407
2,C,EMSC,22,46,2.000000,EMSC,A2_noPostSNV,svm,0.875000,0.800000,0.843137
2,C,EMSC,22,46,2.000000,EMSC,A2_noPostSNV,rbf_svm,0.500000,0.500000,0.418182
2,C,Detrend,22,46,2.000000,Detrend,A2_noPostSNV,svm,0.625000,0.527778,0.555556
2,C,Detrend,22,46,2.000000,Detrend,A2_noPostSNV,rbf_svm,0.500000,0.500000,0.418182
2,C,USP,23,46,3.000000,none,A_postSNV,svm,0.875000,0.888889,0.849057
2,C,USP,23,46,3.000000,none,A_postSNV,rbf_svm,0.750000,0.694444,0.692308
2,C,SNV,23,46,3.000000,SNV,A2_noPostSNV,svm,0.875000,0.888889,0.849057
2,C,SNV,23,46,3.000000,SNV,A2_noPostSNV,rbf_svm,1.000000,1.000000,1.000000
2,C,SG1,23,46,3.000000,SG1,A2_noPostSNV,svm,0.875000,0.911111,0.846154
2,C,SG1,23,46,3.000000,SG1,A2_noPostSNV,rbf_svm,0.875000,0.888889,0.849057
2,C,EMSC,23,46,3.000000,EMSC,A2_noPostSNV,svm,0.875000,0.911111,0.846154
2,C,EMSC,23,46,3.000000,EMSC,A2_noPostSNV,rbf_svm,0.875000,0.911111,0.846154
2,C,Detrend,23,46,3.000000,Detrend,A2_noPostSNV,svm,0.875000,0.911111,0.846154
2,C,Detrend,23,46,3.000000,Detrend,A2_noPostSNV,rbf_svm,0.875000,0.911111,0.846154
2,C,USP,24,46,4.000000,none,A_postSNV,svm,0.750000,0.694444,0.692308
2,C,USP,24,46,4.000000,none,A_postSNV,rbf_svm,0.750000,0.555556,0.692308
2,C,SNV,24,46,4.000000,SNV,A2_noPostSNV,svm,0.875000,0.888889,0.849057
2,C,SNV,24,46,4.000000,SNV,A2_noPostSNV,rbf_svm,0.875000,0.888889,0.849057
2,C,SG1,24,46,4.000000,SG1,A2_noPostSNV,svm,0.625000,0.555556,0.547170
2,C,SG1,24,46,4.000000,SG1,A2_noPostSNV,rbf_svm,0.750000,0.694444,0.692308
2,C,EMSC,24,46,4.000000,EMSC,A2_noPostSNV,svm,0.750000,0.694444,0.692308
2,C,EMSC,24,46,4.000000,EMSC,A2_noPostSNV,rbf_svm,0.750000,0.694444,0.692308
2,C,Detrend,24,46,4.000000,Detrend,A2_noPostSNV,svm,0.750000,0.633333,0.686275
2,C,Detrend,24,46,4.000000,Detrend,A2_noPostSNV,rbf_svm,0.750000,0.694444,0.692308
2,V,USP,0,42,0.000000,none,A_postSNV,svm,0.222222,0.125000,0.100000
2,V,USP,0,42,0.000000,none,A_postSNV,rbf_svm,0.222222,0.148148,0.112676
2,V,SNV,0,42,0.000000,SNV,A2_noPostSNV,svm,0.333333,0.305556,0.239437
2,V,SNV,0,42,0.000000,SNV,A2_noPostSNV,rbf_svm,0.222222,0.150000,0.112676
2,V,SG1,0,42,0.000000,SG1,A2_noPostSNV,svm,0.444444,0.388889,0.366197
2,V,SG1,0,42,0.000000,SG1,A2_noPostSNV,rbf_svm,0.444444,0.427778,0.366197
2,V,EMSC,0,42,0.000000,EMSC,A2_noPostSNV,svm,0.333333,0.261111,0.228571
2,V,EMSC,0,42,0.000000,EMSC,A2_noPostSNV,rbf_svm,0.333333,0.250000,0.239437
2,V,Detrend,0,42,0.000000,Detrend,A2_noPostSNV,svm,0.333333,0.261111,0.228571
2,V,Detrend,0,42,0.000000,Detrend,A2_noPostSNV,rbf_svm,0.333333,0.261111,0.228571
2,V,USP,1,42,1.000000,none,A_postSNV,svm,0.666667,0.611111,0.590909
2,V,USP,1,42,1.000000,none,A_postSNV,rbf_svm,0.555556,0.500000,0.470588
2,V,SNV,1,42,1.000000,SNV,A2_noPostSNV,svm,0.333333,0.261111,0.194030
2,V,SNV,1,42,1.000000,SNV,A2_noPostSNV,rbf_svm,0.333333,0.233333,0.205882
2,V,SG1,1,42,1.000000,SG1,A2_noPostSNV,svm,0.111111,0.066667,-0.074627
2,V,SG1,1,42,1.000000,SG1,A2_noPostSNV,rbf_svm,0.444444,0.361111,0.338235
2,V,EMSC,1,42,1.000000,EMSC,A2_noPostSNV,svm,0.111111,0.083333,-0.090909
2,V,EMSC,1,42,1.000000,EMSC,A2_noPostSNV,rbf_svm,0.444444,0.361111,0.338235
2,V,Detrend,1,42,1.000000,Detrend,A2_noPostSNV,svm,0.333333,0.233333,0.194030
2,V,Detrend,1,42,1.000000,Detrend,A2_noPostSNV,rbf_svm,0.555556,0.555556,0.478261
2,V,USP,2,42,2.000000,none,A_postSNV,svm,0.500000,0.472222,0.396226
2,V,USP,2,42,2.000000,none,A_postSNV,rbf_svm,0.125000,0.041667,-0.120000
2,V,SNV,2,42,2.000000,SNV,A2_noPostSNV,svm,0.625000,0.611111,0.555556
2,V,SNV,2,42,2.000000,SNV,A2_noPostSNV,rbf_svm,0.375000,0.333333,0.272727
2,V,SG1,2,42,2.000000,SG1,A2_noPostSNV,svm,0.375000,0.305556,0.245283
2,V,SG1,2,42,2.000000,SG1,A2_noPostSNV,rbf_svm,0.250000,0.277778,0.127273
2,V,EMSC,2,42,2.000000,EMSC,A2_noPostSNV,svm,0.375000,0.305556,0.272727
2,V,EMSC,2,42,2.000000,EMSC,A2_noPostSNV,rbf_svm,0.375000,0.388889,0.272727
2,V,Detrend,2,42,2.000000,Detrend,A2_noPostSNV,svm,0.500000,0.400000,0.407407
2,V,Detrend,2,42,2.000000,Detrend,A2_noPostSNV,rbf_svm,0.250000,0.277778,0.127273
2,V,USP,3,42,3.000000,none,A_postSNV,svm,0.250000,0.158730,0.058824
2,V,USP,3,42,3.000000,none,A_postSNV,rbf_svm,0.250000,0.214286,0.058824
2,V,SNV,3,42,3.000000,SNV,A2_noPostSNV,svm,0.250000,0.177778,0.127273
2,V,SNV,3,42,3.000000,SNV,A2_noPostSNV,rbf_svm,0.375000,0.333333,0.230769
2,V,SG1,3,42,3.000000,SG1,A2_noPostSNV,svm,0.250000,0.222222,0.111111
2,V,SG1,3,42,3.000000,SG1,A2_noPostSNV,rbf_svm,0.250000,0.166667,0.058824
2,V,EMSC,3,42,3.000000,EMSC,A2_noPostSNV,svm,0.250000,0.333333,0.111111
2,V,EMSC,3,42,3.000000,EMSC,A2_noPostSNV,rbf_svm,0.375000,0.333333,0.230769
2,V,Detrend,3,42,3.000000,Detrend,A2_noPostSNV,svm,0.250000,0.333333,0.111111
2,V,Detrend,3,42,3.000000,Detrend,A2_noPostSNV,rbf_svm,0.375000,0.333333,0.230769
2,V,USP,4,42,4.000000,none,A_postSNV,svm,0.500000,0.500000,0.407407
2,V,USP,4,42,4.000000,none,A_postSNV,rbf_svm,0.125000,0.083333,0.000000
2,V,SNV,4,42,4.000000,SNV,A2_noPostSNV,svm,0.500000,0.444444,0.407407
2,V,SNV,4,42,4.000000,SNV,A2_noPostSNV,rbf_svm,0.375000,0.444444,0.230769
2,V,SG1,4,42,4.000000,SG1,A2_noPostSNV,svm,0.625000,0.611111,0.555556
2,V,SG1,4,42,4.000000,SG1,A2_noPostSNV,rbf_svm,0.375000,0.388889,0.230769
2,V,EMSC,4,42,4.000000,EMSC,A2_noPostSNV,svm,0.500000,0.411111,0.396226
2,V,EMSC,4,42,4.000000,EMSC,A2_noPostSNV,rbf_svm,0.375000,0.444444,0.230769
2,V,Detrend,4,42,4.000000,Detrend,A2_noPostSNV,svm,0.500000,0.472222,0.396226
2,V,Detrend,4,42,4.000000,Detrend,A2_noPostSNV,rbf_svm,0.375000,0.444444,0.230769
2,V,USP,5,43,0.000000,none,A_postSNV,svm,0.444444,0.289683,0.307692
2,V,USP,5,43,0.000000,none,A_postSNV,rbf_svm,0.333333,0.263889,0.156250
2,V,SNV,5,43,0.000000,SNV,A2_noPostSNV,svm,0.555556,0.472222,0.470588
2,V,SNV,5,43,0.000000,SNV,A2_noPostSNV,rbf_svm,0.333333,0.333333,0.194030
2,V,SG1,5,43,0.000000,SG1,A2_noPostSNV,svm,0.444444,0.388889,0.347826
2,V,SG1,5,43,0.000000,SG1,A2_noPostSNV,rbf_svm,0.222222,0.166667,0.073529
2,V,EMSC,5,43,0.000000,EMSC,A2_noPostSNV,svm,0.555556,0.466667,0.470588
2,V,EMSC,5,43,0.000000,EMSC,A2_noPostSNV,rbf_svm,0.222222,0.166667,0.073529
2,V,Detrend,5,43,0.000000,Detrend,A2_noPostSNV,svm,0.333333,0.277778,0.217391
2,V,Detrend,5,43,0.000000,Detrend,A2_noPostSNV,rbf_svm,0.222222,0.166667,0.073529
2,V,USP,6,43,1.000000,none,A_postSNV,svm,0.444444,0.427778,0.338235
2,V,USP,6,43,1.000000,none,A_postSNV,rbf_svm,0.111111,0.041667,-0.028571
2,V,SNV,6,43,1.000000,SNV,A2_noPostSNV,svm,0.333333,0.277778,0.205882
2,V,SNV,6,43,1.000000,SNV,A2_noPostSNV,rbf_svm,0.555556,0.444444,0.470588
2,V,SG1,6,43,1.000000,SG1,A2_noPostSNV,svm,0.333333,0.288889,0.205882
2,V,SG1,6,43,1.000000,SG1,A2_noPostSNV,rbf_svm,0.555556,0.444444,0.470588
2,V,EMSC,6,43,1.000000,EMSC,A2_noPostSNV,svm,0.555556,0.388889,0.454545
2,V,EMSC,6,43,1.000000,EMSC,A2_noPostSNV,rbf_svm,0.555556,0.444444,0.470588
2,V,Detrend,6,43,1.000000,Detrend,A2_noPostSNV,svm,0.333333,0.288889,0.205882
2,V,Detrend,6,43,1.000000,Detrend,A2_noPostSNV,rbf_svm,0.555556,0.444444,0.470588
2,V,USP,7,43,2.000000,none,A_postSNV,svm,0.250000,0.177778,0.142857
2,V,USP,7,43,2.000000,none,A_postSNV,rbf_svm,0.000000,0.000000,-0.142857
2,V,SNV,7,43,2.000000,SNV,A2_noPostSNV,svm,0.500000,0.361111,0.407407
2,V,SNV,7,43,2.000000,SNV,A2_noPostSNV,rbf_svm,0.375000,0.325397,0.200000
2,V,SG1,7,43,2.000000,SG1,A2_noPostSNV,svm,0.250000,0.194444,0.094340
2,V,SG1,7,43,2.000000,SG1,A2_noPostSNV,rbf_svm,0.375000,0.325397,0.200000
2,V,EMSC,7,43,2.000000,EMSC,A2_noPostSNV,svm,0.375000,0.288889,0.272727
2,V,EMSC,7,43,2.000000,EMSC,A2_noPostSNV,rbf_svm,0.375000,0.325397,0.200000
2,V,Detrend,7,43,2.000000,Detrend,A2_noPostSNV,svm,0.375000,0.361111,0.259259
2,V,Detrend,7,43,2.000000,Detrend,A2_noPostSNV,rbf_svm,0.375000,0.325397,0.200000
2,V,USP,8,43,3.000000,none,A_postSNV,svm,0.250000,0.158730,0.058824
2,V,USP,8,43,3.000000,none,A_postSNV,rbf_svm,0.125000,0.041667,-0.120000
2,V,SNV,8,43,3.000000,SNV,A2_noPostSNV,svm,0.750000,0.722222,0.703704
2,V,SNV,8,43,3.000000,SNV,A2_noPostSNV,rbf_svm,0.500000,0.455556,0.396226
2,V,SG1,8,43,3.000000,SG1,A2_noPostSNV,svm,0.625000,0.583333,0.547170
2,V,SG1,8,43,3.000000,SG1,A2_noPostSNV,rbf_svm,0.375000,0.333333,0.230769
2,V,EMSC,8,43,3.000000,EMSC,A2_noPostSNV,svm,0.750000,0.722222,0.698113
2,V,EMSC,8,43,3.000000,EMSC,A2_noPostSNV,rbf_svm,0.375000,0.333333,0.230769
2,V,Detrend,8,43,3.000000,Detrend,A2_noPostSNV,svm,0.625000,0.555556,0.555556
2,V,Detrend,8,43,3.000000,Detrend,A2_noPostSNV,rbf_svm,0.500000,0.455556,0.396226
2,V,USP,9,43,4.000000,none,A_postSNV,svm,0.500000,0.444444,0.418182
2,V,USP,9,43,4.000000,none,A_postSNV,rbf_svm,0.250000,0.250000,0.076923
2,V,SNV,9,43,4.000000,SNV,A2_noPostSNV,svm,0.500000,0.383333,0.384615
2,V,SNV,9,43,4.000000,SNV,A2_noPostSNV,rbf_svm,0.750000,0.805556,0.698113
2,V,SG1,9,43,4.000000,SG1,A2_noPostSNV,svm,0.375000,0.261905,0.215686
2,V,SG1,9,43,4.000000,SG1,A2_noPostSNV,rbf_svm,0.625000,0.622222,0.538462
2,V,EMSC,9,43,4.000000,EMSC,A2_noPostSNV,svm,0.375000,0.388889,0.215686
2,V,EMSC,9,43,4.000000,EMSC,A2_noPostSNV,rbf_svm,0.375000,0.416667,0.245283
2,V,Detrend,9,43,4.000000,Detrend,A2_noPostSNV,svm,0.625000,0.633333,0.538462
2,V,Detrend,9,43,4.000000,Detrend,A2_noPostSNV,rbf_svm,0.750000,0.805556,0.698113
2,V,USP,10,44,0.000000,none,A_postSNV,svm,0.444444,0.372222,0.328358
2,V,USP,10,44,0.000000,none,A_postSNV,rbf_svm,0.333333,0.263889,0.169231
2,V,SNV,10,44,0.000000,SNV,A2_noPostSNV,svm,0.666667,0.694444,0.602941
2,V,SNV,10,44,0.000000,SNV,A2_noPostSNV,rbf_svm,0.444444,0.472222,0.347826
2,V,SG1,10,44,0.000000,SG1,A2_noPostSNV,svm,0.666667,0.694444,0.608696
2,V,SG1,10,44,0.000000,SG1,A2_noPostSNV,rbf_svm,0.555556,0.566667,0.485714
2,V,EMSC,10,44,0.000000,EMSC,A2_noPostSNV,svm,0.555556,0.555556,0.478261
2,V,EMSC,10,44,0.000000,EMSC,A2_noPostSNV,rbf_svm,0.444444,0.388889,0.366197
2,V,Detrend,10,44,0.000000,Detrend,A2_noPostSNV,svm,0.666667,0.694444,0.608696
2,V,Detrend,10,44,0.000000,Detrend,A2_noPostSNV,rbf_svm,0.555556,0.538889,0.470588
2,V,USP,11,44,1.000000,none,A_postSNV,svm,0.555556,0.477778,0.446154
2,V,USP,11,44,1.000000,none,A_postSNV,rbf_svm,0.222222,0.148148,-0.000000
2,V,SNV,11,44,1.000000,SNV,A2_noPostSNV,svm,0.555556,0.466667,0.462687
2,V,SNV,11,44,1.000000,SNV,A2_noPostSNV,rbf_svm,0.333333,0.288889,0.205882
2,V,SG1,11,44,1.000000,SG1,A2_noPostSNV,svm,0.555556,0.472222,0.462687
2,V,SG1,11,44,1.000000,SG1,A2_noPostSNV,rbf_svm,0.333333,0.288889,0.205882
2,V,EMSC,11,44,1.000000,EMSC,A2_noPostSNV,svm,0.555556,0.466667,0.462687
2,V,EMSC,11,44,1.000000,EMSC,A2_noPostSNV,rbf_svm,0.333333,0.288889,0.205882
2,V,Detrend,11,44,1.000000,Detrend,A2_noPostSNV,svm,0.555556,0.444444,0.454545
2,V,Detrend,11,44,1.000000,Detrend,A2_noPostSNV,rbf_svm,0.333333,0.288889,0.205882
2,V,USP,12,44,2.000000,none,A_postSNV,svm,0.250000,0.133333,0.094340
2,V,USP,12,44,2.000000,none,A_postSNV,rbf_svm,0.000000,0.000000,-0.142857
2,V,SNV,12,44,2.000000,SNV,A2_noPostSNV,svm,0.250000,0.277778,0.111111
2,V,SNV,12,44,2.000000,SNV,A2_noPostSNV,rbf_svm,0.375000,0.325397,0.272727
2,V,SG1,12,44,2.000000,SG1,A2_noPostSNV,svm,0.375000,0.361111,0.259259
2,V,SG1,12,44,2.000000,SG1,A2_noPostSNV,rbf_svm,0.625000,0.539683,0.520000
2,V,EMSC,12,44,2.000000,EMSC,A2_noPostSNV,svm,0.500000,0.455556,0.384615
2,V,EMSC,12,44,2.000000,EMSC,A2_noPostSNV,rbf_svm,0.250000,0.250000,0.111111
2,V,Detrend,12,44,2.000000,Detrend,A2_noPostSNV,svm,0.375000,0.388889,0.245283
2,V,Detrend,12,44,2.000000,Detrend,A2_noPostSNV,rbf_svm,0.625000,0.539683,0.520000
2,V,USP,13,44,3.000000,none,A_postSNV,svm,0.375000,0.194444,0.200000
2,V,USP,13,44,3.000000,none,A_postSNV,rbf_svm,0.125000,0.041667,-0.120000
2,V,SNV,13,44,3.000000,SNV,A2_noPostSNV,svm,0.375000,0.333333,0.245283
2,V,SNV,13,44,3.000000,SNV,A2_noPostSNV,rbf_svm,0.250000,0.194444,0.076923
2,V,SG1,13,44,3.000000,SG1,A2_noPostSNV,svm,0.250000,0.138889,0.040000
2,V,SG1,13,44,3.000000,SG1,A2_noPostSNV,rbf_svm,0.250000,0.233333,0.058824
2,V,EMSC,13,44,3.000000,EMSC,A2_noPostSNV,svm,0.500000,0.427778,0.384615
2,V,EMSC,13,44,3.000000,EMSC,A2_noPostSNV,rbf_svm,0.125000,0.066667,-0.098039
2,V,Detrend,13,44,3.000000,Detrend,A2_noPostSNV,svm,0.250000,0.133333,0.040000
2,V,Detrend,13,44,3.000000,Detrend,A2_noPostSNV,rbf_svm,0.125000,0.066667,-0.098039
2,V,USP,14,44,4.000000,none,A_postSNV,svm,0.625000,0.539683,0.520000
2,V,USP,14,44,4.000000,none,A_postSNV,rbf_svm,0.250000,0.122222,0.020408
2,V,SNV,14,44,4.000000,SNV,A2_noPostSNV,svm,0.625000,0.522222,0.547170
2,V,SNV,14,44,4.000000,SNV,A2_noPostSNV,rbf_svm,0.500000,0.566667,0.418182
2,V,SG1,14,44,4.000000,SG1,A2_noPostSNV,svm,0.500000,0.411111,0.372549
2,V,SG1,14,44,4.000000,SG1,A2_noPostSNV,rbf_svm,0.375000,0.400000,0.259259
2,V,EMSC,14,44,4.000000,EMSC,A2_noPostSNV,svm,0.625000,0.577778,0.538462
2,V,EMSC,14,44,4.000000,EMSC,A2_noPostSNV,rbf_svm,0.375000,0.400000,0.259259
2,V,Detrend,14,44,4.000000,Detrend,A2_noPostSNV,svm,0.625000,0.577778,0.538462
2,V,Detrend,14,44,4.000000,Detrend,A2_noPostSNV,rbf_svm,0.500000,0.566667,0.418182
2,V,USP,15,45,0.000000,none,A_postSNV,svm,0.444444,0.296296,0.285714
2,V,USP,15,45,0.000000,none,A_postSNV,rbf_svm,0.333333,0.233333,0.156250
2,V,SNV,15,45,0.000000,SNV,A2_noPostSNV,svm,0.666667,0.611111,0.590909
2,V,SNV,15,45,0.000000,SNV,A2_noPostSNV,rbf_svm,0.444444,0.388889,0.357143
2,V,SG1,15,45,0.000000,SG1,A2_noPostSNV,svm,0.555556,0.444444,0.470588
2,V,SG1,15,45,0.000000,SG1,A2_noPostSNV,rbf_svm,0.555556,0.611111,0.485714
2,V,EMSC,15,45,0.000000,EMSC,A2_noPostSNV,svm,0.777778,0.777778,0.735294
2,V,EMSC,15,45,0.000000,EMSC,A2_noPostSNV,rbf_svm,0.444444,0.388889,0.357143
2,V,Detrend,15,45,0.000000,Detrend,A2_noPostSNV,svm,0.666667,0.583333,0.602941
2,V,Detrend,15,45,0.000000,Detrend,A2_noPostSNV,rbf_svm,0.444444,0.372222,0.347826
2,V,USP,16,45,1.000000,none,A_postSNV,svm,0.444444,0.388889,0.357143
2,V,USP,16,45,1.000000,none,A_postSNV,rbf_svm,0.111111,0.083333,0.000000
2,V,SNV,16,45,1.000000,SNV,A2_noPostSNV,svm,0.444444,0.328571,0.296875
2,V,SNV,16,45,1.000000,SNV,A2_noPostSNV,rbf_svm,0.555556,0.500000,0.478261
2,V,SG1,16,45,1.000000,SG1,A2_noPostSNV,svm,0.555556,0.444444,0.470588
2,V,SG1,16,45,1.000000,SG1,A2_noPostSNV,rbf_svm,0.444444,0.436508,0.357143
2,V,EMSC,16,45,1.000000,EMSC,A2_noPostSNV,svm,0.444444,0.311111,0.307692
2,V,EMSC,16,45,1.000000,EMSC,A2_noPostSNV,rbf_svm,0.333333,0.269841,0.228571
2,V,Detrend,16,45,1.000000,Detrend,A2_noPostSNV,svm,0.333333,0.200000,0.156250
2,V,Detrend,16,45,1.000000,Detrend,A2_noPostSNV,rbf_svm,0.444444,0.436508,0.357143
2,V,USP,17,45,2.000000,none,A_postSNV,svm,0.625000,0.638889,0.563636
2,V,USP,17,45,2.000000,none,A_postSNV,rbf_svm,0.375000,0.200000,0.245283
2,V,SNV,17,45,2.000000,SNV,A2_noPostSNV,svm,0.500000,0.472222,0.418182
2,V,SNV,17,45,2.000000,SNV,A2_noPostSNV,rbf_svm,0.625000,0.622222,0.538462
2,V,SG1,17,45,2.000000,SG1,A2_noPostSNV,svm,0.500000,0.500000,0.396226
2,V,SG1,17,45,2.000000,SG1,A2_noPostSNV,rbf_svm,0.500000,0.455556,0.418182
2,V,EMSC,17,45,2.000000,EMSC,A2_noPostSNV,svm,0.500000,0.472222,0.407407
2,V,EMSC,17,45,2.000000,EMSC,A2_noPostSNV,rbf_svm,0.500000,0.455556,0.418182
2,V,Detrend,17,45,2.000000,Detrend,A2_noPostSNV,svm,0.500000,0.511111,0.407407
2,V,Detrend,17,45,2.000000,Detrend,A2_noPostSNV,rbf_svm,0.500000,0.455556,0.418182
2,V,USP,18,45,3.000000,none,A_postSNV,svm,0.625000,0.539683,0.520000
2,V,USP,18,45,3.000000,none,A_postSNV,rbf_svm,0.125000,0.111111,-0.037037
2,V,SNV,18,45,3.000000,SNV,A2_noPostSNV,svm,0.375000,0.400000,0.230769
2,V,SNV,18,45,3.000000,SNV,A2_noPostSNV,rbf_svm,0.500000,0.483333,0.372549
2,V,SG1,18,45,3.000000,SG1,A2_noPostSNV,svm,0.375000,0.344444,0.230769
2,V,SG1,18,45,3.000000,SG1,A2_noPostSNV,rbf_svm,0.375000,0.316667,0.215686
2,V,EMSC,18,45,3.000000,EMSC,A2_noPostSNV,svm,0.250000,0.233333,0.076923
2,V,EMSC,18,45,3.000000,EMSC,A2_noPostSNV,rbf_svm,0.250000,0.250000,0.111111
2,V,Detrend,18,45,3.000000,Detrend,A2_noPostSNV,svm,0.500000,0.455556,0.384615
2,V,Detrend,18,45,3.000000,Detrend,A2_noPostSNV,rbf_svm,0.375000,0.316667,0.215686
2,V,USP,19,45,4.000000,none,A_postSNV,svm,0.250000,0.177778,0.127273
2,V,USP,19,45,4.000000,none,A_postSNV,rbf_svm,0.000000,0.000000,-0.142857
2,V,SNV,19,45,4.000000,SNV,A2_noPostSNV,svm,0.375000,0.288889,0.230769
2,V,SNV,19,45,4.000000,SNV,A2_noPostSNV,rbf_svm,0.125000,0.066667,-0.056604
2,V,SG1,19,45,4.000000,SG1,A2_noPostSNV,svm,0.250000,0.233333,0.058824
2,V,SG1,19,45,4.000000,SG1,A2_noPostSNV,rbf_svm,0.250000,0.233333,0.094340
2,V,EMSC,19,45,4.000000,EMSC,A2_noPostSNV,svm,0.250000,0.233333,0.076923
2,V,EMSC,19,45,4.000000,EMSC,A2_noPostSNV,rbf_svm,0.125000,0.066667,-0.056604
2,V,Detrend,19,45,4.000000,Detrend,A2_noPostSNV,svm,0.250000,0.177778,0.076923
2,V,Detrend,19,45,4.000000,Detrend,A2_noPostSNV,rbf_svm,0.000000,0.000000,-0.185185
2,V,USP,20,46,0.000000,none,A_postSNV,svm,0.444444,0.380952,0.347826
2,V,USP,20,46,0.000000,none,A_postSNV,rbf_svm,0.111111,0.111111,-0.014085
2,V,SNV,20,46,0.000000,SNV,A2_noPostSNV,svm,0.666667,0.544444,0.584615
2,V,SNV,20,46,0.000000,SNV,A2_noPostSNV,rbf_svm,0.333333,0.305556,0.228571
2,V,SG1,20,46,0.000000,SG1,A2_noPostSNV,svm,0.555556,0.466667,0.446154
2,V,SG1,20,46,0.000000,SG1,A2_noPostSNV,rbf_svm,0.444444,0.444444,0.347826
2,V,EMSC,20,46,0.000000,EMSC,A2_noPostSNV,svm,0.555556,0.383333,0.462687
2,V,EMSC,20,46,0.000000,EMSC,A2_noPostSNV,rbf_svm,0.666667,0.583333,0.602941
2,V,Detrend,20,46,0.000000,Detrend,A2_noPostSNV,svm,0.333333,0.250000,0.205882
2,V,Detrend,20,46,0.000000,Detrend,A2_noPostSNV,rbf_svm,0.444444,0.388889,0.347826
2,V,USP,21,46,1.000000,none,A_postSNV,svm,0.111111,0.111111,-0.043478
2,V,USP,21,46,1.000000,none,A_postSNV,rbf_svm,0.000000,0.000000,-0.140845
2,V,SNV,21,46,1.000000,SNV,A2_noPostSNV,svm,0.222222,0.122222,0.030769
2,V,SNV,21,46,1.000000,SNV,A2_noPostSNV,rbf_svm,0.111111,0.083333,-0.043478
2,V,SG1,21,46,1.000000,SG1,A2_noPostSNV,svm,0.222222,0.177778,0.073529
2,V,SG1,21,46,1.000000,SG1,A2_noPostSNV,rbf_svm,0.222222,0.222222,0.100000
2,V,EMSC,21,46,1.000000,EMSC,A2_noPostSNV,svm,0.111111,0.066667,-0.090909
2,V,EMSC,21,46,1.000000,EMSC,A2_noPostSNV,rbf_svm,0.111111,0.066667,-0.058824
2,V,Detrend,21,46,1.000000,Detrend,A2_noPostSNV,svm,0.333333,0.233333,0.169231
2,V,Detrend,21,46,1.000000,Detrend,A2_noPostSNV,rbf_svm,0.111111,0.066667,-0.058824
2,V,USP,22,46,2.000000,none,A_postSNV,svm,0.750000,0.666667,0.698113
2,V,USP,22,46,2.000000,none,A_postSNV,rbf_svm,0.125000,0.166667,-0.076923
2,V,SNV,22,46,2.000000,SNV,A2_noPostSNV,svm,0.250000,0.194444,0.111111
2,V,SNV,22,46,2.000000,SNV,A2_noPostSNV,rbf_svm,0.500000,0.500000,0.418182
2,V,SG1,22,46,2.000000,SG1,A2_noPostSNV,svm,0.250000,0.194444,0.127273
2,V,SG1,22,46,2.000000,SG1,A2_noPostSNV,rbf_svm,0.375000,0.333333,0.285714
2,V,EMSC,22,46,2.000000,EMSC,A2_noPostSNV,svm,0.375000,0.305556,0.285714
2,V,EMSC,22,46,2.000000,EMSC,A2_noPostSNV,rbf_svm,0.250000,0.222222,0.127273
2,V,Detrend,22,46,2.000000,Detrend,A2_noPostSNV,svm,0.375000,0.361111,0.285714
2,V,Detrend,22,46,2.000000,Detrend,A2_noPostSNV,rbf_svm,0.375000,0.333333,0.285714
2,V,USP,23,46,3.000000,none,A_postSNV,svm,0.500000,0.483333,0.396226
2,V,USP,23,46,3.000000,none,A_postSNV,rbf_svm,0.125000,0.166667,0.000000
2,V,SNV,23,46,3.000000,SNV,A2_noPostSNV,svm,0.750000,0.633333,0.686275
2,V,SNV,23,46,3.000000,SNV,A2_noPostSNV,rbf_svm,0.750000,0.694444,0.698113
2,V,SG1,23,46,3.000000,SG1,A2_noPostSNV,svm,0.750000,0.600000,0.680000
2,V,SG1,23,46,3.000000,SG1,A2_noPostSNV,rbf_svm,0.875000,0.800000,0.843137
2,V,EMSC,23,46,3.000000,EMSC,A2_noPostSNV,svm,0.875000,0.800000,0.843137
2,V,EMSC,23,46,3.000000,EMSC,A2_noPostSNV,rbf_svm,0.625000,0.566667,0.555556
2,V,Detrend,23,46,3.000000,Detrend,A2_noPostSNV,svm,0.875000,0.800000,0.843137
2,V,Detrend,23,46,3.000000,Detrend,A2_noPostSNV,rbf_svm,0.625000,0.566667,0.555556
2,V,USP,24,46,4.000000,none,A_postSNV,svm,0.375000,0.240741,0.183673
2,V,USP,24,46,4.000000,none,A_postSNV,rbf_svm,0.125000,0.111111,-0.018182
2,V,SNV,24,46,4.000000,SNV,A2_noPostSNV,svm,0.500000,0.455556,0.384615
2,V,SNV,24,46,4.000000,SNV,A2_noPostSNV,rbf_svm,0.375000,0.333333,0.230769
2,V,SG1,24,46,4.000000,SG1,A2_noPostSNV,svm,0.500000,0.500000,0.384615
2,V,SG1,24,46,4.000000,SG1,A2_noPostSNV,rbf_svm,0.500000,0.527778,0.396226
2,V,EMSC,24,46,4.000000,EMSC,A2_noPostSNV,svm,0.500000,0.511111,0.384615
2,V,EMSC,24,46,4.000000,EMSC,A2_noPostSNV,rbf_svm,0.500000,0.527778,0.396226
2,V,Detrend,24,46,4.000000,Detrend,A2_noPostSNV,svm,0.500000,0.483333,0.372549
2,V,Detrend,24,46,4.000000,Detrend,A2_noPostSNV,rbf_svm,0.500000,0.527778,0.396226
2,DIW,USP,0,42,0.000000,none,A_postSNV,svm,0.666667,0.666667,0.597015
2,DIW,USP,0,42,0.000000,none,A_postSNV,rbf_svm,0.444444,0.427778,0.328358
2,DIW,SNV,0,42,0.000000,SNV,A2_noPostSNV,svm,0.444444,0.317460,0.318182
2,DIW,SNV,0,42,0.000000,SNV,A2_noPostSNV,rbf_svm,0.444444,0.351852,0.296875
2,DIW,SG1,0,42,0.000000,SG1,A2_noPostSNV,svm,0.555556,0.566667,0.462687
2,DIW,SG1,0,42,0.000000,SG1,A2_noPostSNV,rbf_svm,0.555556,0.566667,0.462687
2,DIW,EMSC,0,42,0.000000,EMSC,A2_noPostSNV,svm,0.333333,0.161905,0.156250
2,DIW,EMSC,0,42,0.000000,EMSC,A2_noPostSNV,rbf_svm,0.222222,0.177778,0.073529
2,DIW,Detrend,0,42,0.000000,Detrend,A2_noPostSNV,svm,0.555556,0.527778,0.462687
2,DIW,Detrend,0,42,0.000000,Detrend,A2_noPostSNV,rbf_svm,0.444444,0.500000,0.338235
2,DIW,USP,1,42,1.000000,none,A_postSNV,svm,0.888889,0.888889,0.865672
2,DIW,USP,1,42,1.000000,none,A_postSNV,rbf_svm,0.333333,0.250000,0.194030
2,DIW,SNV,1,42,1.000000,SNV,A2_noPostSNV,svm,0.666667,0.605556,0.590909
2,DIW,SNV,1,42,1.000000,SNV,A2_noPostSNV,rbf_svm,0.444444,0.344444,0.318182
2,DIW,SG1,1,42,1.000000,SG1,A2_noPostSNV,svm,0.555556,0.383333,0.462687
2,DIW,SG1,1,42,1.000000,SG1,A2_noPostSNV,rbf_svm,0.555556,0.444444,0.462687
2,DIW,EMSC,1,42,1.000000,EMSC,A2_noPostSNV,svm,0.555556,0.522222,0.462687
2,DIW,EMSC,1,42,1.000000,EMSC,A2_noPostSNV,rbf_svm,0.333333,0.277778,0.228571
2,DIW,Detrend,1,42,1.000000,Detrend,A2_noPostSNV,svm,0.666667,0.527778,0.597015
2,DIW,Detrend,1,42,1.000000,Detrend,A2_noPostSNV,rbf_svm,0.444444,0.333333,0.338235
2,DIW,USP,2,42,2.000000,none,A_postSNV,svm,0.750000,0.722222,0.703704
2,DIW,USP,2,42,2.000000,none,A_postSNV,rbf_svm,0.250000,0.233333,0.058824
2,DIW,SNV,2,42,2.000000,SNV,A2_noPostSNV,svm,0.375000,0.380952,0.215686
2,DIW,SNV,2,42,2.000000,SNV,A2_noPostSNV,rbf_svm,0.250000,0.277778,0.058824
2,DIW,SG1,2,42,2.000000,SG1,A2_noPostSNV,svm,0.375000,0.444444,0.245283
2,DIW,SG1,2,42,2.000000,SG1,A2_noPostSNV,rbf_svm,0.250000,0.277778,0.058824
2,DIW,EMSC,2,42,2.000000,EMSC,A2_noPostSNV,svm,0.250000,0.222222,0.076923
2,DIW,EMSC,2,42,2.000000,EMSC,A2_noPostSNV,rbf_svm,0.250000,0.194444,0.094340
2,DIW,Detrend,2,42,2.000000,Detrend,A2_noPostSNV,svm,0.500000,0.500000,0.384615
2,DIW,Detrend,2,42,2.000000,Detrend,A2_noPostSNV,rbf_svm,0.375000,0.361111,0.259259
2,DIW,USP,3,42,3.000000,none,A_postSNV,svm,0.625000,0.638889,0.563636
2,DIW,USP,3,42,3.000000,none,A_postSNV,rbf_svm,0.500000,0.388889,0.396226
2,DIW,SNV,3,42,3.000000,SNV,A2_noPostSNV,svm,0.625000,0.500000,0.555556
2,DIW,SNV,3,42,3.000000,SNV,A2_noPostSNV,rbf_svm,0.625000,0.677778,0.563636
2,DIW,SG1,3,42,3.000000,SG1,A2_noPostSNV,svm,0.625000,0.677778,0.563636
2,DIW,SG1,3,42,3.000000,SG1,A2_noPostSNV,rbf_svm,0.375000,0.444444,0.259259
2,DIW,EMSC,3,42,3.000000,EMSC,A2_noPostSNV,svm,0.625000,0.611111,0.547170
2,DIW,EMSC,3,42,3.000000,EMSC,A2_noPostSNV,rbf_svm,0.250000,0.277778,0.127273
2,DIW,Detrend,3,42,3.000000,Detrend,A2_noPostSNV,svm,0.750000,0.750000,0.703704
2,DIW,Detrend,3,42,3.000000,Detrend,A2_noPostSNV,rbf_svm,0.375000,0.444444,0.259259
2,DIW,USP,4,42,4.000000,none,A_postSNV,svm,0.750000,0.750000,0.703704
2,DIW,USP,4,42,4.000000,none,A_postSNV,rbf_svm,0.375000,0.222222,0.259259
2,DIW,SNV,4,42,4.000000,SNV,A2_noPostSNV,svm,0.500000,0.400000,0.407407
2,DIW,SNV,4,42,4.000000,SNV,A2_noPostSNV,rbf_svm,0.375000,0.250000,0.259259
2,DIW,SG1,4,42,4.000000,SG1,A2_noPostSNV,svm,0.500000,0.388889,0.407407
2,DIW,SG1,4,42,4.000000,SG1,A2_noPostSNV,rbf_svm,0.250000,0.166667,0.111111
2,DIW,EMSC,4,42,4.000000,EMSC,A2_noPostSNV,svm,0.250000,0.166667,0.127273
2,DIW,EMSC,4,42,4.000000,EMSC,A2_noPostSNV,rbf_svm,0.125000,0.111111,-0.018182
2,DIW,Detrend,4,42,4.000000,Detrend,A2_noPostSNV,svm,0.250000,0.166667,0.111111
2,DIW,Detrend,4,42,4.000000,Detrend,A2_noPostSNV,rbf_svm,0.250000,0.166667,0.111111
2,DIW,USP,5,43,0.000000,none,A_postSNV,svm,0.666667,0.661111,0.602941
2,DIW,USP,5,43,0.000000,none,A_postSNV,rbf_svm,0.666667,0.650000,0.584615
2,DIW,SNV,5,43,0.000000,SNV,A2_noPostSNV,svm,0.777778,0.800000,0.731343
2,DIW,SNV,5,43,0.000000,SNV,A2_noPostSNV,rbf_svm,0.444444,0.345238,0.328358
2,DIW,SG1,5,43,0.000000,SG1,A2_noPostSNV,svm,0.555556,0.511111,0.454545
2,DIW,SG1,5,43,0.000000,SG1,A2_noPostSNV,rbf_svm,0.444444,0.492063,0.318182
2,DIW,EMSC,5,43,0.000000,EMSC,A2_noPostSNV,svm,0.222222,0.166667,0.030769
2,DIW,EMSC,5,43,0.000000,EMSC,A2_noPostSNV,rbf_svm,0.222222,0.250000,0.086957
2,DIW,Detrend,5,43,0.000000,Detrend,A2_noPostSNV,svm,0.666667,0.550000,0.584615
2,DIW,Detrend,5,43,0.000000,Detrend,A2_noPostSNV,rbf_svm,0.444444,0.492063,0.318182
2,DIW,USP,6,43,1.000000,none,A_postSNV,svm,0.777778,0.694444,0.731343
2,DIW,USP,6,43,1.000000,none,A_postSNV,rbf_svm,0.555556,0.366667,0.462687
2,DIW,SNV,6,43,1.000000,SNV,A2_noPostSNV,svm,0.666667,0.733333,0.597015
2,DIW,SNV,6,43,1.000000,SNV,A2_noPostSNV,rbf_svm,0.333333,0.344444,0.205882
2,DIW,SG1,6,43,1.000000,SG1,A2_noPostSNV,svm,0.777778,0.777778,0.735294
2,DIW,SG1,6,43,1.000000,SG1,A2_noPostSNV,rbf_svm,0.333333,0.388889,0.217391
2,DIW,EMSC,6,43,1.000000,EMSC,A2_noPostSNV,svm,0.555556,0.511111,0.478261
2,DIW,EMSC,6,43,1.000000,EMSC,A2_noPostSNV,rbf_svm,0.333333,0.333333,0.228571
2,DIW,Detrend,6,43,1.000000,Detrend,A2_noPostSNV,svm,0.777778,0.722222,0.731343
2,DIW,Detrend,6,43,1.000000,Detrend,A2_noPostSNV,rbf_svm,0.333333,0.388889,0.217391
2,DIW,USP,7,43,2.000000,none,A_postSNV,svm,0.625000,0.550000,0.547170
2,DIW,USP,7,43,2.000000,none,A_postSNV,rbf_svm,0.250000,0.166667,0.094340
2,DIW,SNV,7,43,2.000000,SNV,A2_noPostSNV,svm,0.250000,0.166667,0.094340
2,DIW,SNV,7,43,2.000000,SNV,A2_noPostSNV,rbf_svm,0.250000,0.166667,0.111111
2,DIW,SG1,7,43,2.000000,SG1,A2_noPostSNV,svm,0.500000,0.555556,0.407407
2,DIW,SG1,7,43,2.000000,SG1,A2_noPostSNV,rbf_svm,0.250000,0.166667,0.111111
2,DIW,EMSC,7,43,2.000000,EMSC,A2_noPostSNV,svm,0.375000,0.333333,0.245283
2,DIW,EMSC,7,43,2.000000,EMSC,A2_noPostSNV,rbf_svm,0.125000,0.047619,-0.018182
2,DIW,Detrend,7,43,2.000000,Detrend,A2_noPostSNV,svm,0.250000,0.233333,0.058824
2,DIW,Detrend,7,43,2.000000,Detrend,A2_noPostSNV,rbf_svm,0.250000,0.166667,0.111111
2,DIW,USP,8,43,3.000000,none,A_postSNV,svm,0.625000,0.566667,0.529412
2,DIW,USP,8,43,3.000000,none,A_postSNV,rbf_svm,0.500000,0.500000,0.396226
2,DIW,SNV,8,43,3.000000,SNV,A2_noPostSNV,svm,0.125000,0.166667,-0.037037
2,DIW,SNV,8,43,3.000000,SNV,A2_noPostSNV,rbf_svm,0.250000,0.194444,0.111111
2,DIW,SG1,8,43,3.000000,SG1,A2_noPostSNV,svm,0.625000,0.527778,0.555556
2,DIW,SG1,8,43,3.000000,SG1,A2_noPostSNV,rbf_svm,0.625000,0.611111,0.547170
2,DIW,EMSC,8,43,3.000000,EMSC,A2_noPostSNV,svm,0.375000,0.333333,0.259259
2,DIW,EMSC,8,43,3.000000,EMSC,A2_noPostSNV,rbf_svm,0.375000,0.300000,0.245283
2,DIW,Detrend,8,43,3.000000,Detrend,A2_noPostSNV,svm,0.625000,0.527778,0.555556
2,DIW,Detrend,8,43,3.000000,Detrend,A2_noPostSNV,rbf_svm,0.500000,0.416667,0.407407
2,DIW,USP,9,43,4.000000,none,A_postSNV,svm,0.875000,0.888889,0.849057
2,DIW,USP,9,43,4.000000,none,A_postSNV,rbf_svm,0.500000,0.388889,0.360000
2,DIW,SNV,9,43,4.000000,SNV,A2_noPostSNV,svm,0.500000,0.388889,0.384615
2,DIW,SNV,9,43,4.000000,SNV,A2_noPostSNV,rbf_svm,0.375000,0.333333,0.230769
2,DIW,SG1,9,43,4.000000,SG1,A2_noPostSNV,svm,0.750000,0.722222,0.703704
2,DIW,SG1,9,43,4.000000,SG1,A2_noPostSNV,rbf_svm,0.500000,0.416667,0.396226
2,DIW,EMSC,9,43,4.000000,EMSC,A2_noPostSNV,svm,0.875000,0.800000,0.843137
2,DIW,EMSC,9,43,4.000000,EMSC,A2_noPostSNV,rbf_svm,0.250000,0.233333,0.020408
2,DIW,Detrend,9,43,4.000000,Detrend,A2_noPostSNV,svm,0.750000,0.666667,0.698113
2,DIW,Detrend,9,43,4.000000,Detrend,A2_noPostSNV,rbf_svm,0.500000,0.416667,0.384615
2,DIW,USP,10,44,0.000000,none,A_postSNV,svm,0.888889,0.888889,0.865672
2,DIW,USP,10,44,0.000000,none,A_postSNV,rbf_svm,0.555556,0.472222,0.454545
2,DIW,SNV,10,44,0.000000,SNV,A2_noPostSNV,svm,0.888889,0.888889,0.865672
2,DIW,SNV,10,44,0.000000,SNV,A2_noPostSNV,rbf_svm,0.444444,0.444444,0.366197
2,DIW,SG1,10,44,0.000000,SG1,A2_noPostSNV,svm,0.666667,0.638889,0.602941
2,DIW,SG1,10,44,0.000000,SG1,A2_noPostSNV,rbf_svm,0.666667,0.666667,0.602941
2,DIW,EMSC,10,44,0.000000,EMSC,A2_noPostSNV,svm,0.333333,0.288889,0.217391
2,DIW,EMSC,10,44,0.000000,EMSC,A2_noPostSNV,rbf_svm,0.444444,0.372222,0.347826
2,DIW,Detrend,10,44,0.000000,Detrend,A2_noPostSNV,svm,0.555556,0.527778,0.478261
2,DIW,Detrend,10,44,0.000000,Detrend,A2_noPostSNV,rbf_svm,0.555556,0.550000,0.470588
2,DIW,USP,11,44,1.000000,none,A_postSNV,svm,0.777778,0.694444,0.731343
2,DIW,USP,11,44,1.000000,none,A_postSNV,rbf_svm,0.444444,0.388889,0.318182
2,DIW,SNV,11,44,1.000000,SNV,A2_noPostSNV,svm,0.555556,0.555556,0.470588
2,DIW,SNV,11,44,1.000000,SNV,A2_noPostSNV,rbf_svm,0.444444,0.500000,0.347826
2,DIW,SG1,11,44,1.000000,SG1,A2_noPostSNV,svm,0.555556,0.555556,0.470588
2,DIW,SG1,11,44,1.000000,SG1,A2_noPostSNV,rbf_svm,0.555556,0.555556,0.470588
2,DIW,EMSC,11,44,1.000000,EMSC,A2_noPostSNV,svm,0.555556,0.527778,0.478261
2,DIW,EMSC,11,44,1.000000,EMSC,A2_noPostSNV,rbf_svm,0.222222,0.194444,0.112676
2,DIW,Detrend,11,44,1.000000,Detrend,A2_noPostSNV,svm,0.777778,0.694444,0.731343
2,DIW,Detrend,11,44,1.000000,Detrend,A2_noPostSNV,rbf_svm,0.444444,0.444444,0.347826
2,DIW,USP,12,44,2.000000,none,A_postSNV,svm,0.875000,0.800000,0.843137
2,DIW,USP,12,44,2.000000,none,A_postSNV,rbf_svm,0.250000,0.194444,0.094340
2,DIW,SNV,12,44,2.000000,SNV,A2_noPostSNV,svm,0.625000,0.577778,0.538462
2,DIW,SNV,12,44,2.000000,SNV,A2_noPostSNV,rbf_svm,0.000000,0.000000,-0.163636
2,DIW,SG1,12,44,2.000000,SG1,A2_noPostSNV,svm,0.750000,0.577778,0.686275
2,DIW,SG1,12,44,2.000000,SG1,A2_noPostSNV,rbf_svm,0.250000,0.277778,0.111111
2,DIW,EMSC,12,44,2.000000,EMSC,A2_noPostSNV,svm,0.500000,0.327778,0.396226
2,DIW,EMSC,12,44,2.000000,EMSC,A2_noPostSNV,rbf_svm,0.000000,0.000000,-0.163636
2,DIW,Detrend,12,44,2.000000,Detrend,A2_noPostSNV,svm,0.250000,0.166667,0.058824
2,DIW,Detrend,12,44,2.000000,Detrend,A2_noPostSNV,rbf_svm,0.000000,0.000000,-0.163636
2,DIW,USP,13,44,3.000000,none,A_postSNV,svm,0.500000,0.472222,0.418182
2,DIW,USP,13,44,3.000000,none,A_postSNV,rbf_svm,0.500000,0.455556,0.418182
2,DIW,SNV,13,44,3.000000,SNV,A2_noPostSNV,svm,0.375000,0.388889,0.259259
2,DIW,SNV,13,44,3.000000,SNV,A2_noPostSNV,rbf_svm,0.375000,0.400000,0.272727
2,DIW,SG1,13,44,3.000000,SG1,A2_noPostSNV,svm,0.500000,0.500000,0.396226
2,DIW,SG1,13,44,3.000000,SG1,A2_noPostSNV,rbf_svm,0.375000,0.444444,0.259259
2,DIW,EMSC,13,44,3.000000,EMSC,A2_noPostSNV,svm,0.500000,0.472222,0.418182
2,DIW,EMSC,13,44,3.000000,EMSC,A2_noPostSNV,rbf_svm,0.375000,0.400000,0.272727
2,DIW,Detrend,13,44,3.000000,Detrend,A2_noPostSNV,svm,0.500000,0.472222,0.418182
2,DIW,Detrend,13,44,3.000000,Detrend,A2_noPostSNV,rbf_svm,0.375000,0.444444,0.259259
2,DIW,USP,14,44,4.000000,none,A_postSNV,svm,0.750000,0.750000,0.692308
2,DIW,USP,14,44,4.000000,none,A_postSNV,rbf_svm,0.375000,0.277778,0.183673
2,DIW,SNV,14,44,4.000000,SNV,A2_noPostSNV,svm,0.750000,0.611111,0.680000
2,DIW,SNV,14,44,4.000000,SNV,A2_noPostSNV,rbf_svm,0.750000,0.611111,0.680000
2,DIW,SG1,14,44,4.000000,SG1,A2_noPostSNV,svm,0.750000,0.666667,0.692308
2,DIW,SG1,14,44,4.000000,SG1,A2_noPostSNV,rbf_svm,0.625000,0.583333,0.538462
2,DIW,EMSC,14,44,4.000000,EMSC,A2_noPostSNV,svm,0.750000,0.577778,0.686275
2,DIW,EMSC,14,44,4.000000,EMSC,A2_noPostSNV,rbf_svm,0.500000,0.373016,0.360000
2,DIW,Detrend,14,44,4.000000,Detrend,A2_noPostSNV,svm,0.875000,0.777778,0.846154
2,DIW,Detrend,14,44,4.000000,Detrend,A2_noPostSNV,rbf_svm,0.500000,0.400000,0.372549
2,DIW,USP,15,45,0.000000,none,A_postSNV,svm,0.555556,0.611111,0.470588
2,DIW,USP,15,45,0.000000,none,A_postSNV,rbf_svm,0.333333,0.361111,0.194030
2,DIW,SNV,15,45,0.000000,SNV,A2_noPostSNV,svm,0.444444,0.305556,0.338235
2,DIW,SNV,15,45,0.000000,SNV,A2_noPostSNV,rbf_svm,0.444444,0.500000,0.318182
2,DIW,SG1,15,45,0.000000,SG1,A2_noPostSNV,svm,0.555556,0.500000,0.462687
2,DIW,SG1,15,45,0.000000,SG1,A2_noPostSNV,rbf_svm,0.333333,0.444444,0.205882
2,DIW,EMSC,15,45,0.000000,EMSC,A2_noPostSNV,svm,0.333333,0.277778,0.181818
2,DIW,EMSC,15,45,0.000000,EMSC,A2_noPostSNV,rbf_svm,0.333333,0.261905,0.169231
2,DIW,Detrend,15,45,0.000000,Detrend,A2_noPostSNV,svm,0.777778,0.800000,0.731343
2,DIW,Detrend,15,45,0.000000,Detrend,A2_noPostSNV,rbf_svm,0.444444,0.511111,0.338235
2,DIW,USP,16,45,1.000000,none,A_postSNV,svm,0.555556,0.350000,0.454545
2,DIW,USP,16,45,1.000000,none,A_postSNV,rbf_svm,0.222222,0.133333,0.086957
2,DIW,SNV,16,45,1.000000,SNV,A2_noPostSNV,svm,0.444444,0.427778,0.338235
2,DIW,SNV,16,45,1.000000,SNV,A2_noPostSNV,rbf_svm,0.222222,0.152778,0.112676
2,DIW,SG1,16,45,1.000000,SG1,A2_noPostSNV,svm,0.666667,0.694444,0.602941
2,DIW,SG1,16,45,1.000000,SG1,A2_noPostSNV,rbf_svm,0.444444,0.325397,0.347826
2,DIW,EMSC,16,45,1.000000,EMSC,A2_noPostSNV,svm,0.444444,0.372222,0.347826
2,DIW,EMSC,16,45,1.000000,EMSC,A2_noPostSNV,rbf_svm,0.333333,0.263889,0.228571
2,DIW,Detrend,16,45,1.000000,Detrend,A2_noPostSNV,svm,0.444444,0.344444,0.318182
2,DIW,Detrend,16,45,1.000000,Detrend,A2_noPostSNV,rbf_svm,0.333333,0.263889,0.228571
2,DIW,USP,17,45,2.000000,none,A_postSNV,svm,0.625000,0.638889,0.547170
2,DIW,USP,17,45,2.000000,none,A_postSNV,rbf_svm,0.250000,0.250000,0.076923
2,DIW,SNV,17,45,2.000000,SNV,A2_noPostSNV,svm,0.375000,0.361111,0.245283
2,DIW,SNV,17,45,2.000000,SNV,A2_noPostSNV,rbf_svm,0.375000,0.344444,0.272727
2,DIW,SG1,17,45,2.000000,SG1,A2_noPostSNV,svm,0.500000,0.527778,0.407407
2,DIW,SG1,17,45,2.000000,SG1,A2_noPostSNV,rbf_svm,0.375000,0.344444,0.245283
2,DIW,EMSC,17,45,2.000000,EMSC,A2_noPostSNV,svm,0.375000,0.333333,0.259259
2,DIW,EMSC,17,45,2.000000,EMSC,A2_noPostSNV,rbf_svm,0.250000,0.177778,0.094340
2,DIW,Detrend,17,45,2.000000,Detrend,A2_noPostSNV,svm,0.625000,0.638889,0.563636
2,DIW,Detrend,17,45,2.000000,Detrend,A2_noPostSNV,rbf_svm,0.250000,0.222222,0.127273
2,DIW,USP,18,45,3.000000,none,A_postSNV,svm,0.875000,0.888889,0.849057
2,DIW,USP,18,45,3.000000,none,A_postSNV,rbf_svm,0.250000,0.166667,0.076923
2,DIW,SNV,18,45,3.000000,SNV,A2_noPostSNV,svm,0.625000,0.500000,0.538462
2,DIW,SNV,18,45,3.000000,SNV,A2_noPostSNV,rbf_svm,0.500000,0.416667,0.396226
2,DIW,SG1,18,45,3.000000,SG1,A2_noPostSNV,svm,0.500000,0.416667,0.396226
2,DIW,SG1,18,45,3.000000,SG1,A2_noPostSNV,rbf_svm,0.375000,0.333333,0.245283
2,DIW,EMSC,18,45,3.000000,EMSC,A2_noPostSNV,svm,0.375000,0.300000,0.230769
2,DIW,EMSC,18,45,3.000000,EMSC,A2_noPostSNV,rbf_svm,0.000000,0.000000,-0.163636
2,DIW,Detrend,18,45,3.000000,Detrend,A2_noPostSNV,svm,0.625000,0.555556,0.547170
2,DIW,Detrend,18,45,3.000000,Detrend,A2_noPostSNV,rbf_svm,0.375000,0.333333,0.230769
2,DIW,USP,19,45,4.000000,none,A_postSNV,svm,0.875000,0.888889,0.849057
2,DIW,USP,19,45,4.000000,none,A_postSNV,rbf_svm,0.375000,0.361111,0.272727
2,DIW,SNV,19,45,4.000000,SNV,A2_noPostSNV,svm,0.875000,0.888889,0.849057
2,DIW,SNV,19,45,4.000000,SNV,A2_noPostSNV,rbf_svm,0.375000,0.333333,0.259259
2,DIW,SG1,19,45,4.000000,SG1,A2_noPostSNV,svm,0.625000,0.583333,0.555556
2,DIW,SG1,19,45,4.000000,SG1,A2_noPostSNV,rbf_svm,0.625000,0.583333,0.547170
2,DIW,EMSC,19,45,4.000000,EMSC,A2_noPostSNV,svm,0.625000,0.500000,0.529412
2,DIW,EMSC,19,45,4.000000,EMSC,A2_noPostSNV,rbf_svm,0.500000,0.345238,0.346939
2,DIW,Detrend,19,45,4.000000,Detrend,A2_noPostSNV,svm,0.625000,0.583333,0.555556
2,DIW,Detrend,19,45,4.000000,Detrend,A2_noPostSNV,rbf_svm,0.250000,0.166667,0.111111
2,DIW,USP,20,46,0.000000,none,A_postSNV,svm,0.555556,0.411111,0.462687
2,DIW,USP,20,46,0.000000,none,A_postSNV,rbf_svm,0.333333,0.305556,0.205882
2,DIW,SNV,20,46,0.000000,SNV,A2_noPostSNV,svm,0.555556,0.388889,0.446154
2,DIW,SNV,20,46,0.000000,SNV,A2_noPostSNV,rbf_svm,0.222222,0.222222,0.086957
2,DIW,SG1,20,46,0.000000,SG1,A2_noPostSNV,svm,0.555556,0.450000,0.437500
2,DIW,SG1,20,46,0.000000,SG1,A2_noPostSNV,rbf_svm,0.333333,0.300000,0.169231
2,DIW,EMSC,20,46,0.000000,EMSC,A2_noPostSNV,svm,0.555556,0.433333,0.454545
2,DIW,EMSC,20,46,0.000000,EMSC,A2_noPostSNV,rbf_svm,0.111111,0.111111,-0.043478
2,DIW,Detrend,20,46,0.000000,Detrend,A2_noPostSNV,svm,0.666667,0.566667,0.602941
2,DIW,Detrend,20,46,0.000000,Detrend,A2_noPostSNV,rbf_svm,0.222222,0.166667,0.030769
2,DIW,USP,21,46,1.000000,none,A_postSNV,svm,0.888889,0.911111,0.863636
2,DIW,USP,21,46,1.000000,none,A_postSNV,rbf_svm,0.444444,0.444444,0.328358
2,DIW,SNV,21,46,1.000000,SNV,A2_noPostSNV,svm,0.777778,0.722222,0.723077
2,DIW,SNV,21,46,1.000000,SNV,A2_noPostSNV,rbf_svm,0.444444,0.388889,0.307692
2,DIW,SG1,21,46,1.000000,SG1,A2_noPostSNV,svm,0.555556,0.466667,0.454545
2,DIW,SG1,21,46,1.000000,SG1,A2_noPostSNV,rbf_svm,0.555556,0.444444,0.454545
2,DIW,EMSC,21,46,1.000000,EMSC,A2_noPostSNV,svm,0.555556,0.388889,0.446154
2,DIW,EMSC,21,46,1.000000,EMSC,A2_noPostSNV,rbf_svm,0.444444,0.344444,0.347826
2,DIW,Detrend,21,46,1.000000,Detrend,A2_noPostSNV,svm,0.555556,0.466667,0.454545
2,DIW,Detrend,21,46,1.000000,Detrend,A2_noPostSNV,rbf_svm,0.444444,0.400000,0.328358
2,DIW,USP,22,46,2.000000,none,A_postSNV,svm,0.875000,0.800000,0.843137
2,DIW,USP,22,46,2.000000,none,A_postSNV,rbf_svm,0.375000,0.333333,0.259259
2,DIW,SNV,22,46,2.000000,SNV,A2_noPostSNV,svm,0.750000,0.722222,0.686275
2,DIW,SNV,22,46,2.000000,SNV,A2_noPostSNV,rbf_svm,0.500000,0.511111,0.407407
2,DIW,SG1,22,46,2.000000,SG1,A2_noPostSNV,svm,0.500000,0.455556,0.384615
2,DIW,SG1,22,46,2.000000,SG1,A2_noPostSNV,rbf_svm,0.375000,0.344444,0.245283
2,DIW,EMSC,22,46,2.000000,EMSC,A2_noPostSNV,svm,0.375000,0.344444,0.230769
2,DIW,EMSC,22,46,2.000000,EMSC,A2_noPostSNV,rbf_svm,0.125000,0.111111,-0.076923
2,DIW,Detrend,22,46,2.000000,Detrend,A2_noPostSNV,svm,0.250000,0.133333,0.040000
2,DIW,Detrend,22,46,2.000000,Detrend,A2_noPostSNV,rbf_svm,0.375000,0.344444,0.245283
2,DIW,USP,23,46,3.000000,none,A_postSNV,svm,0.625000,0.666667,0.547170
2,DIW,USP,23,46,3.000000,none,A_postSNV,rbf_svm,0.500000,0.444444,0.384615
2,DIW,SNV,23,46,3.000000,SNV,A2_noPostSNV,svm,0.375000,0.388889,0.245283
2,DIW,SNV,23,46,3.000000,SNV,A2_noPostSNV,rbf_svm,0.500000,0.444444,0.396226
2,DIW,SG1,23,46,3.000000,SG1,A2_noPostSNV,svm,0.500000,0.416667,0.384615
2,DIW,SG1,23,46,3.000000,SG1,A2_noPostSNV,rbf_svm,0.375000,0.333333,0.245283
2,DIW,EMSC,23,46,3.000000,EMSC,A2_noPostSNV,svm,0.250000,0.177778,0.076923
2,DIW,EMSC,23,46,3.000000,EMSC,A2_noPostSNV,rbf_svm,0.250000,0.277778,0.111111
2,DIW,Detrend,23,46,3.000000,Detrend,A2_noPostSNV,svm,0.625000,0.511111,0.547170
2,DIW,Detrend,23,46,3.000000,Detrend,A2_noPostSNV,rbf_svm,0.375000,0.333333,0.245283
2,DIW,USP,24,46,4.000000,none,A_postSNV,svm,0.750000,0.611111,0.692308
2,DIW,USP,24,46,4.000000,none,A_postSNV,rbf_svm,0.500000,0.500000,0.407407
2,DIW,SNV,24,46,4.000000,SNV,A2_noPostSNV,svm,0.625000,0.444444,0.520000
2,DIW,SNV,24,46,4.000000,SNV,A2_noPostSNV,rbf_svm,0.375000,0.277778,0.259259
2,DIW,SG1,24,46,4.000000,SG1,A2_noPostSNV,svm,0.500000,0.444444,0.396226
2,DIW,SG1,24,46,4.000000,SG1,A2_noPostSNV,rbf_svm,0.375000,0.333333,0.259259
2,DIW,EMSC,24,46,4.000000,EMSC,A2_noPostSNV,svm,0.750000,0.694444,0.698113
2,DIW,EMSC,24,46,4.000000,EMSC,A2_noPostSNV,rbf_svm,0.125000,0.111111,0.000000
2,DIW,Detrend,24,46,4.000000,Detrend,A2_noPostSNV,svm,0.500000,0.444444,0.396226
2,DIW,Detrend,24,46,4.000000,Detrend,A2_noPostSNV,rbf_svm,0.375000,0.333333,0.245283
3,hold-out Bu5,USP,0,42,,none,A_postSNV,svm,0.666667,0.668182,0.600000
3,hold-out Bu5,USP,0,42,,none,A_postSNV,rbf_svm,0.694444,0.715520,0.633333
3,hold-out Bu5,SNV,0,42,,SNV,A2_noPostSNV,svm,0.750000,0.730361,0.700000
3,hold-out Bu5,SNV,0,42,,SNV,A2_noPostSNV,rbf_svm,0.666667,0.689879,0.600000
3,hold-out Bu5,SG1,0,42,,SG1,A2_noPostSNV,svm,0.750000,0.758099,0.700000
3,hold-out Bu5,SG1,0,42,,SG1,A2_noPostSNV,rbf_svm,0.722222,0.740112,0.666667
3,hold-out Bu5,EMSC,0,42,,EMSC,A2_noPostSNV,svm,0.777778,0.783261,0.733333
3,hold-out Bu5,EMSC,0,42,,EMSC,A2_noPostSNV,rbf_svm,0.638889,0.666667,0.566667
3,hold-out Bu5,Detrend,0,42,,Detrend,A2_noPostSNV,svm,0.777778,0.795960,0.733333
3,hold-out Bu5,Detrend,0,42,,Detrend,A2_noPostSNV,rbf_svm,0.722222,0.739549,0.666667
3,hold-out W6,USP,0,42,,none,A_postSNV,svm,0.694444,0.661039,0.633333
3,hold-out W6,USP,0,42,,none,A_postSNV,rbf_svm,0.805556,0.812019,0.766667
3,hold-out W6,SNV,0,42,,SNV,A2_noPostSNV,svm,0.694444,0.675926,0.633333
3,hold-out W6,SNV,0,42,,SNV,A2_noPostSNV,rbf_svm,0.666667,0.670172,0.600000
3,hold-out W6,SG1,0,42,,SG1,A2_noPostSNV,svm,0.638889,0.577778,0.566667
3,hold-out W6,SG1,0,42,,SG1,A2_noPostSNV,rbf_svm,0.583333,0.559855,0.500000
3,hold-out W6,EMSC,0,42,,EMSC,A2_noPostSNV,svm,0.583333,0.512286,0.500000
3,hold-out W6,EMSC,0,42,,EMSC,A2_noPostSNV,rbf_svm,0.583333,0.557071,0.500000
3,hold-out W6,Detrend,0,42,,Detrend,A2_noPostSNV,svm,0.555556,0.463627,0.466667
3,hold-out W6,Detrend,0,42,,Detrend,A2_noPostSNV,rbf_svm,0.527778,0.512177,0.433333
3,hold-out TG,USP,0,42,,none,A_postSNV,svm,0.694444,0.697202,0.633333
3,hold-out TG,USP,0,42,,none,A_postSNV,rbf_svm,0.611111,0.649145,0.533333
3,hold-out TG,SNV,0,42,,SNV,A2_noPostSNV,svm,0.694444,0.676719,0.633333
3,hold-out TG,SNV,0,42,,SNV,A2_noPostSNV,rbf_svm,0.750000,0.773016,0.700000
3,hold-out TG,SG1,0,42,,SG1,A2_noPostSNV,svm,0.500000,0.512413,0.400000
3,hold-out TG,SG1,0,42,,SG1,A2_noPostSNV,rbf_svm,0.694444,0.690043,0.633333
3,hold-out TG,EMSC,0,42,,EMSC,A2_noPostSNV,svm,0.694444,0.707213,0.633333
3,hold-out TG,EMSC,0,42,,EMSC,A2_noPostSNV,rbf_svm,0.611111,0.609293,0.533333
3,hold-out TG,Detrend,0,42,,Detrend,A2_noPostSNV,svm,0.527778,0.511254,0.433333
3,hold-out TG,Detrend,0,42,,Detrend,A2_noPostSNV,rbf_svm,0.638889,0.644444,0.566667
3,hold-out C,USP,0,42,,none,A_postSNV,svm,0.527778,0.525926,0.433333
3,hold-out C,USP,0,42,,none,A_postSNV,rbf_svm,0.611111,0.576608,0.533333
3,hold-out C,SNV,0,42,,SNV,A2_noPostSNV,svm,0.611111,0.574592,0.533333
3,hold-out C,SNV,0,42,,SNV,A2_noPostSNV,rbf_svm,0.611111,0.605910,0.533333
3,hold-out C,SG1,0,42,,SG1,A2_noPostSNV,svm,0.694444,0.650427,0.633333
3,hold-out C,SG1,0,42,,SG1,A2_noPostSNV,rbf_svm,0.666667,0.662957,0.600000
3,hold-out C,EMSC,0,42,,EMSC,A2_noPostSNV,svm,0.583333,0.559942,0.500000
3,hold-out C,EMSC,0,42,,EMSC,A2_noPostSNV,rbf_svm,0.666667,0.695960,0.600000
3,hold-out C,Detrend,0,42,,Detrend,A2_noPostSNV,svm,0.611111,0.571669,0.533333
3,hold-out C,Detrend,0,42,,Detrend,A2_noPostSNV,rbf_svm,0.611111,0.646694,0.533333
3,hold-out V,USP,0,42,,none,A_postSNV,svm,0.250000,0.194139,0.100000
3,hold-out V,USP,0,42,,none,A_postSNV,rbf_svm,0.250000,0.205882,0.100000
3,hold-out V,SNV,0,42,,SNV,A2_noPostSNV,svm,0.277778,0.195671,0.133333
3,hold-out V,SNV,0,42,,SNV,A2_noPostSNV,rbf_svm,0.444444,0.375598,0.333333
3,hold-out V,SG1,0,42,,SG1,A2_noPostSNV,svm,0.305556,0.255952,0.166667
3,hold-out V,SG1,0,42,,SG1,A2_noPostSNV,rbf_svm,0.166667,0.047619,0.000000
3,hold-out V,EMSC,0,42,,EMSC,A2_noPostSNV,svm,0.194444,0.167989,0.033333
3,hold-out V,EMSC,0,42,,EMSC,A2_noPostSNV,rbf_svm,0.194444,0.097619,0.033333
3,hold-out V,Detrend,0,42,,Detrend,A2_noPostSNV,svm,0.333333,0.254350,0.200000
3,hold-out V,Detrend,0,42,,Detrend,A2_noPostSNV,rbf_svm,0.166667,0.047619,0.000000
3,hold-out DIW,USP,0,42,,none,A_postSNV,svm,0.500000,0.466071,0.400000
3,hold-out DIW,USP,0,42,,none,A_postSNV,rbf_svm,0.361111,0.342554,0.233333
3,hold-out DIW,SNV,0,42,,SNV,A2_noPostSNV,svm,0.361111,0.347511,0.233333
3,hold-out DIW,SNV,0,42,,SNV,A2_noPostSNV,rbf_svm,0.305556,0.313988,0.166667
3,hold-out DIW,SG1,0,42,,SG1,A2_noPostSNV,svm,0.472222,0.406857,0.366667
3,hold-out DIW,SG1,0,42,,SG1,A2_noPostSNV,rbf_svm,0.444444,0.441791,0.333333
3,hold-out DIW,EMSC,0,42,,EMSC,A2_noPostSNV,svm,0.388889,0.310185,0.266667
3,hold-out DIW,EMSC,0,42,,EMSC,A2_noPostSNV,rbf_svm,0.305556,0.288360,0.166667
3,hold-out DIW,Detrend,0,42,,Detrend,A2_noPostSNV,svm,0.361111,0.276455,0.233333
3,hold-out DIW,Detrend,0,42,,Detrend,A2_noPostSNV,rbf_svm,0.277778,0.254630,0.133333
