condition,method,repeat,seed,preprocess,variant,classifier,OA,macro_F1,kappa
Clear,USP,0,42,none,A_postSNV,svm,0.948718,0.946703,0.935644
Clear+BandShift,USP,0,42,none,A_postSNV,svm,0.948718,0.946703,0.935644
Clear,USP,0,42,none,A_postSNV,rbf_svm,0.897436,0.883139,0.871181
Clear+BandShift,USP,0,42,none,A_postSNV,rbf_svm,0.871795,0.862626,0.839506
Clear,USP,0,42,none,A_postSNV,rf,0.846154,0.817316,0.805970
Clear+BandShift,USP,0,42,none,A_postSNV,rf,0.897436,0.867693,0.872340
Clear,SNV,0,42,SNV,A2_noPostSNV,svm,0.897436,0.901942,0.872445
Clear+BandShift,SNV,0,42,SNV,A2_noPostSNV,svm,0.487179,0.323810,0.379475
Clear,SNV,0,42,SNV,A2_noPostSNV,rbf_svm,0.871795,0.900625,0.838710
Clear+BandShift,SNV,0,42,SNV,A2_noPostSNV,rbf_svm,0.307692,0.130385,0.040984
Clear,SNV,0,42,SNV,A2_noPostSNV,rf,0.846154,0.825736,0.804020
Clear+BandShift,SNV,0,42,SNV,A2_noPostSNV,rf,0.769231,0.654858,0.707012
Clear,SG1,0,42,SG1,A2_noPostSNV,svm,0.820513,0.810237,0.771739
Clear+BandShift,SG1,0,42,SG1,A2_noPostSNV,svm,0.282051,0.163420,0.040422
Clear,SG1,0,42,SG1,A2_noPostSNV,rbf_svm,0.717949,0.711844,0.646040
Clear+BandShift,SG1,0,42,SG1,A2_noPostSNV,rbf_svm,0.205128,0.108333,0.071429
Clear,SG1,0,42,SG1,A2_noPostSNV,rf,0.846154,0.819409,0.804674
Clear+BandShift,SG1,0,42,SG1,A2_noPostSNV,rf,0.666667,0.533651,0.573950
Clear,EMSC,0,42,EMSC,A2_noPostSNV,svm,0.897436,0.915751,0.871393
Clear+BandShift,EMSC,0,42,EMSC,A2_noPostSNV,svm,0.589744,0.425817,0.492683
Clear,EMSC,0,42,EMSC,A2_noPostSNV,rbf_svm,0.897436,0.909187,0.872131
Clear+BandShift,EMSC,0,42,EMSC,A2_noPostSNV,rbf_svm,0.538462,0.486508,0.393782
Clear,EMSC,0,42,EMSC,A2_noPostSNV,rf,0.948718,0.947352,0.935590
Clear+BandShift,EMSC,0,42,EMSC,A2_noPostSNV,rf,0.871795,0.838588,0.838442
Clear,Detrend,0,42,Detrend,A2_noPostSNV,svm,0.846154,0.834243,0.805486
Clear+BandShift,Detrend,0,42,Detrend,A2_noPostSNV,svm,0.307692,0.143056,0.049639
Clear,Detrend,0,42,Detrend,A2_noPostSNV,rbf_svm,0.769231,0.756736,0.709677
Clear+BandShift,Detrend,0,42,Detrend,A2_noPostSNV,rbf_svm,0.333333,0.192830,0.184887
Clear,Detrend,0,42,Detrend,A2_noPostSNV,rf,0.846154,0.819409,0.804674
Clear+BandShift,Detrend,0,42,Detrend,A2_noPostSNV,rf,0.820513,0.752742,0.772310
Clear,USP,1,43,none,A_postSNV,svm,0.897436,0.844605,0.871605
Clear+BandShift,USP,1,43,none,A_postSNV,svm,0.923077,0.872871,0.903226
Clear,USP,1,43,none,A_postSNV,rbf_svm,0.820513,0.724556,0.777868
Clear+BandShift,USP,1,43,none,A_postSNV,rbf_svm,0.846154,0.741651,0.808667
Clear,USP,1,43,none,A_postSNV,rf,0.846154,0.730087,0.806131
Clear+BandShift,USP,1,43,none,A_postSNV,rf,0.897436,0.883261,0.871181
Clear,SNV,1,43,SNV,A2_noPostSNV,svm,0.820513,0.765476,0.779483
Clear+BandShift,SNV,1,43,SNV,A2_noPostSNV,svm,0.743590,0.624008,0.682410
Clear,SNV,1,43,SNV,A2_noPostSNV,rbf_svm,0.897436,0.904434,0.870861
Clear+BandShift,SNV,1,43,SNV,A2_noPostSNV,rbf_svm,0.461538,0.293651,0.268750
Clear,SNV,1,43,SNV,A2_noPostSNV,rf,0.794872,0.747471,0.744472
Clear+BandShift,SNV,1,43,SNV,A2_noPostSNV,rf,0.717949,0.625871,0.650367
Clear,SG1,1,43,SG1,A2_noPostSNV,svm,0.743590,0.630983,0.672269
Clear+BandShift,SG1,1,43,SG1,A2_noPostSNV,svm,0.333333,0.164815,0.104240
Clear,SG1,1,43,SG1,A2_noPostSNV,rbf_svm,0.794872,0.698429,0.735369
Clear+BandShift,SG1,1,43,SG1,A2_noPostSNV,rbf_svm,0.179487,0.090965,0.050228
Clear,SG1,1,43,SG1,A2_noPostSNV,rf,0.794872,0.689069,0.736709
Clear+BandShift,SG1,1,43,SG1,A2_noPostSNV,rf,0.564103,0.416667,0.434300
Clear,EMSC,1,43,EMSC,A2_noPostSNV,svm,0.897436,0.909848,0.873274
Clear+BandShift,EMSC,1,43,EMSC,A2_noPostSNV,svm,0.769231,0.785155,0.720096
Clear,EMSC,1,43,EMSC,A2_noPostSNV,rbf_svm,0.820513,0.727065,0.772879
Clear+BandShift,EMSC,1,43,EMSC,A2_noPostSNV,rbf_svm,0.666667,0.559455,0.565553
Clear,EMSC,1,43,EMSC,A2_noPostSNV,rf,0.897436,0.848299,0.871816
Clear+BandShift,EMSC,1,43,EMSC,A2_noPostSNV,rf,0.794872,0.762626,0.740000
Clear,Detrend,1,43,Detrend,A2_noPostSNV,svm,0.769231,0.661264,0.702794
Clear+BandShift,Detrend,1,43,Detrend,A2_noPostSNV,svm,0.333333,0.176680,0.089767
Clear,Detrend,1,43,Detrend,A2_noPostSNV,rbf_svm,0.794872,0.765432,0.737815
Clear+BandShift,Detrend,1,43,Detrend,A2_noPostSNV,rbf_svm,0.410256,0.254938,0.271916
Clear,Detrend,1,43,Detrend,A2_noPostSNV,rf,0.871795,0.819521,0.838040
Clear+BandShift,Detrend,1,43,Detrend,A2_noPostSNV,rf,0.820513,0.731643,0.774194
Clear,USP,2,44,none,A_postSNV,svm,0.948718,0.939447,0.935908
Clear+BandShift,USP,2,44,none,A_postSNV,svm,0.948718,0.939447,0.935908
Clear,USP,2,44,none,A_postSNV,rbf_svm,0.923077,0.931624,0.903545
Clear+BandShift,USP,2,44,none,A_postSNV,rbf_svm,0.923077,0.931624,0.903545
Clear,USP,2,44,none,A_postSNV,rf,0.897436,0.884726,0.871287
Clear+BandShift,USP,2,44,none,A_postSNV,rf,0.897436,0.884726,0.871287
Clear,SNV,2,44,SNV,A2_noPostSNV,svm,0.948718,0.947352,0.935590
Clear+BandShift,SNV,2,44,SNV,A2_noPostSNV,svm,0.564103,0.353016,0.459658
Clear,SNV,2,44,SNV,A2_noPostSNV,rbf_svm,0.923077,0.927116,0.902581
Clear+BandShift,SNV,2,44,SNV,A2_noPostSNV,rbf_svm,0.358974,0.203014,0.121622
Clear,SNV,2,44,SNV,A2_noPostSNV,rf,0.871795,0.852408,0.836820
Clear+BandShift,SNV,2,44,SNV,A2_noPostSNV,rf,0.871795,0.802584,0.836820
Clear,SG1,2,44,SG1,A2_noPostSNV,svm,0.820513,0.795269,0.772879
Clear+BandShift,SG1,2,44,SG1,A2_noPostSNV,svm,0.282051,0.073333,0.000000
Clear,SG1,2,44,SG1,A2_noPostSNV,rbf_svm,0.871795,0.845635,0.837364
Clear+BandShift,SG1,2,44,SG1,A2_noPostSNV,rbf_svm,0.230769,0.126068,0.097222
Clear,SG1,2,44,SG1,A2_noPostSNV,rf,0.897436,0.890647,0.870108
Clear+BandShift,SG1,2,44,SG1,A2_noPostSNV,rf,0.692308,0.604076,0.613223
Clear,EMSC,2,44,EMSC,A2_noPostSNV,svm,0.948718,0.947352,0.935590
Clear+BandShift,EMSC,2,44,EMSC,A2_noPostSNV,svm,0.615385,0.577127,0.530498
Clear,EMSC,2,44,EMSC,A2_noPostSNV,rbf_svm,0.948718,0.947352,0.935590
Clear+BandShift,EMSC,2,44,EMSC,A2_noPostSNV,rbf_svm,0.666667,0.519880,0.559896
Clear,EMSC,2,44,EMSC,A2_noPostSNV,rf,0.948718,0.947352,0.935590
Clear+BandShift,EMSC,2,44,EMSC,A2_noPostSNV,rf,0.871795,0.783846,0.836272
Clear,Detrend,2,44,Detrend,A2_noPostSNV,svm,0.923077,0.911202,0.903146
Clear+BandShift,Detrend,2,44,Detrend,A2_noPostSNV,svm,0.333333,0.167677,0.161290
Clear,Detrend,2,44,Detrend,A2_noPostSNV,rbf_svm,0.871795,0.845135,0.837500
Clear+BandShift,Detrend,2,44,Detrend,A2_noPostSNV,rbf_svm,0.384615,0.233279,0.245770
Clear,Detrend,2,44,Detrend,A2_noPostSNV,rf,0.923077,0.920938,0.902985
Clear+BandShift,Detrend,2,44,Detrend,A2_noPostSNV,rf,0.846154,0.722526,0.806452
Clear,USP,3,45,none,A_postSNV,svm,0.948718,0.946703,0.935644
Clear+BandShift,USP,3,45,none,A_postSNV,svm,0.923077,0.891148,0.903545
Clear,USP,3,45,none,A_postSNV,rbf_svm,0.948718,0.946703,0.935644
Clear+BandShift,USP,3,45,none,A_postSNV,rbf_svm,0.923077,0.891148,0.903545
Clear,USP,3,45,none,A_postSNV,rf,0.897436,0.876015,0.870539
Clear+BandShift,USP,3,45,none,A_postSNV,rf,0.948718,0.939447,0.935908
Clear,SNV,3,45,SNV,A2_noPostSNV,svm,0.948718,0.947352,0.935590
Clear+BandShift,SNV,3,45,SNV,A2_noPostSNV,svm,0.692308,0.618987,0.610325
Clear,SNV,3,45,SNV,A2_noPostSNV,rbf_svm,0.897436,0.921138,0.870432
Clear+BandShift,SNV,3,45,SNV,A2_noPostSNV,rbf_svm,0.384615,0.235013,0.157516
Clear,SNV,3,45,SNV,A2_noPostSNV,rf,0.897436,0.886111,0.870000
Clear+BandShift,SNV,3,45,SNV,A2_noPostSNV,rf,0.846154,0.796581,0.802532
Clear,SG1,3,45,SG1,A2_noPostSNV,svm,0.794872,0.720406,0.738255
Clear+BandShift,SG1,3,45,SG1,A2_noPostSNV,svm,0.256410,0.068027,-0.028182
Clear,SG1,3,45,SG1,A2_noPostSNV,rbf_svm,0.794872,0.732381,0.738255
Clear+BandShift,SG1,3,45,SG1,A2_noPostSNV,rbf_svm,0.205128,0.108333,0.071429
Clear,SG1,3,45,SG1,A2_noPostSNV,rf,0.923077,0.924500,0.903065
Clear+BandShift,SG1,3,45,SG1,A2_noPostSNV,rf,0.717949,0.584210,0.642798
Clear,EMSC,3,45,EMSC,A2_noPostSNV,svm,0.948718,0.947352,0.935590
Clear+BandShift,EMSC,3,45,EMSC,A2_noPostSNV,svm,0.820513,0.804206,0.772120
Clear,EMSC,3,45,EMSC,A2_noPostSNV,rbf_svm,0.897436,0.853408,0.870432
Clear+BandShift,EMSC,3,45,EMSC,A2_noPostSNV,rbf_svm,0.794872,0.669659,0.732877
Clear,EMSC,3,45,EMSC,A2_noPostSNV,rf,0.897436,0.885611,0.870108
Clear+BandShift,EMSC,3,45,EMSC,A2_noPostSNV,rf,0.871795,0.817357,0.837770
Clear,Detrend,3,45,Detrend,A2_noPostSNV,svm,0.820513,0.786111,0.774194
Clear+BandShift,Detrend,3,45,Detrend,A2_noPostSNV,svm,0.205128,0.056738,-0.083333
Clear,Detrend,3,45,Detrend,A2_noPostSNV,rbf_svm,0.743590,0.676768,0.673913
Clear+BandShift,Detrend,3,45,Detrend,A2_noPostSNV,rbf_svm,0.358974,0.196621,0.229249
Clear,Detrend,3,45,Detrend,A2_noPostSNV,rf,0.820513,0.698309,0.774194
Clear+BandShift,Detrend,3,45,Detrend,A2_noPostSNV,rf,0.794872,0.667037,0.739130
Clear,USP,4,46,none,A_postSNV,svm,0.974359,0.961039,0.967848
Clear+BandShift,USP,4,46,none,A_postSNV,svm,0.974359,0.961039,0.967848
Clear,USP,4,46,none,A_postSNV,rbf_svm,0.974359,0.968254,0.967715
Clear+BandShift,USP,4,46,none,A_postSNV,rbf_svm,0.948718,0.946703,0.935644
Clear,USP,4,46,none,A_postSNV,rf,0.948718,0.915079,0.935590
Clear+BandShift,USP,4,46,none,A_postSNV,rf,0.948718,0.919769,0.935323
Clear,SNV,4,46,SNV,A2_noPostSNV,svm,0.948718,0.945021,0.935644
Clear+BandShift,SNV,4,46,SNV,A2_noPostSNV,svm,0.794872,0.767357,0.745514
Clear,SNV,4,46,SNV,A2_noPostSNV,rbf_svm,0.948718,0.953530,0.935323
Clear+BandShift,SNV,4,46,SNV,A2_noPostSNV,rbf_svm,0.384615,0.227858,0.161290
Clear,SNV,4,46,SNV,A2_noPostSNV,rf,0.974359,0.968944,0.967688
Clear+BandShift,SNV,4,46,SNV,A2_noPostSNV,rf,0.897436,0.842224,0.870108
Clear,SG1,4,46,SG1,A2_noPostSNV,svm,0.846154,0.834844,0.805970
Clear+BandShift,SG1,4,46,SG1,A2_noPostSNV,svm,0.205128,0.056738,-0.104110
Clear,SG1,4,46,SG1,A2_noPostSNV,rbf_svm,0.846154,0.842216,0.802864
Clear+BandShift,SG1,4,46,SG1,A2_noPostSNV,rbf_svm,0.205128,0.108333,0.071429
Clear,SG1,4,46,SG1,A2_noPostSNV,rf,0.948718,0.927674,0.935000
Clear+BandShift,SG1,4,46,SG1,A2_noPostSNV,rf,0.666667,0.559380,0.570703
Clear,EMSC,4,46,EMSC,A2_noPostSNV,svm,0.897436,0.896711,0.872757
Clear+BandShift,EMSC,4,46,EMSC,A2_noPostSNV,svm,0.897436,0.879719,0.871499
Clear,EMSC,4,46,EMSC,A2_noPostSNV,rbf_svm,0.923077,0.930963,0.903306
Clear+BandShift,EMSC,4,46,EMSC,A2_noPostSNV,rbf_svm,0.743590,0.646955,0.673640
Clear,EMSC,4,46,EMSC,A2_noPostSNV,rf,0.948718,0.920459,0.935270
Clear+BandShift,EMSC,4,46,EMSC,A2_noPostSNV,rf,0.871795,0.828778,0.837229
Clear,Detrend,4,46,Detrend,A2_noPostSNV,svm,0.897436,0.874928,0.870216
Clear+BandShift,Detrend,4,46,Detrend,A2_noPostSNV,svm,0.256410,0.089471,-0.032877
Clear,Detrend,4,46,Detrend,A2_noPostSNV,rbf_svm,0.897436,0.871561,0.870108
Clear+BandShift,Detrend,4,46,Detrend,A2_noPostSNV,rbf_svm,0.384615,0.234716,0.252396
Clear,Detrend,4,46,Detrend,A2_noPostSNV,rf,0.948718,0.920459,0.935270
Clear+BandShift,Detrend,4,46,Detrend,A2_noPostSNV,rf,0.923077,0.851087,0.903226
Clear,USP,5,47,none,A_postSNV,svm,0.897436,0.901869,0.873479
Clear+BandShift,USP,5,47,none,A_postSNV,svm,0.948718,0.946662,0.936378
Clear,USP,5,47,none,A_postSNV,rbf_svm,0.923077,0.930037,0.904645
Clear+BandShift,USP,5,47,none,A_postSNV,rbf_svm,0.923077,0.930037,0.904645
Clear,USP,5,47,none,A_postSNV,rf,0.897436,0.899084,0.872236
Clear+BandShift,USP,5,47,none,A_postSNV,rf,0.897436,0.896561,0.873068
Clear,SNV,5,47,SNV,A2_noPostSNV,svm,0.897436,0.902523,0.873377
Clear+BandShift,SNV,5,47,SNV,A2_noPostSNV,svm,0.666667,0.488889,0.587805
Clear,SNV,5,47,SNV,A2_noPostSNV,rbf_svm,0.871795,0.893926,0.840556
Clear+BandShift,SNV,5,47,SNV,A2_noPostSNV,rbf_svm,0.384615,0.227858,0.161290
Clear,SNV,5,47,SNV,A2_noPostSNV,rf,0.897436,0.899084,0.872236
Clear+BandShift,SNV,5,47,SNV,A2_noPostSNV,rf,0.846154,0.829027,0.805648
Clear,SG1,5,47,SG1,A2_noPostSNV,svm,0.769231,0.723529,0.708714
Clear+BandShift,SG1,5,47,SG1,A2_noPostSNV,svm,0.179487,0.103704,0.053829
Clear,SG1,5,47,SG1,A2_noPostSNV,rbf_svm,0.871795,0.883598,0.839374
Clear+BandShift,SG1,5,47,SG1,A2_noPostSNV,rbf_svm,0.153846,0.066537,0.025000
Clear,SG1,5,47,SG1,A2_noPostSNV,rf,0.794872,0.740712,0.743210
Clear+BandShift,SG1,5,47,SG1,A2_noPostSNV,rf,0.589744,0.476326,0.473418
Clear,EMSC,5,47,EMSC,A2_noPostSNV,svm,0.897436,0.913228,0.873582
Clear+BandShift,EMSC,5,47,EMSC,A2_noPostSNV,svm,0.692308,0.553361,0.621053
Clear,EMSC,5,47,EMSC,A2_noPostSNV,rbf_svm,0.923077,0.929700,0.904490
Clear+BandShift,EMSC,5,47,EMSC,A2_noPostSNV,rbf_svm,0.538462,0.427849,0.380952
Clear,EMSC,5,47,EMSC,A2_noPostSNV,rf,0.897436,0.854817,0.870968
Clear+BandShift,EMSC,5,47,EMSC,A2_noPostSNV,rf,0.794872,0.687179,0.738912
Clear,Detrend,5,47,Detrend,A2_noPostSNV,svm,0.743590,0.682137,0.675541
Clear+BandShift,Detrend,5,47,Detrend,A2_noPostSNV,svm,0.358974,0.189451,0.165240
Clear,Detrend,5,47,Detrend,A2_noPostSNV,rbf_svm,0.846154,0.849348,0.807566
Clear+BandShift,Detrend,5,47,Detrend,A2_noPostSNV,rbf_svm,0.333333,0.205776,0.202203
Clear,Detrend,5,47,Detrend,A2_noPostSNV,rf,0.923077,0.933749,0.903862
Clear+BandShift,Detrend,5,47,Detrend,A2_noPostSNV,rf,0.897436,0.905724,0.870539
Clear,USP,6,48,none,A_postSNV,svm,0.923077,0.920910,0.904098
Clear+BandShift,USP,6,48,none,A_postSNV,svm,0.923077,0.925325,0.903226
Clear,USP,6,48,none,A_postSNV,rbf_svm,0.923077,0.931552,0.903624
Clear+BandShift,USP,6,48,none,A_postSNV,rbf_svm,0.923077,0.931552,0.903624
Clear,USP,6,48,none,A_postSNV,rf,0.897436,0.911905,0.871921
Clear+BandShift,USP,6,48,none,A_postSNV,rf,0.923077,0.920910,0.904098
Clear,SNV,6,48,SNV,A2_noPostSNV,svm,0.923077,0.924295,0.903862
Clear+BandShift,SNV,6,48,SNV,A2_noPostSNV,svm,0.666667,0.567460,0.588808
Clear,SNV,6,48,SNV,A2_noPostSNV,rbf_svm,0.923077,0.932859,0.903386
Clear+BandShift,SNV,6,48,SNV,A2_noPostSNV,rbf_svm,0.358974,0.203014,0.121622
Clear,SNV,6,48,SNV,A2_noPostSNV,rf,0.948718,0.948218,0.935644
Clear+BandShift,SNV,6,48,SNV,A2_noPostSNV,rf,0.897436,0.890124,0.870968
Clear,SG1,6,48,SG1,A2_noPostSNV,svm,0.846154,0.829545,0.804837
Clear+BandShift,SG1,6,48,SG1,A2_noPostSNV,svm,0.256410,0.068027,-0.034767
Clear,SG1,6,48,SG1,A2_noPostSNV,rbf_svm,0.794872,0.813873,0.740864
Clear+BandShift,SG1,6,48,SG1,A2_noPostSNV,rbf_svm,0.179487,0.088269,0.045872
Clear,SG1,6,48,SG1,A2_noPostSNV,rf,0.871795,0.869855,0.837229
Clear+BandShift,SG1,6,48,SG1,A2_noPostSNV,rf,0.743590,0.628927,0.673093
Clear,EMSC,6,48,EMSC,A2_noPostSNV,svm,0.897436,0.903559,0.872236
Clear+BandShift,EMSC,6,48,EMSC,A2_noPostSNV,svm,0.666667,0.502638,0.579253
Clear,EMSC,6,48,EMSC,A2_noPostSNV,rbf_svm,0.923077,0.928458,0.903783
Clear+BandShift,EMSC,6,48,EMSC,A2_noPostSNV,rbf_svm,0.769231,0.649470,0.704297
Clear,EMSC,6,48,EMSC,A2_noPostSNV,rf,0.948718,0.948218,0.935644
Clear+BandShift,EMSC,6,48,EMSC,A2_noPostSNV,rf,0.871795,0.837785,0.837905
Clear,Detrend,6,48,Detrend,A2_noPostSNV,svm,0.820513,0.831746,0.772689
Clear+BandShift,Detrend,6,48,Detrend,A2_noPostSNV,svm,0.410256,0.209444,0.272506
Clear,Detrend,6,48,Detrend,A2_noPostSNV,rbf_svm,0.794872,0.807840,0.742362
Clear+BandShift,Detrend,6,48,Detrend,A2_noPostSNV,rbf_svm,0.307692,0.168750,0.166930
Clear,Detrend,6,48,Detrend,A2_noPostSNV,rf,0.923077,0.925325,0.903226
Clear+BandShift,Detrend,6,48,Detrend,A2_noPostSNV,rf,0.897436,0.905983,0.871393
Clear,USP,7,49,none,A_postSNV,svm,0.923077,0.917154,0.904490
Clear+BandShift,USP,7,49,none,A_postSNV,svm,0.846154,0.837652,0.810526
Clear,USP,7,49,none,A_postSNV,rbf_svm,0.871795,0.878657,0.841849
Clear+BandShift,USP,7,49,none,A_postSNV,rbf_svm,0.846154,0.848545,0.811290
Clear,USP,7,49,none,A_postSNV,rf,0.846154,0.840904,0.808354
Clear+BandShift,USP,7,49,none,A_postSNV,rf,0.820513,0.830345,0.778768
Clear,SNV,7,49,SNV,A2_noPostSNV,svm,0.871795,0.878657,0.841849
Clear+BandShift,SNV,7,49,SNV,A2_noPostSNV,svm,0.589744,0.412141,0.498392
Clear,SNV,7,49,SNV,A2_noPostSNV,rbf_svm,0.871795,0.879775,0.841205
Clear+BandShift,SNV,7,49,SNV,A2_noPostSNV,rbf_svm,0.333333,0.171627,0.081522
Clear,SNV,7,49,SNV,A2_noPostSNV,rf,0.897436,0.918129,0.872445
Clear+BandShift,SNV,7,49,SNV,A2_noPostSNV,rf,0.871795,0.899471,0.841076
Clear,SG1,7,49,SG1,A2_noPostSNV,svm,0.846154,0.855164,0.805970
Clear+BandShift,SG1,7,49,SG1,A2_noPostSNV,svm,0.230769,0.062500,-0.056911
Clear,SG1,7,49,SG1,A2_noPostSNV,rbf_svm,0.769231,0.789474,0.708229
Clear+BandShift,SG1,7,49,SG1,A2_noPostSNV,rbf_svm,0.179487,0.091932,0.046600
Clear,SG1,7,49,SG1,A2_noPostSNV,rf,0.871795,0.866938,0.840686
Clear+BandShift,SG1,7,49,SG1,A2_noPostSNV,rf,0.487179,0.427299,0.368932
Clear,EMSC,7,49,EMSC,A2_noPostSNV,svm,0.871795,0.904902,0.842233
Clear+BandShift,EMSC,7,49,EMSC,A2_noPostSNV,svm,0.794872,0.810169,0.749196
Clear,EMSC,7,49,EMSC,A2_noPostSNV,rbf_svm,0.897436,0.920985,0.873274
Clear+BandShift,EMSC,7,49,EMSC,A2_noPostSNV,rbf_svm,0.717949,0.630111,0.642798
Clear,EMSC,7,49,EMSC,A2_noPostSNV,rf,0.846154,0.847619,0.809135
Clear+BandShift,EMSC,7,49,EMSC,A2_noPostSNV,rf,0.743590,0.665079,0.675271
Clear,Detrend,7,49,Detrend,A2_noPostSNV,svm,0.794872,0.812729,0.742786
Clear+BandShift,Detrend,7,49,Detrend,A2_noPostSNV,svm,0.358974,0.179487,0.227417
Clear,Detrend,7,49,Detrend,A2_noPostSNV,rbf_svm,0.717949,0.705113,0.639798
Clear+BandShift,Detrend,7,49,Detrend,A2_noPostSNV,rbf_svm,0.384615,0.262108,0.267032
Clear,Detrend,7,49,Detrend,A2_noPostSNV,rf,0.923077,0.936935,0.904020
Clear+BandShift,Detrend,7,49,Detrend,A2_noPostSNV,rf,0.897436,0.897884,0.873068
Clear,USP,8,50,none,A_postSNV,svm,0.948718,0.946662,0.936378
Clear+BandShift,USP,8,50,none,A_postSNV,svm,0.948718,0.946662,0.936378
Clear,USP,8,50,none,A_postSNV,rbf_svm,0.923077,0.925926,0.904878
Clear+BandShift,USP,8,50,none,A_postSNV,rbf_svm,0.923077,0.925926,0.904878
Clear,USP,8,50,none,A_postSNV,rf,0.948718,0.946662,0.936378
Clear+BandShift,USP,8,50,none,A_postSNV,rf,0.897436,0.903477,0.872757
Clear,SNV,8,50,SNV,A2_noPostSNV,svm,0.923077,0.940212,0.904645
Clear+BandShift,SNV,8,50,SNV,A2_noPostSNV,svm,0.769231,0.641386,0.711111
Clear,SNV,8,50,SNV,A2_noPostSNV,rbf_svm,0.948718,0.946662,0.936378
Clear+BandShift,SNV,8,50,SNV,A2_noPostSNV,rbf_svm,0.410256,0.262037,0.193345
Clear,SNV,8,50,SNV,A2_noPostSNV,rf,0.948718,0.946662,0.936378
Clear+BandShift,SNV,8,50,SNV,A2_noPostSNV,rf,0.897436,0.877303,0.871181
Clear,SG1,8,50,SG1,A2_noPostSNV,svm,0.820513,0.784283,0.778768
Clear+BandShift,SG1,8,50,SG1,A2_noPostSNV,svm,0.256410,0.068027,-0.028182
Clear,SG1,8,50,SG1,A2_noPostSNV,rbf_svm,0.871795,0.874822,0.840164
Clear+BandShift,SG1,8,50,SG1,A2_noPostSNV,rbf_svm,0.205128,0.113095,0.072141
Clear,SG1,8,50,SG1,A2_noPostSNV,rf,0.923077,0.910286,0.904723
Clear+BandShift,SG1,8,50,SG1,A2_noPostSNV,rf,0.692308,0.584864,0.615764
Clear,EMSC,8,50,EMSC,A2_noPostSNV,svm,0.923077,0.940212,0.904645
Clear+BandShift,EMSC,8,50,EMSC,A2_noPostSNV,svm,0.794872,0.737879,0.742149
Clear,EMSC,8,50,EMSC,A2_noPostSNV,rbf_svm,0.923077,0.925926,0.904878
Clear+BandShift,EMSC,8,50,EMSC,A2_noPostSNV,rbf_svm,0.743590,0.636965,0.670608
Clear,EMSC,8,50,EMSC,A2_noPostSNV,rf,0.923077,0.942520,0.904255
Clear+BandShift,EMSC,8,50,EMSC,A2_noPostSNV,rf,0.794872,0.730094,0.737815
Clear,Detrend,8,50,Detrend,A2_noPostSNV,svm,0.897436,0.888288,0.873479
Clear+BandShift,Detrend,8,50,Detrend,A2_noPostSNV,svm,0.358974,0.171024,0.181360
Clear,Detrend,8,50,Detrend,A2_noPostSNV,rbf_svm,0.871795,0.874822,0.840164
Clear+BandShift,Detrend,8,50,Detrend,A2_noPostSNV,rbf_svm,0.333333,0.203944,0.197785
Clear,Detrend,8,50,Detrend,A2_noPostSNV,rf,0.948718,0.959482,0.936222
Clear+BandShift,Detrend,8,50,Detrend,A2_noPostSNV,rf,0.923077,0.917154,0.904490
Clear,USP,9,51,none,A_postSNV,svm,1.000000,1.000000,1.000000
Clear+BandShift,USP,9,51,none,A_postSNV,svm,1.000000,1.000000,1.000000
Clear,USP,9,51,none,A_postSNV,rbf_svm,0.974359,0.978408,0.967980
Clear+BandShift,USP,9,51,none,A_postSNV,rbf_svm,0.974359,0.978408,0.967980
Clear,USP,9,51,none,A_postSNV,rf,0.974359,0.976912,0.967769
Clear+BandShift,USP,9,51,none,A_postSNV,rf,0.974359,0.973545,0.967742
Clear,SNV,9,51,SNV,A2_noPostSNV,svm,0.948718,0.955320,0.936275
Clear+BandShift,SNV,9,51,SNV,A2_noPostSNV,svm,0.769231,0.667888,0.715097
Clear,SNV,9,51,SNV,A2_noPostSNV,rbf_svm,0.974359,0.978408,0.967980
Clear+BandShift,SNV,9,51,SNV,A2_noPostSNV,rbf_svm,0.435897,0.309404,0.235294
Clear,SNV,9,51,SNV,A2_noPostSNV,rf,0.948718,0.888889,0.935537
Clear+BandShift,SNV,9,51,SNV,A2_noPostSNV,rf,0.897436,0.836241,0.870754
Clear,SG1,9,51,SG1,A2_noPostSNV,svm,0.923077,0.935774,0.902743
Clear+BandShift,SG1,9,51,SG1,A2_noPostSNV,svm,0.205128,0.093502,0.013061
Clear,SG1,9,51,SG1,A2_noPostSNV,rbf_svm,0.923077,0.909420,0.902985
Clear+BandShift,SG1,9,51,SG1,A2_noPostSNV,rbf_svm,0.128205,0.038760,-0.000755
Clear,SG1,9,51,SG1,A2_noPostSNV,rf,0.948718,0.926587,0.935590
Clear+BandShift,SG1,9,51,SG1,A2_noPostSNV,rf,0.615385,0.519564,0.507990
Clear,EMSC,9,51,EMSC,A2_noPostSNV,svm,0.948718,0.946662,0.936378
Clear+BandShift,EMSC,9,51,EMSC,A2_noPostSNV,svm,0.769231,0.788034,0.718750
Clear,EMSC,9,51,EMSC,A2_noPostSNV,rbf_svm,0.974359,0.978408,0.967980
Clear+BandShift,EMSC,9,51,EMSC,A2_noPostSNV,rbf_svm,0.717949,0.643838,0.641604
Clear,EMSC,9,51,EMSC,A2_noPostSNV,rf,1.000000,1.000000,1.000000
Clear+BandShift,EMSC,9,51,EMSC,A2_noPostSNV,rf,0.897436,0.856912,0.868797
Clear,Detrend,9,51,Detrend,A2_noPostSNV,svm,0.923077,0.941938,0.904334
Clear+BandShift,Detrend,9,51,Detrend,A2_noPostSNV,svm,0.358974,0.194526,0.239470
Clear,Detrend,9,51,Detrend,A2_noPostSNV,rbf_svm,0.897436,0.834848,0.870000
Clear+BandShift,Detrend,9,51,Detrend,A2_noPostSNV,rbf_svm,0.384615,0.227724,0.255370
Clear,Detrend,9,51,Detrend,A2_noPostSNV,rf,1.000000,1.000000,1.000000
Clear+BandShift,Detrend,9,51,Detrend,A2_noPostSNV,rf,0.897436,0.766667,0.871921
Clear,USP,10,52,none,A_postSNV,svm,0.974359,0.972710,0.968033
Clear+BandShift,USP,10,52,none,A_postSNV,svm,0.974359,0.972710,0.968033
Clear,USP,10,52,none,A_postSNV,rbf_svm,0.948718,0.958393,0.935537
Clear+BandShift,USP,10,52,none,A_postSNV,rbf_svm,0.948718,0.958393,0.935537
Clear,USP,10,52,none,A_postSNV,rf,0.871795,0.883069,0.836957
Clear+BandShift,USP,10,52,none,A_postSNV,rf,0.846154,0.848424,0.806452
Clear,SNV,10,52,SNV,A2_noPostSNV,svm,0.948718,0.960935,0.935484
Clear+BandShift,SNV,10,52,SNV,A2_noPostSNV,svm,0.589744,0.429304,0.496368
Clear,SNV,10,52,SNV,A2_noPostSNV,rbf_svm,0.974359,0.983982,0.967848
Clear+BandShift,SNV,10,52,SNV,A2_noPostSNV,rbf_svm,0.333333,0.171627,0.081522
Clear,SNV,10,52,SNV,A2_noPostSNV,rf,0.846154,0.848942,0.805486
Clear+BandShift,SNV,10,52,SNV,A2_noPostSNV,rf,0.871795,0.860967,0.838442
Clear,SG1,10,52,SG1,A2_noPostSNV,svm,0.820513,0.819300,0.771548
Clear+BandShift,SG1,10,52,SG1,A2_noPostSNV,svm,0.435897,0.225490,0.303571
Clear,SG1,10,52,SG1,A2_noPostSNV,rbf_svm,0.846154,0.856101,0.804348
Clear+BandShift,SG1,10,52,SG1,A2_noPostSNV,rbf_svm,0.307692,0.174675,0.179907
Clear,SG1,10,52,SG1,A2_noPostSNV,rf,0.820513,0.812198,0.770781
Clear+BandShift,SG1,10,52,SG1,A2_noPostSNV,rf,0.666667,0.559740,0.559896
Clear,EMSC,10,52,EMSC,A2_noPostSNV,svm,0.974359,0.976912,0.967769
Clear+BandShift,EMSC,10,52,EMSC,A2_noPostSNV,svm,0.820513,0.791794,0.775678
Clear,EMSC,10,52,EMSC,A2_noPostSNV,rbf_svm,0.948718,0.946945,0.935750
Clear+BandShift,EMSC,10,52,EMSC,A2_noPostSNV,rbf_svm,0.743590,0.637293,0.661752
Clear,EMSC,10,52,EMSC,A2_noPostSNV,rf,0.974359,0.977602,0.967742
Clear+BandShift,EMSC,10,52,EMSC,A2_noPostSNV,rf,0.846154,0.757071,0.803030
Clear,Detrend,10,52,Detrend,A2_noPostSNV,svm,0.871795,0.847619,0.837500
Clear+BandShift,Detrend,10,52,Detrend,A2_noPostSNV,svm,0.256410,0.149101,0.064516
Clear,Detrend,10,52,Detrend,A2_noPostSNV,rbf_svm,0.846154,0.813037,0.805162
Clear+BandShift,Detrend,10,52,Detrend,A2_noPostSNV,rbf_svm,0.358974,0.232804,0.232283
Clear,Detrend,10,52,Detrend,A2_noPostSNV,rf,0.948718,0.951515,0.935323
Clear+BandShift,Detrend,10,52,Detrend,A2_noPostSNV,rf,0.820513,0.750926,0.771165
Clear,USP,11,53,none,A_postSNV,svm,0.974359,0.979243,0.968007
Clear+BandShift,USP,11,53,none,A_postSNV,svm,0.974359,0.979243,0.968007
Clear,USP,11,53,none,A_postSNV,rbf_svm,0.897436,0.913896,0.872340
Clear+BandShift,USP,11,53,none,A_postSNV,rbf_svm,0.897436,0.913896,0.872340
Clear,USP,11,53,none,A_postSNV,rf,0.897436,0.902116,0.871287
Clear+BandShift,USP,11,53,none,A_postSNV,rf,0.871795,0.866277,0.840556
Clear,SNV,11,53,SNV,A2_noPostSNV,svm,0.897436,0.916330,0.873479
Clear+BandShift,SNV,11,53,SNV,A2_noPostSNV,svm,0.666667,0.575181,0.597938
Clear,SNV,11,53,SNV,A2_noPostSNV,rbf_svm,0.871795,0.862123,0.837905
Clear+BandShift,SNV,11,53,SNV,A2_noPostSNV,rbf_svm,0.282051,0.073333,0.000000
Clear,SNV,11,53,SNV,A2_noPostSNV,rf,0.820513,0.806878,0.774938
Clear+BandShift,SNV,11,53,SNV,A2_noPostSNV,rf,0.743590,0.623283,0.673093
Clear,SG1,11,53,SG1,A2_noPostSNV,svm,0.769231,0.624459,0.708472
Clear+BandShift,SG1,11,53,SG1,A2_noPostSNV,svm,0.205128,0.056738,-0.098093
Clear,SG1,11,53,SG1,A2_noPostSNV,rbf_svm,0.871795,0.853896,0.838710
Clear+BandShift,SG1,11,53,SG1,A2_noPostSNV,rbf_svm,0.205128,0.112079,0.075688
Clear,SG1,11,53,SG1,A2_noPostSNV,rf,0.846154,0.827652,0.808824
Clear+BandShift,SG1,11,53,SG1,A2_noPostSNV,rf,0.641026,0.474590,0.533732
Clear,EMSC,11,53,EMSC,A2_noPostSNV,svm,0.820513,0.832607,0.780016
Clear+BandShift,EMSC,11,53,EMSC,A2_noPostSNV,svm,0.692308,0.721260,0.627981
Clear,EMSC,11,53,EMSC,A2_noPostSNV,rbf_svm,0.871795,0.874557,0.839242
Clear+BandShift,EMSC,11,53,EMSC,A2_noPostSNV,rbf_svm,0.461538,0.340090,0.292746
Clear,EMSC,11,53,EMSC,A2_noPostSNV,rf,0.820513,0.823473,0.773444
Clear+BandShift,EMSC,11,53,EMSC,A2_noPostSNV,rf,0.743590,0.697619,0.681373
Clear,Detrend,11,53,Detrend,A2_noPostSNV,svm,0.846154,0.788889,0.807090
Clear+BandShift,Detrend,11,53,Detrend,A2_noPostSNV,svm,0.384615,0.239445,0.248193
Clear,Detrend,11,53,Detrend,A2_noPostSNV,rbf_svm,0.923077,0.931457,0.903386
Clear+BandShift,Detrend,11,53,Detrend,A2_noPostSNV,rbf_svm,0.358974,0.227806,0.221868
Clear,Detrend,11,53,Detrend,A2_noPostSNV,rf,0.974359,0.979243,0.968007
Clear+BandShift,Detrend,11,53,Detrend,A2_noPostSNV,rf,0.897436,0.855566,0.871711
Clear,USP,12,54,none,A_postSNV,svm,0.974359,0.972710,0.968033
Clear+BandShift,USP,12,54,none,A_postSNV,svm,0.974359,0.972710,0.968033
Clear,USP,12,54,none,A_postSNV,rbf_svm,0.974359,0.978408,0.967980
Clear+BandShift,USP,12,54,none,A_postSNV,rbf_svm,0.948718,0.936080,0.936066
Clear,USP,12,54,none,A_postSNV,rf,1.000000,1.000000,1.000000
Clear+BandShift,USP,12,54,none,A_postSNV,rf,1.000000,1.000000,1.000000
Clear,SNV,12,54,SNV,A2_noPostSNV,svm,0.923077,0.927391,0.904955
Clear+BandShift,SNV,12,54,SNV,A2_noPostSNV,svm,0.615385,0.439357,0.528226
Clear,SNV,12,54,SNV,A2_noPostSNV,rbf_svm,0.974359,0.983982,0.967848
Clear+BandShift,SNV,12,54,SNV,A2_noPostSNV,rbf_svm,0.358974,0.203014,0.121622
Clear,SNV,12,54,SNV,A2_noPostSNV,rf,1.000000,1.000000,1.000000
Clear+BandShift,SNV,12,54,SNV,A2_noPostSNV,rf,0.897436,0.791741,0.869347
Clear,SG1,12,54,SG1,A2_noPostSNV,svm,0.948718,0.944006,0.935270
Clear+BandShift,SG1,12,54,SG1,A2_noPostSNV,svm,0.230769,0.062500,-0.055957
Clear,SG1,12,54,SG1,A2_noPostSNV,rbf_svm,0.820513,0.809207,0.770395
Clear+BandShift,SG1,12,54,SG1,A2_noPostSNV,rbf_svm,0.179487,0.090965,0.050228
Clear,SG1,12,54,SG1,A2_noPostSNV,rf,0.897436,0.896118,0.871074
Clear+BandShift,SG1,12,54,SG1,A2_noPostSNV,rf,0.666667,0.559473,0.584085
Clear,EMSC,12,54,EMSC,A2_noPostSNV,svm,0.897436,0.923684,0.873068
Clear+BandShift,EMSC,12,54,EMSC,A2_noPostSNV,svm,0.743590,0.660504,0.682669
Clear,EMSC,12,54,EMSC,A2_noPostSNV,rbf_svm,0.948718,0.961415,0.935908
Clear+BandShift,EMSC,12,54,EMSC,A2_noPostSNV,rbf_svm,0.615385,0.459821,0.500853
Clear,EMSC,12,54,EMSC,A2_noPostSNV,rf,0.948718,0.928968,0.934946
Clear+BandShift,EMSC,12,54,EMSC,A2_noPostSNV,rf,0.923077,0.862302,0.902581
Clear,Detrend,12,54,Detrend,A2_noPostSNV,svm,0.923077,0.903261,0.902256
Clear+BandShift,Detrend,12,54,Detrend,A2_noPostSNV,svm,0.282051,0.109668,0.036187
Clear,Detrend,12,54,Detrend,A2_noPostSNV,rbf_svm,0.871795,0.840404,0.836547
Clear+BandShift,Detrend,12,54,Detrend,A2_noPostSNV,rbf_svm,0.358974,0.226462,0.218750
Clear,Detrend,12,54,Detrend,A2_noPostSNV,rf,0.948718,0.927277,0.935537
Clear+BandShift,Detrend,12,54,Detrend,A2_noPostSNV,rf,0.846154,0.763316,0.804837
Clear,USP,13,55,none,A_postSNV,svm,0.974359,0.979243,0.968007
Clear+BandShift,USP,13,55,none,A_postSNV,svm,0.948718,0.956349,0.935802
Clear,USP,13,55,none,A_postSNV,rbf_svm,0.974359,0.979243,0.968007
Clear+BandShift,USP,13,55,none,A_postSNV,rbf_svm,0.974359,0.979243,0.968007
Clear,USP,13,55,none,A_postSNV,rf,0.974359,0.979243,0.968007
Clear+BandShift,USP,13,55,none,A_postSNV,rf,0.974359,0.979243,0.968007
Clear,SNV,13,55,SNV,A2_noPostSNV,svm,0.974359,0.979243,0.968007
Clear+BandShift,SNV,13,55,SNV,A2_noPostSNV,svm,0.743590,0.623046,0.684721
Clear,SNV,13,55,SNV,A2_noPostSNV,rbf_svm,0.974359,0.979243,0.968007
Clear+BandShift,SNV,13,55,SNV,A2_noPostSNV,rbf_svm,0.410256,0.259933,0.196956
Clear,SNV,13,55,SNV,A2_noPostSNV,rf,0.974359,0.979243,0.968007
Clear+BandShift,SNV,13,55,SNV,A2_noPostSNV,rf,0.871795,0.768812,0.837500
Clear,SG1,13,55,SG1,A2_noPostSNV,svm,0.769231,0.740623,0.712059
Clear+BandShift,SG1,13,55,SG1,A2_noPostSNV,svm,0.230769,0.062500,-0.058824
Clear,SG1,13,55,SG1,A2_noPostSNV,rbf_svm,0.794872,0.752694,0.742362
Clear+BandShift,SG1,13,55,SG1,A2_noPostSNV,rbf_svm,0.179487,0.094017,0.039261
Clear,SG1,13,55,SG1,A2_noPostSNV,rf,0.923077,0.930616,0.903306
Clear+BandShift,SG1,13,55,SG1,A2_noPostSNV,rf,0.564103,0.482804,0.462723
Clear,EMSC,13,55,EMSC,A2_noPostSNV,svm,0.974359,0.979243,0.968007
Clear+BandShift,EMSC,13,55,EMSC,A2_noPostSNV,svm,0.769231,0.727020,0.718072
Clear,EMSC,13,55,EMSC,A2_noPostSNV,rbf_svm,0.974359,0.979243,0.968007
Clear+BandShift,EMSC,13,55,EMSC,A2_noPostSNV,rbf_svm,0.717949,0.542205,0.637363
Clear,EMSC,13,55,EMSC,A2_noPostSNV,rf,0.948718,0.927391,0.935961
Clear+BandShift,EMSC,13,55,EMSC,A2_noPostSNV,rf,0.897436,0.892402,0.869674
Clear,Detrend,13,55,Detrend,A2_noPostSNV,svm,0.820513,0.820124,0.776778
Clear+BandShift,Detrend,13,55,Detrend,A2_noPostSNV,svm,0.333333,0.174185,0.134073
Clear,Detrend,13,55,Detrend,A2_noPostSNV,rbf_svm,0.794872,0.777251,0.742149
Clear+BandShift,Detrend,13,55,Detrend,A2_noPostSNV,rbf_svm,0.358974,0.225060,0.222488
Clear,Detrend,13,55,Detrend,A2_noPostSNV,rf,0.948718,0.956349,0.935802
Clear+BandShift,Detrend,13,55,Detrend,A2_noPostSNV,rf,0.897436,0.900219,0.870432
Clear,USP,14,56,none,A_postSNV,svm,1.000000,1.000000,1.000000
Clear+BandShift,USP,14,56,none,A_postSNV,svm,1.000000,1.000000,1.000000
Clear,USP,14,56,none,A_postSNV,rbf_svm,0.974359,0.973545,0.967742
Clear+BandShift,USP,14,56,none,A_postSNV,rbf_svm,0.974359,0.973545,0.967742
Clear,USP,14,56,none,A_postSNV,rf,0.871795,0.873810,0.837635
Clear+BandShift,USP,14,56,none,A_postSNV,rf,0.871795,0.873810,0.837635
Clear,SNV,14,56,SNV,A2_noPostSNV,svm,0.974359,0.978408,0.967980
Clear+BandShift,SNV,14,56,SNV,A2_noPostSNV,svm,0.615385,0.496449,0.530498
Clear,SNV,14,56,SNV,A2_noPostSNV,rbf_svm,0.948718,0.958821,0.935377
Clear+BandShift,SNV,14,56,SNV,A2_noPostSNV,rbf_svm,0.307692,0.105133,0.036597
Clear,SNV,14,56,SNV,A2_noPostSNV,rf,0.897436,0.892857,0.871711
Clear+BandShift,SNV,14,56,SNV,A2_noPostSNV,rf,0.846154,0.831385,0.806131
Clear,SG1,14,56,SG1,A2_noPostSNV,svm,0.923077,0.918819,0.903624
Clear+BandShift,SG1,14,56,SG1,A2_noPostSNV,svm,0.282051,0.073333,0.000000
Clear,SG1,14,56,SG1,A2_noPostSNV,rbf_svm,0.871795,0.885483,0.838710
Clear+BandShift,SG1,14,56,SG1,A2_noPostSNV,rbf_svm,0.230769,0.131624,0.097918
Clear,SG1,14,56,SG1,A2_noPostSNV,rf,0.948718,0.942520,0.935162
Clear+BandShift,SG1,14,56,SG1,A2_noPostSNV,rf,0.666667,0.522516,0.567775
Clear,EMSC,14,56,EMSC,A2_noPostSNV,svm,0.897436,0.916419,0.873171
Clear+BandShift,EMSC,14,56,EMSC,A2_noPostSNV,svm,0.666667,0.639985,0.595048
Clear,EMSC,14,56,EMSC,A2_noPostSNV,rbf_svm,0.897436,0.904594,0.872026
Clear+BandShift,EMSC,14,56,EMSC,A2_noPostSNV,rbf_svm,0.512821,0.410854,0.353403
Clear,EMSC,14,56,EMSC,A2_noPostSNV,rf,0.948718,0.939875,0.935590
Clear+BandShift,EMSC,14,56,EMSC,A2_noPostSNV,rf,0.820513,0.797679,0.773632
Clear,Detrend,14,56,Detrend,A2_noPostSNV,svm,0.897436,0.877044,0.871287
Clear+BandShift,Detrend,14,56,Detrend,A2_noPostSNV,svm,0.307692,0.108317,0.048780
Clear,Detrend,14,56,Detrend,A2_noPostSNV,rbf_svm,0.897436,0.894143,0.871711
Clear+BandShift,Detrend,14,56,Detrend,A2_noPostSNV,rbf_svm,0.410256,0.258406,0.281250
Clear,Detrend,14,56,Detrend,A2_noPostSNV,rf,1.000000,1.000000,1.000000
Clear+BandShift,Detrend,14,56,Detrend,A2_noPostSNV,rf,0.897436,0.878790,0.870216
Clear,USP,15,57,none,A_postSNV,svm,0.974359,0.978408,0.967980
Clear+BandShift,USP,15,57,none,A_postSNV,svm,0.974359,0.978408,0.967980
Clear,USP,15,57,none,A_postSNV,rbf_svm,0.948718,0.946662,0.936378
Clear+BandShift,USP,15,57,none,A_postSNV,rbf_svm,0.948718,0.946662,0.936378
Clear,USP,15,57,none,A_postSNV,rf,0.948718,0.955320,0.936275
Clear+BandShift,USP,15,57,none,A_postSNV,rf,0.948718,0.946662,0.936378
Clear,SNV,15,57,SNV,A2_noPostSNV,svm,0.923077,0.927054,0.904878
Clear+BandShift,SNV,15,57,SNV,A2_noPostSNV,svm,0.666667,0.610450,0.594724
Clear,SNV,15,57,SNV,A2_noPostSNV,rbf_svm,0.923077,0.935933,0.904098
Clear+BandShift,SNV,15,57,SNV,A2_noPostSNV,rbf_svm,0.333333,0.162247,0.077343
Clear,SNV,15,57,SNV,A2_noPostSNV,rf,0.923077,0.907700,0.903941
Clear+BandShift,SNV,15,57,SNV,A2_noPostSNV,rf,0.923077,0.924295,0.903862
Clear,SG1,15,57,SG1,A2_noPostSNV,svm,0.897436,0.874572,0.870754
Clear+BandShift,SG1,15,57,SG1,A2_noPostSNV,svm,0.256410,0.068027,-0.028182
Clear,SG1,15,57,SG1,A2_noPostSNV,rbf_svm,0.846154,0.853989,0.805000
Clear+BandShift,SG1,15,57,SG1,A2_noPostSNV,rbf_svm,0.179487,0.091932,0.049505
Clear,SG1,15,57,SG1,A2_noPostSNV,rf,0.897436,0.868028,0.870968
Clear+BandShift,SG1,15,57,SG1,A2_noPostSNV,rf,0.769231,0.635489,0.708955
Clear,EMSC,15,57,EMSC,A2_noPostSNV,svm,0.897436,0.894515,0.873990
Clear+BandShift,EMSC,15,57,EMSC,A2_noPostSNV,svm,0.717949,0.671334,0.652913
Clear,EMSC,15,57,EMSC,A2_noPostSNV,rbf_svm,0.974359,0.978408,0.967980
Clear+BandShift,EMSC,15,57,EMSC,A2_noPostSNV,rbf_svm,0.794872,0.671958,0.735144
Clear,EMSC,15,57,EMSC,A2_noPostSNV,rf,0.948718,0.926556,0.935908
Clear+BandShift,EMSC,15,57,EMSC,A2_noPostSNV,rf,0.846154,0.763256,0.804348
Clear,Detrend,15,57,Detrend,A2_noPostSNV,svm,0.846154,0.810271,0.808667
Clear+BandShift,Detrend,15,57,Detrend,A2_noPostSNV,svm,0.282051,0.177429,0.120773
Clear,Detrend,15,57,Detrend,A2_noPostSNV,rbf_svm,0.846154,0.848182,0.804511
Clear+BandShift,Detrend,15,57,Detrend,A2_noPostSNV,rbf_svm,0.333333,0.218915,0.199052
Clear,Detrend,15,57,Detrend,A2_noPostSNV,rf,0.948718,0.952643,0.935644
Clear+BandShift,Detrend,15,57,Detrend,A2_noPostSNV,rf,0.897436,0.855420,0.871499
Clear,USP,16,58,none,A_postSNV,svm,0.974359,0.978408,0.967980
Clear+BandShift,USP,16,58,none,A_postSNV,svm,0.974359,0.978408,0.967980
Clear,USP,16,58,none,A_postSNV,rbf_svm,0.923077,0.931356,0.903862
Clear+BandShift,USP,16,58,none,A_postSNV,rbf_svm,0.923077,0.931356,0.903862
Clear,USP,16,58,none,A_postSNV,rf,0.948718,0.951994,0.935697
Clear+BandShift,USP,16,58,none,A_postSNV,rf,0.948718,0.951994,0.935697
Clear,SNV,16,58,SNV,A2_noPostSNV,svm,0.974359,0.978408,0.967980
Clear+BandShift,SNV,16,58,SNV,A2_noPostSNV,svm,0.769231,0.722095,0.717846
Clear,SNV,16,58,SNV,A2_noPostSNV,rbf_svm,0.871795,0.901353,0.838710
Clear+BandShift,SNV,16,58,SNV,A2_noPostSNV,rbf_svm,0.358974,0.203555,0.117647
Clear,SNV,16,58,SNV,A2_noPostSNV,rf,0.948718,0.951994,0.935697
Clear+BandShift,SNV,16,58,SNV,A2_noPostSNV,rf,0.871795,0.825962,0.838442
Clear,SG1,16,58,SG1,A2_noPostSNV,svm,0.846154,0.815307,0.808197
Clear+BandShift,SG1,16,58,SG1,A2_noPostSNV,svm,0.230769,0.062500,-0.062670
Clear,SG1,16,58,SG1,A2_noPostSNV,rbf_svm,0.820513,0.829949,0.775493
Clear+BandShift,SG1,16,58,SG1,A2_noPostSNV,rbf_svm,0.179487,0.090965,0.050228
Clear,SG1,16,58,SG1,A2_noPostSNV,rf,0.897436,0.868028,0.870968
Clear+BandShift,SG1,16,58,SG1,A2_noPostSNV,rf,0.538462,0.450794,0.423645
Clear,EMSC,16,58,EMSC,A2_noPostSNV,svm,0.948718,0.957672,0.936170
Clear+BandShift,EMSC,16,58,EMSC,A2_noPostSNV,svm,0.897436,0.902044,0.873786
Clear,EMSC,16,58,EMSC,A2_noPostSNV,rbf_svm,0.923077,0.920635,0.904334
Clear+BandShift,EMSC,16,58,EMSC,A2_noPostSNV,rbf_svm,0.794872,0.703439,0.735593
Clear,EMSC,16,58,EMSC,A2_noPostSNV,rf,0.948718,0.951994,0.935697
Clear+BandShift,EMSC,16,58,EMSC,A2_noPostSNV,rf,0.897436,0.900300,0.871074
Clear,Detrend,16,58,Detrend,A2_noPostSNV,svm,0.923077,0.914050,0.904255
Clear+BandShift,Detrend,16,58,Detrend,A2_noPostSNV,svm,0.230769,0.066667,-0.041852
Clear,Detrend,16,58,Detrend,A2_noPostSNV,rbf_svm,0.794872,0.786044,0.742362
Clear+BandShift,Detrend,16,58,Detrend,A2_noPostSNV,rbf_svm,0.410256,0.241117,0.289786
Clear,Detrend,16,58,Detrend,A2_noPostSNV,rf,0.948718,0.952643,0.935644
Clear+BandShift,Detrend,16,58,Detrend,A2_noPostSNV,rf,0.897436,0.855420,0.871499
Clear,USP,17,59,none,A_postSNV,svm,0.948718,0.947352,0.935590
Clear+BandShift,USP,17,59,none,A_postSNV,svm,0.948718,0.947352,0.935590
Clear,USP,17,59,none,A_postSNV,rbf_svm,0.923077,0.910914,0.904098
Clear+BandShift,USP,17,59,none,A_postSNV,rbf_svm,0.897436,0.895277,0.871921
Clear,USP,17,59,none,A_postSNV,rf,0.871795,0.851020,0.838710
Clear+BandShift,USP,17,59,none,A_postSNV,rf,0.846154,0.836020,0.807882
Clear,SNV,17,59,SNV,A2_noPostSNV,svm,0.871795,0.858214,0.842105
Clear+BandShift,SNV,17,59,SNV,A2_noPostSNV,svm,0.743590,0.644405,0.681112
Clear,SNV,17,59,SNV,A2_noPostSNV,rbf_svm,0.923077,0.919974,0.903545
Clear+BandShift,SNV,17,59,SNV,A2_noPostSNV,rbf_svm,0.410256,0.234848,0.204787
Clear,SNV,17,59,SNV,A2_noPostSNV,rf,0.948718,0.936363,0.935750
Clear+BandShift,SNV,17,59,SNV,A2_noPostSNV,rf,0.820513,0.786588,0.773067
Clear,SG1,17,59,SG1,A2_noPostSNV,svm,0.846154,0.825397,0.804348
Clear+BandShift,SG1,17,59,SG1,A2_noPostSNV,svm,0.282051,0.073333,0.000000
Clear,SG1,17,59,SG1,A2_noPostSNV,rbf_svm,0.717949,0.698934,0.643095
Clear+BandShift,SG1,17,59,SG1,A2_noPostSNV,rbf_svm,0.205128,0.108333,0.071429
Clear,SG1,17,59,SG1,A2_noPostSNV,rf,0.846154,0.835259,0.804184
Clear+BandShift,SG1,17,59,SG1,A2_noPostSNV,rf,0.641026,0.559560,0.547639
Clear,EMSC,17,59,EMSC,A2_noPostSNV,svm,0.897436,0.903559,0.872236
Clear+BandShift,EMSC,17,59,EMSC,A2_noPostSNV,svm,0.692308,0.606139,0.624398
Clear,EMSC,17,59,EMSC,A2_noPostSNV,rbf_svm,0.897436,0.899303,0.871921
Clear+BandShift,EMSC,17,59,EMSC,A2_noPostSNV,rbf_svm,0.666667,0.610989,0.575021
Clear,EMSC,17,59,EMSC,A2_noPostSNV,rf,0.871795,0.857890,0.839242
Clear+BandShift,EMSC,17,59,EMSC,A2_noPostSNV,rf,0.794872,0.713445,0.741294
Clear,Detrend,17,59,Detrend,A2_noPostSNV,svm,0.871795,0.850821,0.836683
Clear+BandShift,Detrend,17,59,Detrend,A2_noPostSNV,svm,0.538462,0.343544,0.376554
Clear,Detrend,17,59,Detrend,A2_noPostSNV,rbf_svm,0.794872,0.764784,0.740433
Clear+BandShift,Detrend,17,59,Detrend,A2_noPostSNV,rbf_svm,0.410256,0.258525,0.283546
Clear,Detrend,17,59,Detrend,A2_noPostSNV,rf,0.897436,0.878131,0.871393
Clear+BandShift,Detrend,17,59,Detrend,A2_noPostSNV,rf,0.871795,0.791744,0.836957
Clear,USP,18,60,none,A_postSNV,svm,0.974359,0.957672,0.967928
Clear+BandShift,USP,18,60,none,A_postSNV,svm,1.000000,1.000000,1.000000
Clear,USP,18,60,none,A_postSNV,rbf_svm,0.923077,0.937255,0.904568
Clear+BandShift,USP,18,60,none,A_postSNV,rbf_svm,0.923077,0.937255,0.904568
Clear,USP,18,60,none,A_postSNV,rf,0.923077,0.937255,0.904568
Clear+BandShift,USP,18,60,none,A_postSNV,rf,0.897436,0.888770,0.872549
Clear,SNV,18,60,SNV,A2_noPostSNV,svm,0.897436,0.920985,0.873274
Clear+BandShift,SNV,18,60,SNV,A2_noPostSNV,svm,0.641026,0.575418,0.561093
Clear,SNV,18,60,SNV,A2_noPostSNV,rbf_svm,0.871795,0.903261,0.840816
Clear+BandShift,SNV,18,60,SNV,A2_noPostSNV,rbf_svm,0.333333,0.171627,0.081522
Clear,SNV,18,60,SNV,A2_noPostSNV,rf,0.923077,0.937255,0.904568
Clear+BandShift,SNV,18,60,SNV,A2_noPostSNV,rf,0.897436,0.896675,0.871921
Clear,SG1,18,60,SG1,A2_noPostSNV,svm,0.948718,0.936332,0.935108
Clear+BandShift,SG1,18,60,SG1,A2_noPostSNV,svm,0.205128,0.056738,-0.083333
Clear,SG1,18,60,SG1,A2_noPostSNV,rbf_svm,0.871795,0.862397,0.839109
Clear+BandShift,SG1,18,60,SG1,A2_noPostSNV,rbf_svm,0.153846,0.067460,0.021293
Clear,SG1,18,60,SG1,A2_noPostSNV,rf,0.897436,0.894927,0.872964
Clear+BandShift,SG1,18,60,SG1,A2_noPostSNV,rf,0.538462,0.441138,0.438400
Clear,EMSC,18,60,EMSC,A2_noPostSNV,svm,0.871795,0.904630,0.841721
Clear+BandShift,EMSC,18,60,EMSC,A2_noPostSNV,svm,0.769231,0.753027,0.714402
Clear,EMSC,18,60,EMSC,A2_noPostSNV,rbf_svm,0.897436,0.920985,0.873274
Clear+BandShift,EMSC,18,60,EMSC,A2_noPostSNV,rbf_svm,0.692308,0.581343,0.609023
Clear,EMSC,18,60,EMSC,A2_noPostSNV,rf,0.923077,0.937255,0.904568
Clear+BandShift,EMSC,18,60,EMSC,A2_noPostSNV,rf,0.846154,0.805445,0.806131
Clear,Detrend,18,60,Detrend,A2_noPostSNV,svm,0.794872,0.790807,0.744262
Clear+BandShift,Detrend,18,60,Detrend,A2_noPostSNV,svm,0.205128,0.057971,-0.085278
Clear,Detrend,18,60,Detrend,A2_noPostSNV,rbf_svm,0.871795,0.862397,0.839109
Clear+BandShift,Detrend,18,60,Detrend,A2_noPostSNV,rbf_svm,0.282051,0.168152,0.136759
Clear,Detrend,18,60,Detrend,A2_noPostSNV,rf,0.897436,0.883371,0.871816
Clear+BandShift,Detrend,18,60,Detrend,A2_noPostSNV,rf,0.846154,0.778704,0.804511
Clear,USP,19,61,none,A_postSNV,svm,0.974359,0.957672,0.967928
Clear+BandShift,USP,19,61,none,A_postSNV,svm,0.974359,0.957672,0.967928
Clear,USP,19,61,none,A_postSNV,rbf_svm,0.948718,0.941799,0.935908
Clear+BandShift,USP,19,61,none,A_postSNV,rbf_svm,0.948718,0.941799,0.935908
Clear,USP,19,61,none,A_postSNV,rf,0.948718,0.941799,0.935908
Clear+BandShift,USP,19,61,none,A_postSNV,rf,0.948718,0.941799,0.935908
Clear,SNV,19,61,SNV,A2_noPostSNV,svm,0.974359,0.957672,0.967928
Clear+BandShift,SNV,19,61,SNV,A2_noPostSNV,svm,0.615385,0.528371,0.531250
Clear,SNV,19,61,SNV,A2_noPostSNV,rbf_svm,0.974359,0.974235,0.967715
Clear+BandShift,SNV,19,61,SNV,A2_noPostSNV,rbf_svm,0.410256,0.259933,0.196956
Clear,SNV,19,61,SNV,A2_noPostSNV,rf,0.974359,0.976912,0.967769
Clear+BandShift,SNV,19,61,SNV,A2_noPostSNV,rf,0.974359,0.959420,0.967662
Clear,SG1,19,61,SG1,A2_noPostSNV,svm,0.897436,0.879055,0.869892
Clear+BandShift,SG1,19,61,SG1,A2_noPostSNV,svm,0.205128,0.056738,-0.098093
Clear,SG1,19,61,SG1,A2_noPostSNV,rbf_svm,0.948718,0.951178,0.935270
Clear+BandShift,SG1,19,61,SG1,A2_noPostSNV,rbf_svm,0.179487,0.091932,0.046600
Clear,SG1,19,61,SG1,A2_noPostSNV,rf,0.974359,0.973545,0.967742
Clear+BandShift,SG1,19,61,SG1,A2_noPostSNV,rf,0.615385,0.470490,0.502974
Clear,EMSC,19,61,EMSC,A2_noPostSNV,svm,0.974359,0.968254,0.968085
Clear+BandShift,EMSC,19,61,EMSC,A2_noPostSNV,svm,0.769231,0.797619,0.718975
Clear,EMSC,19,61,EMSC,A2_noPostSNV,rbf_svm,0.974359,0.978408,0.967980
Clear+BandShift,EMSC,19,61,EMSC,A2_noPostSNV,rbf_svm,0.717949,0.564815,0.632705
Clear,EMSC,19,61,EMSC,A2_noPostSNV,rf,1.000000,1.000000,1.000000
Clear+BandShift,EMSC,19,61,EMSC,A2_noPostSNV,rf,0.846154,0.819444,0.802365
Clear,Detrend,19,61,Detrend,A2_noPostSNV,svm,0.923077,0.937895,0.902743
Clear+BandShift,Detrend,19,61,Detrend,A2_noPostSNV,svm,0.307692,0.160535,0.158946
Clear,Detrend,19,61,Detrend,A2_noPostSNV,rbf_svm,0.923077,0.920784,0.902419
Clear+BandShift,Detrend,19,61,Detrend,A2_noPostSNV,rbf_svm,0.384615,0.229404,0.256553
Clear,Detrend,19,61,Detrend,A2_noPostSNV,rf,1.000000,1.000000,1.000000
Clear+BandShift,Detrend,19,61,Detrend,A2_noPostSNV,rf,0.846154,0.710245,0.807249
Clear,USP,20,62,none,A_postSNV,svm,1.000000,1.000000,1.000000
Clear+BandShift,USP,20,62,none,A_postSNV,svm,0.948718,0.959084,0.935961
Clear,USP,20,62,none,A_postSNV,rbf_svm,0.974359,0.984127,0.967901
Clear+BandShift,USP,20,62,none,A_postSNV,rbf_svm,0.974359,0.984127,0.967901
Clear,USP,20,62,none,A_postSNV,rf,0.897436,0.890815,0.869674
Clear+BandShift,USP,20,62,none,A_postSNV,rf,0.897436,0.890815,0.869674
Clear,SNV,20,62,SNV,A2_noPostSNV,svm,0.948718,0.945166,0.935750
Clear+BandShift,SNV,20,62,SNV,A2_noPostSNV,svm,0.743590,0.644444,0.685737
Clear,SNV,20,62,SNV,A2_noPostSNV,rbf_svm,0.897436,0.858333,0.870000
Clear+BandShift,SNV,20,62,SNV,A2_noPostSNV,rbf_svm,0.358974,0.203014,0.121622
Clear,SNV,20,62,SNV,A2_noPostSNV,rf,0.897436,0.863109,0.869456
Clear+BandShift,SNV,20,62,SNV,A2_noPostSNV,rf,0.871795,0.773579,0.835304
Clear,SG1,20,62,SG1,A2_noPostSNV,svm,0.820513,0.783928,0.773632
Clear+BandShift,SG1,20,62,SG1,A2_noPostSNV,svm,0.230769,0.062500,-0.069470
Clear,SG1,20,62,SG1,A2_noPostSNV,rbf_svm,0.717949,0.616947,0.637056
Clear+BandShift,SG1,20,62,SG1,A2_noPostSNV,rbf_svm,0.205128,0.112079,0.075688
Clear,SG1,20,62,SG1,A2_noPostSNV,rf,0.871795,0.823942,0.837635
Clear+BandShift,SG1,20,62,SG1,A2_noPostSNV,rf,0.641026,0.566939,0.536503
Clear,EMSC,20,62,EMSC,A2_noPostSNV,svm,0.923077,0.909921,0.904334
Clear+BandShift,EMSC,20,62,EMSC,A2_noPostSNV,svm,0.641026,0.642330,0.574103
Clear,EMSC,20,62,EMSC,A2_noPostSNV,rbf_svm,0.871795,0.807778,0.836547
Clear+BandShift,EMSC,20,62,EMSC,A2_noPostSNV,rbf_svm,0.487179,0.428652,0.322917
Clear,EMSC,20,62,EMSC,A2_noPostSNV,rf,0.923077,0.897547,0.903226
Clear+BandShift,EMSC,20,62,EMSC,A2_noPostSNV,rf,0.820513,0.750830,0.776596
Clear,Detrend,20,62,Detrend,A2_noPostSNV,svm,0.846154,0.762626,0.806131
Clear+BandShift,Detrend,20,62,Detrend,A2_noPostSNV,svm,0.384615,0.200218,0.252993
Clear,Detrend,20,62,Detrend,A2_noPostSNV,rbf_svm,0.743590,0.636312,0.668367
Clear+BandShift,Detrend,20,62,Detrend,A2_noPostSNV,rbf_svm,0.384615,0.243525,0.243942
Clear,Detrend,20,62,Detrend,A2_noPostSNV,rf,0.897436,0.853925,0.870432
Clear+BandShift,Detrend,20,62,Detrend,A2_noPostSNV,rf,0.871795,0.802265,0.837500
Clear,USP,21,63,none,A_postSNV,svm,1.000000,1.000000,1.000000
Clear+BandShift,USP,21,63,none,A_postSNV,svm,1.000000,1.000000,1.000000
Clear,USP,21,63,none,A_postSNV,rbf_svm,0.974359,0.968254,0.968085
Clear+BandShift,USP,21,63,none,A_postSNV,rbf_svm,0.974359,0.968254,0.968085
Clear,USP,21,63,none,A_postSNV,rf,0.948718,0.945166,0.935750
Clear+BandShift,USP,21,63,none,A_postSNV,rf,0.948718,0.945166,0.935750
Clear,SNV,21,63,SNV,A2_noPostSNV,svm,0.974359,0.976912,0.968033
Clear+BandShift,SNV,21,63,SNV,A2_noPostSNV,svm,0.692308,0.564153,0.622885
Clear,SNV,21,63,SNV,A2_noPostSNV,rbf_svm,0.974359,0.968254,0.968085
Clear+BandShift,SNV,21,63,SNV,A2_noPostSNV,rbf_svm,0.410256,0.259933,0.196956
Clear,SNV,21,63,SNV,A2_noPostSNV,rf,0.923077,0.912554,0.902581
Clear+BandShift,SNV,21,63,SNV,A2_noPostSNV,rf,0.820513,0.693579,0.769426
Clear,SG1,21,63,SG1,A2_noPostSNV,svm,0.846154,0.805014,0.803526
Clear+BandShift,SG1,21,63,SG1,A2_noPostSNV,svm,0.230769,0.062500,-0.055957
Clear,SG1,21,63,SG1,A2_noPostSNV,rbf_svm,0.871795,0.838713,0.838710
Clear+BandShift,SG1,21,63,SG1,A2_noPostSNV,rbf_svm,0.230769,0.130556,0.101382
Clear,SG1,21,63,SG1,A2_noPostSNV,rf,0.923077,0.918944,0.903065
Clear+BandShift,SG1,21,63,SG1,A2_noPostSNV,rf,0.538462,0.426888,0.426471
Clear,EMSC,21,63,EMSC,A2_noPostSNV,svm,0.948718,0.944372,0.936482
Clear+BandShift,EMSC,21,63,EMSC,A2_noPostSNV,svm,0.743590,0.678758,0.686243
Clear,EMSC,21,63,EMSC,A2_noPostSNV,rbf_svm,0.948718,0.946662,0.936378
Clear+BandShift,EMSC,21,63,EMSC,A2_noPostSNV,rbf_svm,0.717949,0.567032,0.635204
Clear,EMSC,21,63,EMSC,A2_noPostSNV,rf,0.948718,0.951587,0.936222
Clear+BandShift,EMSC,21,63,EMSC,A2_noPostSNV,rf,0.871795,0.815801,0.836409
Clear,Detrend,21,63,Detrend,A2_noPostSNV,svm,0.846154,0.831775,0.805162
Clear+BandShift,Detrend,21,63,Detrend,A2_noPostSNV,svm,0.282051,0.074830,0.007273
Clear,Detrend,21,63,Detrend,A2_noPostSNV,rbf_svm,0.820513,0.770130,0.774007
Clear+BandShift,Detrend,21,63,Detrend,A2_noPostSNV,rbf_svm,0.384615,0.240630,0.252396
Clear,Detrend,21,63,Detrend,A2_noPostSNV,rf,0.974359,0.974235,0.967715
Clear+BandShift,Detrend,21,63,Detrend,A2_noPostSNV,rf,0.897436,0.824632,0.870432
Clear,USP,22,64,none,A_postSNV,svm,0.897436,0.863064,0.872653
Clear+BandShift,USP,22,64,none,A_postSNV,svm,0.923077,0.890354,0.904020
Clear,USP,22,64,none,A_postSNV,rbf_svm,0.923077,0.890354,0.904020
Clear+BandShift,USP,22,64,none,A_postSNV,rbf_svm,0.923077,0.890354,0.904020
Clear,USP,22,64,none,A_postSNV,rf,0.794872,0.733730,0.743842
Clear+BandShift,USP,22,64,none,A_postSNV,rf,0.743590,0.653175,0.679012
Clear,SNV,22,64,SNV,A2_noPostSNV,svm,0.897436,0.916427,0.873582
Clear+BandShift,SNV,22,64,SNV,A2_noPostSNV,svm,0.692308,0.507547,0.617647
Clear,SNV,22,64,SNV,A2_noPostSNV,rbf_svm,0.871795,0.899327,0.840295
Clear+BandShift,SNV,22,64,SNV,A2_noPostSNV,rbf_svm,0.435897,0.299557,0.235975
Clear,SNV,22,64,SNV,A2_noPostSNV,rf,0.897436,0.868060,0.872026
Clear+BandShift,SNV,22,64,SNV,A2_noPostSNV,rf,0.769231,0.688253,0.709677
Clear,SG1,22,64,SG1,A2_noPostSNV,svm,0.820513,0.799603,0.771739
Clear+BandShift,SG1,22,64,SG1,A2_noPostSNV,svm,0.410256,0.197849,0.262942
Clear,SG1,22,64,SG1,A2_noPostSNV,rbf_svm,0.820513,0.826768,0.772689
Clear+BandShift,SG1,22,64,SG1,A2_noPostSNV,rbf_svm,0.179487,0.090965,0.050228
Clear,SG1,22,64,SG1,A2_noPostSNV,rf,0.846154,0.851477,0.805162
Clear+BandShift,SG1,22,64,SG1,A2_noPostSNV,rf,0.512821,0.365079,0.362306
Clear,EMSC,22,64,EMSC,A2_noPostSNV,svm,0.897436,0.916427,0.873582
Clear+BandShift,EMSC,22,64,EMSC,A2_noPostSNV,svm,0.820513,0.831536,0.779661
Clear,EMSC,22,64,EMSC,A2_noPostSNV,rbf_svm,0.871795,0.905112,0.841592
Clear+BandShift,EMSC,22,64,EMSC,A2_noPostSNV,rbf_svm,0.666667,0.500712,0.572873
Clear,EMSC,22,64,EMSC,A2_noPostSNV,rf,0.923077,0.899806,0.904490
Clear+BandShift,EMSC,22,64,EMSC,A2_noPostSNV,rf,0.871795,0.825130,0.838442
Clear,Detrend,22,64,Detrend,A2_noPostSNV,svm,0.871795,0.858816,0.838308
Clear+BandShift,Detrend,22,64,Detrend,A2_noPostSNV,svm,0.307692,0.108317,0.048780
Clear,Detrend,22,64,Detrend,A2_noPostSNV,rbf_svm,0.820513,0.814069,0.771739
Clear+BandShift,Detrend,22,64,Detrend,A2_noPostSNV,rbf_svm,0.384615,0.244009,0.250600
Clear,Detrend,22,64,Detrend,A2_noPostSNV,rf,0.923077,0.907864,0.903545
Clear+BandShift,Detrend,22,64,Detrend,A2_noPostSNV,rf,0.820513,0.761522,0.773819
Clear,USP,23,65,none,A_postSNV,svm,0.948718,0.944851,0.936327
Clear+BandShift,USP,23,65,none,A_postSNV,svm,0.948718,0.944851,0.936327
Clear,USP,23,65,none,A_postSNV,rbf_svm,0.923077,0.918807,0.904878
Clear+BandShift,USP,23,65,none,A_postSNV,rbf_svm,0.923077,0.922969,0.904801
Clear,USP,23,65,none,A_postSNV,rf,0.871795,0.884776,0.839242
Clear+BandShift,USP,23,65,none,A_postSNV,rf,0.897436,0.891419,0.870432
Clear,SNV,23,65,SNV,A2_noPostSNV,svm,0.897436,0.903655,0.873171
Clear+BandShift,SNV,23,65,SNV,A2_noPostSNV,svm,0.641026,0.512218,0.560740
Clear,SNV,23,65,SNV,A2_noPostSNV,rbf_svm,0.897436,0.919001,0.872026
Clear+BandShift,SNV,23,65,SNV,A2_noPostSNV,rbf_svm,0.435897,0.309404,0.235294
Clear,SNV,23,65,SNV,A2_noPostSNV,rf,0.897436,0.887451,0.872861
Clear+BandShift,SNV,23,65,SNV,A2_noPostSNV,rf,0.820513,0.791152,0.775124
Clear,SG1,23,65,SG1,A2_noPostSNV,svm,0.871795,0.873699,0.838710
Clear+BandShift,SG1,23,65,SG1,A2_noPostSNV,svm,0.230769,0.062500,-0.055957
Clear,SG1,23,65,SG1,A2_noPostSNV,rbf_svm,0.794872,0.799619,0.742786
Clear+BandShift,SG1,23,65,SG1,A2_noPostSNV,rbf_svm,0.153846,0.067460,0.021293
Clear,SG1,23,65,SG1,A2_noPostSNV,rf,0.923077,0.920938,0.902985
Clear+BandShift,SG1,23,65,SG1,A2_noPostSNV,rf,0.564103,0.500363,0.460537
Clear,EMSC,23,65,EMSC,A2_noPostSNV,svm,0.871795,0.881627,0.842742
Clear+BandShift,EMSC,23,65,EMSC,A2_noPostSNV,svm,0.769231,0.772150,0.716478
Clear,EMSC,23,65,EMSC,A2_noPostSNV,rbf_svm,0.871795,0.869769,0.842995
Clear+BandShift,EMSC,23,65,EMSC,A2_noPostSNV,rbf_svm,0.743590,0.614462,0.671164
Clear,EMSC,23,65,EMSC,A2_noPostSNV,rf,0.897436,0.835328,0.872445
Clear+BandShift,EMSC,23,65,EMSC,A2_noPostSNV,rf,0.897436,0.891534,0.872445
Clear,Detrend,23,65,Detrend,A2_noPostSNV,svm,0.820513,0.817785,0.773632
Clear+BandShift,Detrend,23,65,Detrend,A2_noPostSNV,svm,0.230769,0.065217,-0.040925
Clear,Detrend,23,65,Detrend,A2_noPostSNV,rbf_svm,0.820513,0.806065,0.773256
Clear+BandShift,Detrend,23,65,Detrend,A2_noPostSNV,rbf_svm,0.435897,0.277814,0.307506
Clear,Detrend,23,65,Detrend,A2_noPostSNV,rf,0.897436,0.909458,0.871287
Clear+BandShift,Detrend,23,65,Detrend,A2_noPostSNV,rf,0.846154,0.795531,0.806931
Clear,USP,24,66,none,A_postSNV,svm,0.948718,0.939447,0.935908
Clear+BandShift,USP,24,66,none,A_postSNV,svm,0.948718,0.939447,0.935908
Clear,USP,24,66,none,A_postSNV,rbf_svm,0.871795,0.882418,0.839242
Clear+BandShift,USP,24,66,none,A_postSNV,rbf_svm,0.871795,0.882418,0.839242
Clear,USP,24,66,none,A_postSNV,rf,0.769231,0.760098,0.708229
Clear+BandShift,USP,24,66,none,A_postSNV,rf,0.820513,0.848768,0.776230
Clear,SNV,24,66,SNV,A2_noPostSNV,svm,0.897436,0.895990,0.872549
Clear+BandShift,SNV,24,66,SNV,A2_noPostSNV,svm,0.666667,0.536048,0.586122
Clear,SNV,24,66,SNV,A2_noPostSNV,rbf_svm,0.897436,0.906333,0.870432
Clear+BandShift,SNV,24,66,SNV,A2_noPostSNV,rbf_svm,0.358974,0.204710,0.125561
Clear,SNV,24,66,SNV,A2_noPostSNV,rf,0.820513,0.797138,0.771165
Clear+BandShift,SNV,24,66,SNV,A2_noPostSNV,rf,0.743590,0.707630,0.672544
Clear,SG1,24,66,SG1,A2_noPostSNV,svm,0.846154,0.831377,0.803856
Clear+BandShift,SG1,24,66,SG1,A2_noPostSNV,svm,0.435897,0.220026,0.300733
Clear,SG1,24,66,SG1,A2_noPostSNV,rbf_svm,0.743590,0.671834,0.668367
Clear+BandShift,SG1,24,66,SG1,A2_noPostSNV,rbf_svm,0.153846,0.066291,0.016807
Clear,SG1,24,66,SG1,A2_noPostSNV,rf,0.871795,0.858586,0.836134
Clear+BandShift,SG1,24,66,SG1,A2_noPostSNV,rf,0.564103,0.502182,0.458776
Clear,EMSC,24,66,EMSC,A2_noPostSNV,svm,0.897436,0.895990,0.872549
Clear+BandShift,EMSC,24,66,EMSC,A2_noPostSNV,svm,0.692308,0.683323,0.624096
Clear,EMSC,24,66,EMSC,A2_noPostSNV,rbf_svm,0.846154,0.865562,0.807249
Clear+BandShift,EMSC,24,66,EMSC,A2_noPostSNV,rbf_svm,0.666667,0.570425,0.572873
Clear,EMSC,24,66,EMSC,A2_noPostSNV,rf,0.974359,0.968254,0.967715
Clear+BandShift,EMSC,24,66,EMSC,A2_noPostSNV,rf,0.794872,0.753393,0.738912
Clear,Detrend,24,66,Detrend,A2_noPostSNV,svm,0.846154,0.820338,0.803856
Clear+BandShift,Detrend,24,66,Detrend,A2_noPostSNV,svm,0.333333,0.135965,0.085663
Clear,Detrend,24,66,Detrend,A2_noPostSNV,rbf_svm,0.743590,0.617302,0.671441
Clear+BandShift,Detrend,24,66,Detrend,A2_noPostSNV,rbf_svm,0.358974,0.222509,0.224960
Clear,Detrend,24,66,Detrend,A2_noPostSNV,rf,0.897436,0.843434,0.870324
Clear+BandShift,Detrend,24,66,Detrend,A2_noPostSNV,rf,0.820513,0.774928,0.771548
Turbid,USP,0,42,none,A_postSNV,svm,0.976378,0.981693,0.971204
Turbid,USP,0,42,none,A_postSNV,rbf_svm,0.905512,0.912499,0.884764
Turbid,USP,0,42,none,A_postSNV,rf,0.889764,0.892406,0.865578
Turbid,SNV,0,42,SNV,A2_noPostSNV,svm,0.929134,0.933277,0.913520
Turbid,SNV,0,42,SNV,A2_noPostSNV,rbf_svm,0.921260,0.926179,0.904173
Turbid,SNV,0,42,SNV,A2_noPostSNV,rf,0.881890,0.891162,0.855507
Turbid,SG1,0,42,SG1,A2_noPostSNV,svm,0.913386,0.927945,0.894765
Turbid,SG1,0,42,SG1,A2_noPostSNV,rbf_svm,0.881890,0.894669,0.856150
Turbid,SG1,0,42,SG1,A2_noPostSNV,rf,0.929134,0.932914,0.913781
Turbid,EMSC,0,42,EMSC,A2_noPostSNV,svm,0.960630,0.963004,0.952025
Turbid,EMSC,0,42,EMSC,A2_noPostSNV,rbf_svm,0.929134,0.939396,0.913638
Turbid,EMSC,0,42,EMSC,A2_noPostSNV,rf,0.913386,0.904474,0.893716
Turbid,Detrend,0,42,Detrend,A2_noPostSNV,svm,0.913386,0.914751,0.894287
Turbid,Detrend,0,42,Detrend,A2_noPostSNV,rbf_svm,0.889764,0.905404,0.865993
Turbid,Detrend,0,42,Detrend,A2_noPostSNV,rf,0.937008,0.939477,0.923454
Turbid,USP,1,43,none,A_postSNV,svm,0.984252,0.983513,0.980845
Turbid,USP,1,43,none,A_postSNV,rbf_svm,0.968504,0.968652,0.961686
Turbid,USP,1,43,none,A_postSNV,rf,0.952756,0.957354,0.942260
Turbid,SNV,1,43,SNV,A2_noPostSNV,svm,0.976378,0.975470,0.971250
Turbid,SNV,1,43,SNV,A2_noPostSNV,rbf_svm,0.976378,0.977822,0.971254
Turbid,SNV,1,43,SNV,A2_noPostSNV,rf,0.984252,0.984096,0.980823
Turbid,SG1,1,43,SG1,A2_noPostSNV,svm,0.929134,0.925379,0.913846
Turbid,SG1,1,43,SG1,A2_noPostSNV,rbf_svm,0.929134,0.928888,0.913710
Turbid,SG1,1,43,SG1,A2_noPostSNV,rf,0.968504,0.971703,0.961568
Turbid,EMSC,1,43,EMSC,A2_noPostSNV,svm,0.984252,0.984096,0.980823
Turbid,EMSC,1,43,EMSC,A2_noPostSNV,rbf_svm,0.968504,0.969297,0.961591
Turbid,EMSC,1,43,EMSC,A2_noPostSNV,rf,0.976378,0.974579,0.971204
Turbid,Detrend,1,43,Detrend,A2_noPostSNV,svm,0.937008,0.936050,0.923205
Turbid,Detrend,1,43,Detrend,A2_noPostSNV,rbf_svm,0.929134,0.933537,0.913703
Turbid,Detrend,1,43,Detrend,A2_noPostSNV,rf,0.944882,0.950526,0.932779
Turbid,USP,2,44,none,A_postSNV,svm,0.992126,0.993953,0.990402
Turbid,USP,2,44,none,A_postSNV,rbf_svm,0.984252,0.985217,0.980778
Turbid,USP,2,44,none,A_postSNV,rf,0.929134,0.928514,0.913086
Turbid,SNV,2,44,SNV,A2_noPostSNV,svm,0.960630,0.963308,0.951887
Turbid,SNV,2,44,SNV,A2_noPostSNV,rbf_svm,0.968504,0.970785,0.961573
Turbid,SNV,2,44,SNV,A2_noPostSNV,rf,0.952756,0.956452,0.942220
Turbid,SG1,2,44,SG1,A2_noPostSNV,svm,0.937008,0.938329,0.923274
Turbid,SG1,2,44,SG1,A2_noPostSNV,rbf_svm,0.897638,0.900244,0.874248
Turbid,SG1,2,44,SG1,A2_noPostSNV,rf,0.976378,0.971108,0.971160
Turbid,EMSC,2,44,EMSC,A2_noPostSNV,svm,0.968504,0.966549,0.961457
Turbid,EMSC,2,44,EMSC,A2_noPostSNV,rbf_svm,0.952756,0.950161,0.942325
Turbid,EMSC,2,44,EMSC,A2_noPostSNV,rf,0.937008,0.934600,0.922960
Turbid,Detrend,2,44,Detrend,A2_noPostSNV,svm,0.937008,0.927094,0.923048
Turbid,Detrend,2,44,Detrend,A2_noPostSNV,rbf_svm,0.921260,0.922927,0.903781
Turbid,Detrend,2,44,Detrend,A2_noPostSNV,rf,0.968504,0.967383,0.961503
Turbid,USP,3,45,none,A_postSNV,svm,0.976378,0.979372,0.971228
Turbid,USP,3,45,none,A_postSNV,rbf_svm,0.976378,0.981999,0.971241
Turbid,USP,3,45,none,A_postSNV,rf,0.968504,0.967834,0.961509
Turbid,SNV,3,45,SNV,A2_noPostSNV,svm,0.976378,0.981859,0.971206
Turbid,SNV,3,45,SNV,A2_noPostSNV,rbf_svm,0.968504,0.974034,0.961701
Turbid,SNV,3,45,SNV,A2_noPostSNV,rf,0.976378,0.977720,0.971245
Turbid,SG1,3,45,SG1,A2_noPostSNV,svm,0.937008,0.946759,0.923586
Turbid,SG1,3,45,SG1,A2_noPostSNV,rbf_svm,0.897638,0.910484,0.875076
Turbid,SG1,3,45,SG1,A2_noPostSNV,rf,0.937008,0.942642,0.922989
Turbid,EMSC,3,45,EMSC,A2_noPostSNV,svm,0.960630,0.967200,0.951952
Turbid,EMSC,3,45,EMSC,A2_noPostSNV,rbf_svm,0.968504,0.970449,0.961617
Turbid,EMSC,3,45,EMSC,A2_noPostSNV,rf,0.968504,0.973010,0.961666
Turbid,Detrend,3,45,Detrend,A2_noPostSNV,svm,0.929134,0.930527,0.913963
Turbid,Detrend,3,45,Detrend,A2_noPostSNV,rbf_svm,0.897638,0.907969,0.875151
Turbid,Detrend,3,45,Detrend,A2_noPostSNV,rf,0.944882,0.955428,0.932926
Turbid,USP,4,46,none,A_postSNV,svm,0.952756,0.954541,0.942430
Turbid,USP,4,46,none,A_postSNV,rbf_svm,0.968504,0.966709,0.961678
Turbid,USP,4,46,none,A_postSNV,rf,0.952756,0.958627,0.942273
Turbid,SNV,4,46,SNV,A2_noPostSNV,svm,0.952756,0.954563,0.942438
Turbid,SNV,4,46,SNV,A2_noPostSNV,rbf_svm,0.944882,0.946428,0.932697
Turbid,SNV,4,46,SNV,A2_noPostSNV,rf,0.944882,0.949536,0.932692
Turbid,SG1,4,46,SG1,A2_noPostSNV,svm,0.944882,0.946735,0.932799
Turbid,SG1,4,46,SG1,A2_noPostSNV,rbf_svm,0.913386,0.926741,0.894327
Turbid,SG1,4,46,SG1,A2_noPostSNV,rf,0.968504,0.972774,0.961585
Turbid,EMSC,4,46,EMSC,A2_noPostSNV,svm,0.968504,0.971545,0.961509
Turbid,EMSC,4,46,EMSC,A2_noPostSNV,rbf_svm,0.937008,0.943714,0.923216
Turbid,EMSC,4,46,EMSC,A2_noPostSNV,rf,0.952756,0.956167,0.942286
Turbid,Detrend,4,46,Detrend,A2_noPostSNV,svm,0.905512,0.900724,0.884353
Turbid,Detrend,4,46,Detrend,A2_noPostSNV,rbf_svm,0.897638,0.899395,0.874972
Turbid,Detrend,4,46,Detrend,A2_noPostSNV,rf,0.976378,0.968482,0.971165
Turbid,USP,5,47,none,A_postSNV,svm,0.960630,0.965274,0.952191
Turbid,USP,5,47,none,A_postSNV,rbf_svm,0.937008,0.942928,0.923546
Turbid,USP,5,47,none,A_postSNV,rf,0.866142,0.874157,0.836303
Turbid,SNV,5,47,SNV,A2_noPostSNV,svm,0.944882,0.953094,0.932987
Turbid,SNV,5,47,SNV,A2_noPostSNV,rbf_svm,0.944882,0.949531,0.932911
Turbid,SNV,5,47,SNV,A2_noPostSNV,rf,0.944882,0.948467,0.932784
Turbid,SG1,5,47,SG1,A2_noPostSNV,svm,0.897638,0.911937,0.875340
Turbid,SG1,5,47,SG1,A2_noPostSNV,rbf_svm,0.850394,0.867470,0.817349
Turbid,SG1,5,47,SG1,A2_noPostSNV,rf,0.937008,0.943801,0.923355
Turbid,EMSC,5,47,EMSC,A2_noPostSNV,svm,0.960630,0.965298,0.952021
Turbid,EMSC,5,47,EMSC,A2_noPostSNV,rbf_svm,0.937008,0.948176,0.923350
Turbid,EMSC,5,47,EMSC,A2_noPostSNV,rf,0.937008,0.946442,0.923036
Turbid,Detrend,5,47,Detrend,A2_noPostSNV,svm,0.905512,0.920542,0.885103
Turbid,Detrend,5,47,Detrend,A2_noPostSNV,rbf_svm,0.858268,0.875649,0.826949
Turbid,Detrend,5,47,Detrend,A2_noPostSNV,rf,0.921260,0.930648,0.904259
Turbid,USP,6,48,none,A_postSNV,svm,0.944882,0.946779,0.932753
Turbid,USP,6,48,none,A_postSNV,rbf_svm,0.937008,0.940438,0.923379
Turbid,USP,6,48,none,A_postSNV,rf,0.937008,0.938183,0.923019
Turbid,SNV,6,48,SNV,A2_noPostSNV,svm,0.952756,0.950572,0.942356
Turbid,SNV,6,48,SNV,A2_noPostSNV,rbf_svm,0.944882,0.945215,0.932702
Turbid,SNV,6,48,SNV,A2_noPostSNV,rf,0.960630,0.950797,0.951751
Turbid,SG1,6,48,SG1,A2_noPostSNV,svm,0.921260,0.932600,0.904165
Turbid,SG1,6,48,SG1,A2_noPostSNV,rbf_svm,0.921260,0.926876,0.904006
Turbid,SG1,6,48,SG1,A2_noPostSNV,rf,0.944882,0.939781,0.932799
Turbid,EMSC,6,48,EMSC,A2_noPostSNV,svm,0.960630,0.953204,0.951894
Turbid,EMSC,6,48,EMSC,A2_noPostSNV,rbf_svm,0.921260,0.925425,0.904108
Turbid,EMSC,6,48,EMSC,A2_noPostSNV,rf,0.944882,0.936876,0.932519
Turbid,Detrend,6,48,Detrend,A2_noPostSNV,svm,0.874016,0.876729,0.846757
Turbid,Detrend,6,48,Detrend,A2_noPostSNV,rbf_svm,0.874016,0.886958,0.846526
Turbid,Detrend,6,48,Detrend,A2_noPostSNV,rf,0.921260,0.925674,0.904173
Turbid,USP,7,49,none,A_postSNV,svm,0.992126,0.991692,0.990393
Turbid,USP,7,49,none,A_postSNV,rbf_svm,0.976378,0.975205,0.971256
Turbid,USP,7,49,none,A_postSNV,rf,0.929134,0.933093,0.913573
Turbid,SNV,7,49,SNV,A2_noPostSNV,svm,0.984252,0.982666,0.980778
Turbid,SNV,7,49,SNV,A2_noPostSNV,rbf_svm,0.968504,0.961888,0.961483
Turbid,SNV,7,49,SNV,A2_noPostSNV,rf,0.984252,0.985582,0.980774
Turbid,SG1,7,49,SG1,A2_noPostSNV,svm,0.944882,0.940052,0.932697
Turbid,SG1,7,49,SG1,A2_noPostSNV,rbf_svm,0.921260,0.925992,0.903839
Turbid,SG1,7,49,SG1,A2_noPostSNV,rf,0.968504,0.968159,0.961562
Turbid,EMSC,7,49,EMSC,A2_noPostSNV,svm,0.952756,0.949063,0.942299
Turbid,EMSC,7,49,EMSC,A2_noPostSNV,rbf_svm,0.992126,0.990426,0.990389
Turbid,EMSC,7,49,EMSC,A2_noPostSNV,rf,0.960630,0.959731,0.951879
Turbid,Detrend,7,49,Detrend,A2_noPostSNV,svm,0.921260,0.917388,0.903955
Turbid,Detrend,7,49,Detrend,A2_noPostSNV,rbf_svm,0.905512,0.912147,0.884703
Turbid,Detrend,7,49,Detrend,A2_noPostSNV,rf,0.952756,0.945979,0.942417
Turbid,USP,8,50,none,A_postSNV,svm,0.968504,0.971081,0.961669
Turbid,USP,8,50,none,A_postSNV,rbf_svm,0.968504,0.971111,0.961735
Turbid,USP,8,50,none,A_postSNV,rf,0.929134,0.928361,0.913396
Turbid,SNV,8,50,SNV,A2_noPostSNV,svm,0.944882,0.945312,0.932896
Turbid,SNV,8,50,SNV,A2_noPostSNV,rbf_svm,0.929134,0.928347,0.913547
Turbid,SNV,8,50,SNV,A2_noPostSNV,rf,0.944882,0.947849,0.932850
Turbid,SG1,8,50,SG1,A2_noPostSNV,svm,0.921260,0.919778,0.904144
Turbid,SG1,8,50,SG1,A2_noPostSNV,rbf_svm,0.889764,0.884076,0.865323
Turbid,SG1,8,50,SG1,A2_noPostSNV,rf,0.968504,0.967040,0.961611
Turbid,EMSC,8,50,EMSC,A2_noPostSNV,svm,0.960630,0.962183,0.952032
Turbid,EMSC,8,50,EMSC,A2_noPostSNV,rbf_svm,0.937008,0.941374,0.923147
Turbid,EMSC,8,50,EMSC,A2_noPostSNV,rf,0.960630,0.964993,0.951949
Turbid,Detrend,8,50,Detrend,A2_noPostSNV,svm,0.889764,0.891848,0.865517
Turbid,Detrend,8,50,Detrend,A2_noPostSNV,rbf_svm,0.874016,0.878681,0.846502
Turbid,Detrend,8,50,Detrend,A2_noPostSNV,rf,0.944882,0.940557,0.932956
Turbid,USP,9,51,none,A_postSNV,svm,0.976378,0.977167,0.971234
Turbid,USP,9,51,none,A_postSNV,rbf_svm,0.968504,0.968970,0.961660
Turbid,USP,9,51,none,A_postSNV,rf,0.921260,0.920875,0.903962
Turbid,SNV,9,51,SNV,A2_noPostSNV,svm,0.937008,0.940430,0.923182
Turbid,SNV,9,51,SNV,A2_noPostSNV,rbf_svm,0.929134,0.931342,0.913481
Turbid,SNV,9,51,SNV,A2_noPostSNV,rf,0.929134,0.930873,0.913238
Turbid,SG1,9,51,SG1,A2_noPostSNV,svm,0.905512,0.910893,0.885301
Turbid,SG1,9,51,SG1,A2_noPostSNV,rbf_svm,0.850394,0.855513,0.818298
Turbid,SG1,9,51,SG1,A2_noPostSNV,rf,0.937008,0.934088,0.923222
Turbid,EMSC,9,51,EMSC,A2_noPostSNV,svm,0.929134,0.923733,0.913514
Turbid,EMSC,9,51,EMSC,A2_noPostSNV,rbf_svm,0.937008,0.940385,0.923187
Turbid,EMSC,9,51,EMSC,A2_noPostSNV,rf,0.921260,0.923277,0.903517
Turbid,Detrend,9,51,Detrend,A2_noPostSNV,svm,0.905512,0.904994,0.884519
Turbid,Detrend,9,51,Detrend,A2_noPostSNV,rbf_svm,0.826772,0.841087,0.789212
Turbid,Detrend,9,51,Detrend,A2_noPostSNV,rf,0.897638,0.900856,0.875453
Turbid,USP,10,52,none,A_postSNV,svm,0.968504,0.973188,0.961611
Turbid,USP,10,52,none,A_postSNV,rbf_svm,0.960630,0.961419,0.952094
Turbid,USP,10,52,none,A_postSNV,rf,0.937008,0.935731,0.923269
Turbid,SNV,10,52,SNV,A2_noPostSNV,svm,0.960630,0.964812,0.952032
Turbid,SNV,10,52,SNV,A2_noPostSNV,rbf_svm,0.937008,0.939955,0.923274
Turbid,SNV,10,52,SNV,A2_noPostSNV,rf,0.952756,0.953238,0.942321
Turbid,SG1,10,52,SG1,A2_noPostSNV,svm,0.952756,0.953302,0.942456
Turbid,SG1,10,52,SG1,A2_noPostSNV,rbf_svm,0.913386,0.917507,0.894287
Turbid,SG1,10,52,SG1,A2_noPostSNV,rf,0.960630,0.966650,0.952025
Turbid,EMSC,10,52,EMSC,A2_noPostSNV,svm,0.968504,0.970548,0.961527
Turbid,EMSC,10,52,EMSC,A2_noPostSNV,rbf_svm,0.952756,0.957024,0.942412
Turbid,EMSC,10,52,EMSC,A2_noPostSNV,rf,0.960630,0.963951,0.951923
Turbid,Detrend,10,52,Detrend,A2_noPostSNV,svm,0.944882,0.944660,0.932652
Turbid,Detrend,10,52,Detrend,A2_noPostSNV,rbf_svm,0.905512,0.913093,0.885016
Turbid,Detrend,10,52,Detrend,A2_noPostSNV,rf,0.968504,0.972771,0.961626
Turbid,USP,11,53,none,A_postSNV,svm,0.976378,0.978238,0.971204
Turbid,USP,11,53,none,A_postSNV,rbf_svm,0.968504,0.970676,0.961631
Turbid,USP,11,53,none,A_postSNV,rf,0.944882,0.949625,0.932677
Turbid,SNV,11,53,SNV,A2_noPostSNV,svm,0.976378,0.976453,0.971221
Turbid,SNV,11,53,SNV,A2_noPostSNV,rbf_svm,0.960630,0.958257,0.951934
Turbid,SNV,11,53,SNV,A2_noPostSNV,rf,0.960630,0.965426,0.951887
Turbid,SG1,11,53,SG1,A2_noPostSNV,svm,0.921260,0.917904,0.904086
Turbid,SG1,11,53,SG1,A2_noPostSNV,rbf_svm,0.897638,0.905019,0.875255
Turbid,SG1,11,53,SG1,A2_noPostSNV,rf,0.960630,0.961442,0.951963
Turbid,EMSC,11,53,EMSC,A2_noPostSNV,svm,0.976378,0.978647,0.971202
Turbid,EMSC,11,53,EMSC,A2_noPostSNV,rbf_svm,0.937008,0.938171,0.923355
Turbid,EMSC,11,53,EMSC,A2_noPostSNV,rf,0.960630,0.958004,0.952007
Turbid,Detrend,11,53,Detrend,A2_noPostSNV,svm,0.897638,0.899922,0.875396
Turbid,Detrend,11,53,Detrend,A2_noPostSNV,rbf_svm,0.913386,0.915812,0.894462
Turbid,Detrend,11,53,Detrend,A2_noPostSNV,rf,0.960630,0.960582,0.952028
Turbid,USP,12,54,none,A_postSNV,svm,0.960630,0.964244,0.952083
Turbid,USP,12,54,none,A_postSNV,rbf_svm,0.944882,0.949022,0.933173
Turbid,USP,12,54,none,A_postSNV,rf,0.944882,0.951800,0.932646
Turbid,SNV,12,54,SNV,A2_noPostSNV,svm,0.937008,0.938227,0.923442
Turbid,SNV,12,54,SNV,A2_noPostSNV,rbf_svm,0.913386,0.919561,0.894582
Turbid,SNV,12,54,SNV,A2_noPostSNV,rf,0.944882,0.950181,0.932764
Turbid,SG1,12,54,SG1,A2_noPostSNV,svm,0.952756,0.955679,0.942491
Turbid,SG1,12,54,SG1,A2_noPostSNV,rbf_svm,0.913386,0.919281,0.894661
Turbid,SG1,12,54,SG1,A2_noPostSNV,rf,0.937008,0.934269,0.923112
Turbid,EMSC,12,54,EMSC,A2_noPostSNV,svm,0.952756,0.950422,0.942417
Turbid,EMSC,12,54,EMSC,A2_noPostSNV,rbf_svm,0.937008,0.943372,0.923425
Turbid,EMSC,12,54,EMSC,A2_noPostSNV,rf,0.952756,0.953907,0.942373
Turbid,Detrend,12,54,Detrend,A2_noPostSNV,svm,0.929134,0.932673,0.913768
Turbid,Detrend,12,54,Detrend,A2_noPostSNV,rbf_svm,0.929134,0.936695,0.913645
Turbid,Detrend,12,54,Detrend,A2_noPostSNV,rf,0.937008,0.932017,0.923216
Turbid,USP,13,55,none,A_postSNV,svm,0.976378,0.981116,0.971221
Turbid,USP,13,55,none,A_postSNV,rbf_svm,0.960630,0.962241,0.952090
Turbid,USP,13,55,none,A_postSNV,rf,0.905512,0.909179,0.884300
Turbid,SNV,13,55,SNV,A2_noPostSNV,svm,0.944882,0.943014,0.932764
Turbid,SNV,13,55,SNV,A2_noPostSNV,rbf_svm,0.921260,0.920118,0.903708
Turbid,SNV,13,55,SNV,A2_noPostSNV,rf,0.944882,0.943238,0.932570
Turbid,SG1,13,55,SG1,A2_noPostSNV,svm,0.960630,0.957561,0.951923
Turbid,SG1,13,55,SG1,A2_noPostSNV,rbf_svm,0.897638,0.894798,0.875113
Turbid,SG1,13,55,SG1,A2_noPostSNV,rf,0.960630,0.956686,0.951981
Turbid,EMSC,13,55,EMSC,A2_noPostSNV,svm,0.960630,0.958843,0.951843
Turbid,EMSC,13,55,EMSC,A2_noPostSNV,rbf_svm,0.921260,0.918590,0.903766
Turbid,EMSC,13,55,EMSC,A2_noPostSNV,rf,0.952756,0.952047,0.942316
Turbid,Detrend,13,55,Detrend,A2_noPostSNV,svm,0.921260,0.915629,0.903635
Turbid,Detrend,13,55,Detrend,A2_noPostSNV,rbf_svm,0.897638,0.900409,0.875302
Turbid,Detrend,13,55,Detrend,A2_noPostSNV,rf,0.960630,0.959318,0.951985
Turbid,USP,14,56,none,A_postSNV,svm,0.976378,0.979211,0.971226
Turbid,USP,14,56,none,A_postSNV,rbf_svm,0.960630,0.964302,0.952028
Turbid,USP,14,56,none,A_postSNV,rf,0.968504,0.969752,0.961521
Turbid,SNV,14,56,SNV,A2_noPostSNV,svm,0.960630,0.962655,0.952126
Turbid,SNV,14,56,SNV,A2_noPostSNV,rbf_svm,0.937008,0.942334,0.923170
Turbid,SNV,14,56,SNV,A2_noPostSNV,rf,0.968504,0.969726,0.961585
Turbid,SG1,14,56,SG1,A2_noPostSNV,svm,0.905512,0.906015,0.884964
Turbid,SG1,14,56,SG1,A2_noPostSNV,rbf_svm,0.897638,0.905051,0.875593
Turbid,SG1,14,56,SG1,A2_noPostSNV,rf,0.913386,0.920499,0.894263
Turbid,EMSC,14,56,EMSC,A2_noPostSNV,svm,0.944882,0.939010,0.932718
Turbid,EMSC,14,56,EMSC,A2_noPostSNV,rbf_svm,0.929134,0.923207,0.913671
Turbid,EMSC,14,56,EMSC,A2_noPostSNV,rf,0.937008,0.933208,0.923089
Turbid,Detrend,14,56,Detrend,A2_noPostSNV,svm,0.913386,0.917952,0.894102
Turbid,Detrend,14,56,Detrend,A2_noPostSNV,rbf_svm,0.913386,0.924598,0.894614
Turbid,Detrend,14,56,Detrend,A2_noPostSNV,rf,0.952756,0.949809,0.942391
Turbid,USP,15,57,none,A_postSNV,svm,0.968504,0.966160,0.961585
Turbid,USP,15,57,none,A_postSNV,rbf_svm,0.976378,0.972071,0.971171
Turbid,USP,15,57,none,A_postSNV,rf,0.937008,0.935851,0.923071
Turbid,SNV,15,57,SNV,A2_noPostSNV,svm,0.937008,0.937725,0.923298
Turbid,SNV,15,57,SNV,A2_noPostSNV,rbf_svm,0.937008,0.941283,0.923141
Turbid,SNV,15,57,SNV,A2_noPostSNV,rf,0.944882,0.949529,0.932652
Turbid,SG1,15,57,SG1,A2_noPostSNV,svm,0.929134,0.927961,0.913553
Turbid,SG1,15,57,SG1,A2_noPostSNV,rbf_svm,0.944882,0.943884,0.932636
Turbid,SG1,15,57,SG1,A2_noPostSNV,rf,0.960630,0.953498,0.951952
Turbid,EMSC,15,57,EMSC,A2_noPostSNV,svm,0.952756,0.950283,0.942246
Turbid,EMSC,15,57,EMSC,A2_noPostSNV,rbf_svm,0.937008,0.939121,0.923193
Turbid,EMSC,15,57,EMSC,A2_noPostSNV,rf,0.944882,0.943538,0.932611
Turbid,Detrend,15,57,Detrend,A2_noPostSNV,svm,0.937008,0.932079,0.922966
Turbid,Detrend,15,57,Detrend,A2_noPostSNV,rbf_svm,0.929134,0.928158,0.913566
Turbid,Detrend,15,57,Detrend,A2_noPostSNV,rf,0.952756,0.948126,0.942338
Turbid,USP,16,58,none,A_postSNV,svm,0.992126,0.993890,0.990390
Turbid,USP,16,58,none,A_postSNV,rbf_svm,1.000000,1.000000,1.000000
Turbid,USP,16,58,none,A_postSNV,rf,0.952756,0.957119,0.942097
Turbid,SNV,16,58,SNV,A2_noPostSNV,svm,0.976378,0.981426,0.971136
Turbid,SNV,16,58,SNV,A2_noPostSNV,rbf_svm,0.992126,0.991792,0.990400
Turbid,SNV,16,58,SNV,A2_noPostSNV,rf,0.984252,0.985682,0.980788
Turbid,SG1,16,58,SG1,A2_noPostSNV,svm,0.976378,0.976567,0.971204
Turbid,SG1,16,58,SG1,A2_noPostSNV,rbf_svm,0.952756,0.956748,0.942268
Turbid,SG1,16,58,SG1,A2_noPostSNV,rf,0.968504,0.970653,0.961544
Turbid,EMSC,16,58,EMSC,A2_noPostSNV,svm,0.984252,0.987703,0.980769
Turbid,EMSC,16,58,EMSC,A2_noPostSNV,rbf_svm,0.984252,0.984253,0.980779
Turbid,EMSC,16,58,EMSC,A2_noPostSNV,rf,0.960630,0.965503,0.951967
Turbid,Detrend,16,58,Detrend,A2_noPostSNV,svm,0.921260,0.916841,0.904042
Turbid,Detrend,16,58,Detrend,A2_noPostSNV,rbf_svm,0.937008,0.943517,0.922966
Turbid,Detrend,16,58,Detrend,A2_noPostSNV,rf,0.952756,0.952955,0.942203
Turbid,USP,17,59,none,A_postSNV,svm,0.976378,0.981859,0.971206
Turbid,USP,17,59,none,A_postSNV,rbf_svm,0.937008,0.942180,0.923303
Turbid,USP,17,59,none,A_postSNV,rf,0.905512,0.909518,0.884388
Turbid,SNV,17,59,SNV,A2_noPostSNV,svm,0.968504,0.971703,0.961570
Turbid,SNV,17,59,SNV,A2_noPostSNV,rbf_svm,0.984252,0.983996,0.980808
Turbid,SNV,17,59,SNV,A2_noPostSNV,rf,0.937008,0.936105,0.922890
Turbid,SG1,17,59,SG1,A2_noPostSNV,svm,0.968504,0.972187,0.961660
Turbid,SG1,17,59,SG1,A2_noPostSNV,rbf_svm,0.921260,0.928597,0.904021
Turbid,SG1,17,59,SG1,A2_noPostSNV,rf,0.952756,0.952310,0.942119
Turbid,EMSC,17,59,EMSC,A2_noPostSNV,svm,0.968504,0.970098,0.961600
Turbid,EMSC,17,59,EMSC,A2_noPostSNV,rbf_svm,0.976378,0.977864,0.971230
Turbid,EMSC,17,59,EMSC,A2_noPostSNV,rf,0.913386,0.909230,0.893570
Turbid,Detrend,17,59,Detrend,A2_noPostSNV,svm,0.976378,0.980351,0.971256
Turbid,Detrend,17,59,Detrend,A2_noPostSNV,rbf_svm,0.929134,0.936751,0.913703
Turbid,Detrend,17,59,Detrend,A2_noPostSNV,rf,0.944882,0.944350,0.932636
Turbid,USP,18,60,none,A_postSNV,svm,0.968504,0.966286,0.961506
Turbid,USP,18,60,none,A_postSNV,rbf_svm,0.960630,0.959811,0.952061
Turbid,USP,18,60,none,A_postSNV,rf,0.889764,0.895107,0.864451
Turbid,SNV,18,60,SNV,A2_noPostSNV,svm,0.968504,0.961599,0.961498
Turbid,SNV,18,60,SNV,A2_noPostSNV,rbf_svm,0.968504,0.964103,0.961474
Turbid,SNV,18,60,SNV,A2_noPostSNV,rf,0.929134,0.922216,0.913337
Turbid,SG1,18,60,SG1,A2_noPostSNV,svm,0.913386,0.911253,0.894295
Turbid,SG1,18,60,SG1,A2_noPostSNV,rbf_svm,0.881890,0.884158,0.855616
Turbid,SG1,18,60,SG1,A2_noPostSNV,rf,0.944882,0.945893,0.932738
Turbid,EMSC,18,60,EMSC,A2_noPostSNV,svm,0.960630,0.955865,0.951919
Turbid,EMSC,18,60,EMSC,A2_noPostSNV,rbf_svm,0.937008,0.932956,0.923048
Turbid,EMSC,18,60,EMSC,A2_noPostSNV,rf,0.913386,0.913280,0.894175
Turbid,Detrend,18,60,Detrend,A2_noPostSNV,svm,0.921260,0.914035,0.903999
Turbid,Detrend,18,60,Detrend,A2_noPostSNV,rbf_svm,0.874016,0.877965,0.846131
Turbid,Detrend,18,60,Detrend,A2_noPostSNV,rf,0.913386,0.911044,0.894239
Turbid,USP,19,61,none,A_postSNV,svm,0.960630,0.962641,0.952068
Turbid,USP,19,61,none,A_postSNV,rbf_svm,0.937008,0.938793,0.923523
Turbid,USP,19,61,none,A_postSNV,rf,0.897638,0.900881,0.875415
Turbid,SNV,19,61,SNV,A2_noPostSNV,svm,0.960630,0.962592,0.951978
Turbid,SNV,19,61,SNV,A2_noPostSNV,rbf_svm,0.944882,0.945980,0.932855
Turbid,SNV,19,61,SNV,A2_noPostSNV,rf,0.937008,0.938297,0.923158
Turbid,SG1,19,61,SG1,A2_noPostSNV,svm,0.921260,0.930472,0.904411
Turbid,SG1,19,61,SG1,A2_noPostSNV,rbf_svm,0.897638,0.906283,0.875387
Turbid,SG1,19,61,SG1,A2_noPostSNV,rf,0.921260,0.923856,0.903984
Turbid,EMSC,19,61,EMSC,A2_noPostSNV,svm,0.952756,0.952380,0.942334
Turbid,EMSC,19,61,EMSC,A2_noPostSNV,rbf_svm,0.937008,0.941186,0.923575
Turbid,EMSC,19,61,EMSC,A2_noPostSNV,rf,0.929134,0.933039,0.913710
Turbid,Detrend,19,61,Detrend,A2_noPostSNV,svm,0.929134,0.935602,0.913716
Turbid,Detrend,19,61,Detrend,A2_noPostSNV,rbf_svm,0.881890,0.891373,0.856659
Turbid,Detrend,19,61,Detrend,A2_noPostSNV,rf,0.913386,0.921480,0.894359
Turbid,USP,20,62,none,A_postSNV,svm,0.992126,0.993953,0.990402
Turbid,USP,20,62,none,A_postSNV,rbf_svm,0.968504,0.971812,0.961600
Turbid,USP,20,62,none,A_postSNV,rf,0.929134,0.931904,0.913429
Turbid,SNV,20,62,SNV,A2_noPostSNV,svm,0.976378,0.981591,0.971243
Turbid,SNV,20,62,SNV,A2_noPostSNV,rbf_svm,0.968504,0.973606,0.961631
Turbid,SNV,20,62,SNV,A2_noPostSNV,rf,0.992126,0.993890,0.990390
Turbid,SG1,20,62,SG1,A2_noPostSNV,svm,0.952756,0.951982,0.942382
Turbid,SG1,20,62,SG1,A2_noPostSNV,rbf_svm,0.889764,0.898902,0.865852
Turbid,SG1,20,62,SG1,A2_noPostSNV,rf,0.968504,0.969029,0.961594
Turbid,EMSC,20,62,EMSC,A2_noPostSNV,svm,0.992126,0.991222,0.990390
Turbid,EMSC,20,62,EMSC,A2_noPostSNV,rbf_svm,0.968504,0.970876,0.961660
Turbid,EMSC,20,62,EMSC,A2_noPostSNV,rf,0.984252,0.984967,0.980771
Turbid,Detrend,20,62,Detrend,A2_noPostSNV,svm,0.937008,0.936563,0.923141
Turbid,Detrend,20,62,Detrend,A2_noPostSNV,rbf_svm,0.889764,0.898439,0.865669
Turbid,Detrend,20,62,Detrend,A2_noPostSNV,rf,0.952756,0.961230,0.942521
Turbid,USP,21,63,none,A_postSNV,svm,0.952756,0.952131,0.942382
Turbid,USP,21,63,none,A_postSNV,rbf_svm,0.929134,0.934665,0.913520
Turbid,USP,21,63,none,A_postSNV,rf,0.881890,0.882567,0.855583
Turbid,SNV,21,63,SNV,A2_noPostSNV,svm,0.937008,0.932845,0.923280
Turbid,SNV,21,63,SNV,A2_noPostSNV,rbf_svm,0.921260,0.920916,0.904013
Turbid,SNV,21,63,SNV,A2_noPostSNV,rf,0.944882,0.944076,0.932890
Turbid,SG1,21,63,SG1,A2_noPostSNV,svm,0.921260,0.919376,0.903977
Turbid,SG1,21,63,SG1,A2_noPostSNV,rbf_svm,0.913386,0.912425,0.894094
Turbid,SG1,21,63,SG1,A2_noPostSNV,rf,0.929134,0.926299,0.913866
Turbid,EMSC,21,63,EMSC,A2_noPostSNV,svm,0.937008,0.938676,0.923030
Turbid,EMSC,21,63,EMSC,A2_noPostSNV,rbf_svm,0.913386,0.912137,0.894486
Turbid,EMSC,21,63,EMSC,A2_noPostSNV,rf,0.929134,0.928650,0.913729
Turbid,Detrend,21,63,Detrend,A2_noPostSNV,svm,0.929134,0.930222,0.913534
Turbid,Detrend,21,63,Detrend,A2_noPostSNV,rbf_svm,0.937008,0.935368,0.923059
Turbid,Detrend,21,63,Detrend,A2_noPostSNV,rf,0.937008,0.929871,0.923176
Turbid,USP,22,64,none,A_postSNV,svm,0.952756,0.963384,0.942299
Turbid,USP,22,64,none,A_postSNV,rbf_svm,0.984252,0.987957,0.980816
Turbid,USP,22,64,none,A_postSNV,rf,0.944882,0.954825,0.932855
Turbid,SNV,22,64,SNV,A2_noPostSNV,svm,0.937008,0.943409,0.922937
Turbid,SNV,22,64,SNV,A2_noPostSNV,rbf_svm,0.960630,0.964006,0.951974
Turbid,SNV,22,64,SNV,A2_noPostSNV,rf,0.937008,0.947164,0.923228
Turbid,SG1,22,64,SG1,A2_noPostSNV,svm,0.889764,0.900265,0.865201
Turbid,SG1,22,64,SG1,A2_noPostSNV,rbf_svm,0.881890,0.896950,0.855561
Turbid,SG1,22,64,SG1,A2_noPostSNV,rf,0.944882,0.949366,0.932830
Turbid,EMSC,22,64,EMSC,A2_noPostSNV,svm,0.968504,0.973354,0.961585
Turbid,EMSC,22,64,EMSC,A2_noPostSNV,rbf_svm,0.913386,0.924979,0.894255
Turbid,EMSC,22,64,EMSC,A2_noPostSNV,rf,0.952756,0.960298,0.942469
Turbid,Detrend,22,64,Detrend,A2_noPostSNV,svm,0.897638,0.902907,0.875434
Turbid,Detrend,22,64,Detrend,A2_noPostSNV,rbf_svm,0.850394,0.869792,0.816878
Turbid,Detrend,22,64,Detrend,A2_noPostSNV,rf,0.905512,0.915228,0.884484
Turbid,USP,23,65,none,A_postSNV,svm,0.968504,0.968573,0.961527
Turbid,USP,23,65,none,A_postSNV,rbf_svm,0.976378,0.976826,0.971202
Turbid,USP,23,65,none,A_postSNV,rf,0.937008,0.941623,0.922931
Turbid,SNV,23,65,SNV,A2_noPostSNV,svm,0.976378,0.976894,0.971119
Turbid,SNV,23,65,SNV,A2_noPostSNV,rbf_svm,0.929134,0.930668,0.913166
Turbid,SNV,23,65,SNV,A2_noPostSNV,rf,0.960630,0.962473,0.951821
Turbid,SG1,23,65,SG1,A2_noPostSNV,svm,0.921260,0.917887,0.903817
Turbid,SG1,23,65,SG1,A2_noPostSNV,rbf_svm,0.874016,0.882116,0.846386
Turbid,SG1,23,65,SG1,A2_noPostSNV,rf,0.937008,0.944422,0.923089
Turbid,EMSC,23,65,EMSC,A2_noPostSNV,svm,0.960630,0.956277,0.951894
Turbid,EMSC,23,65,EMSC,A2_noPostSNV,rbf_svm,0.929134,0.924901,0.913455
Turbid,EMSC,23,65,EMSC,A2_noPostSNV,rf,0.937008,0.934151,0.922843
Turbid,Detrend,23,65,Detrend,A2_noPostSNV,svm,0.905512,0.905687,0.884729
Turbid,Detrend,23,65,Detrend,A2_noPostSNV,rbf_svm,0.881890,0.894414,0.856020
Turbid,Detrend,23,65,Detrend,A2_noPostSNV,rf,0.937008,0.944570,0.923036
Turbid,USP,24,66,none,A_postSNV,svm,0.960630,0.964293,0.952047
Turbid,USP,24,66,none,A_postSNV,rbf_svm,0.929134,0.932864,0.914080
Turbid,USP,24,66,none,A_postSNV,rf,0.905512,0.907451,0.885129
Turbid,SNV,24,66,SNV,A2_noPostSNV,svm,0.960630,0.959676,0.952036
Turbid,SNV,24,66,SNV,A2_noPostSNV,rbf_svm,0.968504,0.967657,0.961684
Turbid,SNV,24,66,SNV,A2_noPostSNV,rf,0.968504,0.972829,0.961634
Turbid,SG1,24,66,SG1,A2_noPostSNV,svm,0.913386,0.913475,0.894725
Turbid,SG1,24,66,SG1,A2_noPostSNV,rbf_svm,0.897638,0.907901,0.875161
Turbid,SG1,24,66,SG1,A2_noPostSNV,rf,0.960630,0.962292,0.951978
Turbid,EMSC,24,66,EMSC,A2_noPostSNV,svm,0.968504,0.965866,0.961602
Turbid,EMSC,24,66,EMSC,A2_noPostSNV,rbf_svm,0.921260,0.925523,0.904468
Turbid,EMSC,24,66,EMSC,A2_noPostSNV,rf,0.937008,0.944452,0.923205
Turbid,Detrend,24,66,Detrend,A2_noPostSNV,svm,0.913386,0.918073,0.894661
Turbid,Detrend,24,66,Detrend,A2_noPostSNV,rbf_svm,0.889764,0.891610,0.865943
Turbid,Detrend,24,66,Detrend,A2_noPostSNV,rf,0.952756,0.954582,0.942504
Foamy,USP,0,42,none,A_postSNV,svm,0.920000,0.889638,0.896480
Foamy,USP,0,42,none,A_postSNV,rbf_svm,0.900000,0.862308,0.869520
Foamy,USP,0,42,none,A_postSNV,rf,0.920000,0.889914,0.895233
Foamy,SNV,0,42,SNV,A2_noPostSNV,svm,0.800000,0.733215,0.747857
Foamy,SNV,0,42,SNV,A2_noPostSNV,rbf_svm,0.880000,0.830334,0.844560
Foamy,SNV,0,42,SNV,A2_noPostSNV,rf,0.920000,0.879925,0.896427
Foamy,SG1,0,42,SG1,A2_noPostSNV,svm,0.860000,0.813929,0.817423
Foamy,SG1,0,42,SG1,A2_noPostSNV,rbf_svm,0.800000,0.784392,0.736842
Foamy,SG1,0,42,SG1,A2_noPostSNV,rf,0.920000,0.887383,0.895507
Foamy,EMSC,0,42,EMSC,A2_noPostSNV,svm,0.860000,0.807318,0.820789
Foamy,EMSC,0,42,EMSC,A2_noPostSNV,rbf_svm,0.900000,0.879161,0.869041
Foamy,EMSC,0,42,EMSC,A2_noPostSNV,rf,0.900000,0.887931,0.869927
Foamy,Detrend,0,42,Detrend,A2_noPostSNV,svm,0.820000,0.747003,0.769821
Foamy,Detrend,0,42,Detrend,A2_noPostSNV,rbf_svm,0.820000,0.804816,0.762408
Foamy,Detrend,0,42,Detrend,A2_noPostSNV,rf,0.900000,0.859531,0.868766
Foamy,USP,1,43,none,A_postSNV,svm,0.920000,0.869253,0.895996
Foamy,USP,1,43,none,A_postSNV,rbf_svm,0.800000,0.690637,0.736008
Foamy,USP,1,43,none,A_postSNV,rf,0.840000,0.824236,0.789252
Foamy,SNV,1,43,SNV,A2_noPostSNV,svm,0.780000,0.642331,0.715026
Foamy,SNV,1,43,SNV,A2_noPostSNV,rbf_svm,0.820000,0.658628,0.759358
Foamy,SNV,1,43,SNV,A2_noPostSNV,rf,0.840000,0.725834,0.788136
Foamy,SG1,1,43,SG1,A2_noPostSNV,svm,0.860000,0.726336,0.815983
Foamy,SG1,1,43,SG1,A2_noPostSNV,rbf_svm,0.780000,0.651029,0.711134
Foamy,SG1,1,43,SG1,A2_noPostSNV,rf,0.880000,0.752208,0.841856
Foamy,EMSC,1,43,EMSC,A2_noPostSNV,svm,0.880000,0.756008,0.844075
Foamy,EMSC,1,43,EMSC,A2_noPostSNV,rbf_svm,0.820000,0.711355,0.760766
Foamy,EMSC,1,43,EMSC,A2_noPostSNV,rf,0.880000,0.755968,0.842767
Foamy,Detrend,1,43,Detrend,A2_noPostSNV,svm,0.820000,0.697716,0.763407
Foamy,Detrend,1,43,Detrend,A2_noPostSNV,rbf_svm,0.760000,0.613919,0.683043
Foamy,Detrend,1,43,Detrend,A2_noPostSNV,rf,0.840000,0.710194,0.789252
Foamy,USP,2,44,none,A_postSNV,svm,0.900000,0.873301,0.869792
Foamy,USP,2,44,none,A_postSNV,rbf_svm,0.860000,0.843116,0.817803
Foamy,USP,2,44,none,A_postSNV,rf,0.880000,0.870250,0.843424
Foamy,SNV,2,44,SNV,A2_noPostSNV,svm,0.800000,0.782518,0.741067
Foamy,SNV,2,44,SNV,A2_noPostSNV,rbf_svm,0.820000,0.781189,0.762908
Foamy,SNV,2,44,SNV,A2_noPostSNV,rf,0.840000,0.832125,0.788807
Foamy,SG1,2,44,SG1,A2_noPostSNV,svm,0.800000,0.690929,0.739854
Foamy,SG1,2,44,SG1,A2_noPostSNV,rbf_svm,0.840000,0.719253,0.788918
Foamy,SG1,2,44,SG1,A2_noPostSNV,rf,0.900000,0.880827,0.869452
Foamy,EMSC,2,44,EMSC,A2_noPostSNV,svm,0.800000,0.764660,0.743590
Foamy,EMSC,2,44,EMSC,A2_noPostSNV,rbf_svm,0.860000,0.852414,0.816658
Foamy,EMSC,2,44,EMSC,A2_noPostSNV,rf,0.860000,0.852414,0.816658
Foamy,Detrend,2,44,Detrend,A2_noPostSNV,svm,0.780000,0.662137,0.720812
Foamy,Detrend,2,44,Detrend,A2_noPostSNV,rbf_svm,0.780000,0.644024,0.711740
Foamy,Detrend,2,44,Detrend,A2_noPostSNV,rf,0.860000,0.841747,0.815983
Foamy,USP,3,45,none,A_postSNV,svm,0.960000,0.953777,0.948025
Foamy,USP,3,45,none,A_postSNV,rbf_svm,0.940000,0.938751,0.921834
Foamy,USP,3,45,none,A_postSNV,rf,0.840000,0.830179,0.789252
Foamy,SNV,3,45,SNV,A2_noPostSNV,svm,0.900000,0.907600,0.870934
Foamy,SNV,3,45,SNV,A2_noPostSNV,rbf_svm,0.880000,0.853632,0.843342
Foamy,SNV,3,45,SNV,A2_noPostSNV,rf,0.880000,0.903505,0.843913
Foamy,SG1,3,45,SG1,A2_noPostSNV,svm,0.840000,0.798743,0.792746
Foamy,SG1,3,45,SG1,A2_noPostSNV,rbf_svm,0.900000,0.855238,0.869041
Foamy,SG1,3,45,SG1,A2_noPostSNV,rf,0.940000,0.938764,0.921875
Foamy,EMSC,3,45,EMSC,A2_noPostSNV,svm,0.880000,0.887996,0.845361
Foamy,EMSC,3,45,EMSC,A2_noPostSNV,rbf_svm,0.900000,0.919546,0.869247
Foamy,EMSC,3,45,EMSC,A2_noPostSNV,rf,0.940000,0.938751,0.921834
Foamy,Detrend,3,45,Detrend,A2_noPostSNV,svm,0.880000,0.818051,0.844075
Foamy,Detrend,3,45,Detrend,A2_noPostSNV,rbf_svm,0.840000,0.776503,0.790795
Foamy,Detrend,3,45,Detrend,A2_noPostSNV,rf,0.940000,0.941185,0.921671
Foamy,USP,4,46,none,A_postSNV,svm,0.980000,0.985481,0.974093
Foamy,USP,4,46,none,A_postSNV,rbf_svm,0.980000,0.985481,0.974093
Foamy,USP,4,46,none,A_postSNV,rf,0.920000,0.899425,0.895996
Foamy,SNV,4,46,SNV,A2_noPostSNV,svm,0.920000,0.900630,0.898063
Foamy,SNV,4,46,SNV,A2_noPostSNV,rbf_svm,0.960000,0.974370,0.948213
Foamy,SNV,4,46,SNV,A2_noPostSNV,rf,0.960000,0.902518,0.948160
Foamy,SG1,4,46,SG1,A2_noPostSNV,svm,0.840000,0.692066,0.794027
Foamy,SG1,4,46,SG1,A2_noPostSNV,rbf_svm,0.920000,0.774033,0.896104
Foamy,SG1,4,46,SG1,A2_noPostSNV,rf,0.960000,0.924549,0.947835
Foamy,EMSC,4,46,EMSC,A2_noPostSNV,svm,0.920000,0.897762,0.898271
Foamy,EMSC,4,46,EMSC,A2_noPostSNV,rbf_svm,0.980000,0.985481,0.974093
Foamy,EMSC,4,46,EMSC,A2_noPostSNV,rf,0.960000,0.900000,0.948294
Foamy,Detrend,4,46,Detrend,A2_noPostSNV,svm,0.840000,0.700882,0.793495
Foamy,Detrend,4,46,Detrend,A2_noPostSNV,rbf_svm,0.840000,0.698331,0.794767
Foamy,Detrend,4,46,Detrend,A2_noPostSNV,rf,0.940000,0.795768,0.921834
Foamy,USP,5,47,none,A_postSNV,svm,0.920000,0.913639,0.897593
Foamy,USP,5,47,none,A_postSNV,rbf_svm,0.940000,0.959605,0.922159
Foamy,USP,5,47,none,A_postSNV,rf,0.960000,0.974370,0.948187
Foamy,SNV,5,47,SNV,A2_noPostSNV,svm,0.880000,0.869001,0.846469
Foamy,SNV,5,47,SNV,A2_noPostSNV,rbf_svm,0.940000,0.959605,0.922078
Foamy,SNV,5,47,SNV,A2_noPostSNV,rf,0.920000,0.915931,0.896427
Foamy,SG1,5,47,SG1,A2_noPostSNV,svm,0.840000,0.793972,0.794556
Foamy,SG1,5,47,SG1,A2_noPostSNV,rbf_svm,0.840000,0.813327,0.793388
Foamy,SG1,5,47,SG1,A2_noPostSNV,rf,0.940000,0.900296,0.922199
Foamy,EMSC,5,47,EMSC,A2_noPostSNV,svm,0.920000,0.880673,0.898529
Foamy,EMSC,5,47,EMSC,A2_noPostSNV,rbf_svm,0.920000,0.944808,0.895725
Foamy,EMSC,5,47,EMSC,A2_noPostSNV,rf,0.960000,0.970358,0.948052
Foamy,Detrend,5,47,Detrend,A2_noPostSNV,svm,0.760000,0.620598,0.692150
Foamy,Detrend,5,47,Detrend,A2_noPostSNV,rbf_svm,0.840000,0.810225,0.792208
Foamy,Detrend,5,47,Detrend,A2_noPostSNV,rf,0.920000,0.899345,0.895561
Foamy,USP,6,48,none,A_postSNV,svm,0.900000,0.886965,0.871465
Foamy,USP,6,48,none,A_postSNV,rbf_svm,0.920000,0.908862,0.896427
Foamy,USP,6,48,none,A_postSNV,rf,0.940000,0.935345,0.922481
Foamy,SNV,6,48,SNV,A2_noPostSNV,svm,0.880000,0.818817,0.847017
Foamy,SNV,6,48,SNV,A2_noPostSNV,rbf_svm,0.900000,0.870833,0.868143
Foamy,SNV,6,48,SNV,A2_noPostSNV,rf,0.940000,0.938023,0.922400
Foamy,SG1,6,48,SG1,A2_noPostSNV,svm,0.840000,0.828343,0.797776
Foamy,SG1,6,48,SG1,A2_noPostSNV,rbf_svm,0.900000,0.882275,0.870667
Foamy,SG1,6,48,SG1,A2_noPostSNV,rf,0.940000,0.945238,0.922280
Foamy,EMSC,6,48,EMSC,A2_noPostSNV,svm,0.900000,0.888394,0.872579
Foamy,EMSC,6,48,EMSC,A2_noPostSNV,rbf_svm,0.940000,0.935450,0.921671
Foamy,EMSC,6,48,EMSC,A2_noPostSNV,rf,0.920000,0.931409,0.896480
Foamy,Detrend,6,48,Detrend,A2_noPostSNV,svm,0.880000,0.844403,0.847406
Foamy,Detrend,6,48,Detrend,A2_noPostSNV,rbf_svm,0.900000,0.831490,0.870197
Foamy,Detrend,6,48,Detrend,A2_noPostSNV,rf,0.960000,0.959332,0.948025
Foamy,USP,7,49,none,A_postSNV,svm,0.860000,0.813426,0.818371
Foamy,USP,7,49,none,A_postSNV,rbf_svm,0.860000,0.833123,0.817232
Foamy,USP,7,49,none,A_postSNV,rf,0.840000,0.819341,0.792100
Foamy,SNV,7,49,SNV,A2_noPostSNV,svm,0.880000,0.847325,0.843831
Foamy,SNV,7,49,SNV,A2_noPostSNV,rbf_svm,0.880000,0.868050,0.842850
Foamy,SNV,7,49,SNV,A2_noPostSNV,rf,0.900000,0.875889,0.869247
Foamy,SG1,7,49,SG1,A2_noPostSNV,svm,0.800000,0.676961,0.740664
Foamy,SG1,7,49,SG1,A2_noPostSNV,rbf_svm,0.840000,0.732065,0.790356
Foamy,SG1,7,49,SG1,A2_noPostSNV,rf,0.820000,0.709822,0.761905
Foamy,EMSC,7,49,EMSC,A2_noPostSNV,svm,0.860000,0.826475,0.820329
Foamy,EMSC,7,49,EMSC,A2_noPostSNV,rbf_svm,0.880000,0.864616,0.843014
Foamy,EMSC,7,49,EMSC,A2_noPostSNV,rf,0.940000,0.910920,0.921956
Foamy,Detrend,7,49,Detrend,A2_noPostSNV,svm,0.780000,0.650946,0.719245
Foamy,Detrend,7,49,Detrend,A2_noPostSNV,rbf_svm,0.800000,0.680365,0.737808
Foamy,Detrend,7,49,Detrend,A2_noPostSNV,rf,0.860000,0.830526,0.819121
Foamy,USP,8,50,none,A_postSNV,svm,0.940000,0.883070,0.921916
Foamy,USP,8,50,none,A_postSNV,rbf_svm,0.900000,0.856945,0.869588
Foamy,USP,8,50,none,A_postSNV,rf,0.880000,0.849535,0.842685
Foamy,SNV,8,50,SNV,A2_noPostSNV,svm,0.900000,0.829365,0.871795
Foamy,SNV,8,50,SNV,A2_noPostSNV,rbf_svm,0.900000,0.873788,0.869041
Foamy,SNV,8,50,SNV,A2_noPostSNV,rf,0.900000,0.860464,0.869859
Foamy,SG1,8,50,SG1,A2_noPostSNV,svm,0.820000,0.666935,0.768280
Foamy,SG1,8,50,SG1,A2_noPostSNV,rbf_svm,0.840000,0.697480,0.791341
Foamy,SG1,8,50,SG1,A2_noPostSNV,rf,0.900000,0.763492,0.868697
Foamy,EMSC,8,50,EMSC,A2_noPostSNV,svm,0.860000,0.794972,0.821792
Foamy,EMSC,8,50,EMSC,A2_noPostSNV,rbf_svm,0.900000,0.870598,0.869315
Foamy,EMSC,8,50,EMSC,A2_noPostSNV,rf,0.880000,0.856205,0.843913
Foamy,Detrend,8,50,Detrend,A2_noPostSNV,svm,0.820000,0.683466,0.767442
Foamy,Detrend,8,50,Detrend,A2_noPostSNV,rbf_svm,0.820000,0.680639,0.766476
Foamy,Detrend,8,50,Detrend,A2_noPostSNV,rf,0.900000,0.871117,0.868766
Foamy,USP,9,51,none,A_postSNV,svm,0.920000,0.871959,0.895942
Foamy,USP,9,51,none,A_postSNV,rbf_svm,0.900000,0.860783,0.869995
Foamy,USP,9,51,none,A_postSNV,rf,0.860000,0.829063,0.816562
Foamy,SNV,9,51,SNV,A2_noPostSNV,svm,0.840000,0.774500,0.795606
Foamy,SNV,9,51,SNV,A2_noPostSNV,rbf_svm,0.900000,0.850752,0.869792
Foamy,SNV,9,51,SNV,A2_noPostSNV,rf,0.920000,0.881746,0.895397
Foamy,SG1,9,51,SG1,A2_noPostSNV,svm,0.820000,0.785403,0.765381
Foamy,SG1,9,51,SG1,A2_noPostSNV,rbf_svm,0.860000,0.838360,0.815498
Foamy,SG1,9,51,SG1,A2_noPostSNV,rf,0.900000,0.856431,0.868973
Foamy,EMSC,9,51,EMSC,A2_noPostSNV,svm,0.900000,0.860194,0.870130
Foamy,EMSC,9,51,EMSC,A2_noPostSNV,rbf_svm,0.900000,0.870598,0.869178
Foamy,EMSC,9,51,EMSC,A2_noPostSNV,rf,0.860000,0.823071,0.818559
Foamy,Detrend,9,51,Detrend,A2_noPostSNV,svm,0.740000,0.713826,0.669379
Foamy,Detrend,9,51,Detrend,A2_noPostSNV,rbf_svm,0.860000,0.834484,0.815886
Foamy,Detrend,9,51,Detrend,A2_noPostSNV,rf,0.860000,0.830708,0.816176
Foamy,USP,10,52,none,A_postSNV,svm,0.940000,0.929894,0.921671
Foamy,USP,10,52,none,A_postSNV,rbf_svm,0.900000,0.908267,0.869588
Foamy,USP,10,52,none,A_postSNV,rf,0.840000,0.854220,0.789363
Foamy,SNV,10,52,SNV,A2_noPostSNV,svm,0.820000,0.797074,0.772152
Foamy,SNV,10,52,SNV,A2_noPostSNV,rbf_svm,0.880000,0.850279,0.842685
Foamy,SNV,10,52,SNV,A2_noPostSNV,rf,0.880000,0.882315,0.843587
Foamy,SG1,10,52,SG1,A2_noPostSNV,svm,0.760000,0.630159,0.693721
Foamy,SG1,10,52,SG1,A2_noPostSNV,rbf_svm,0.820000,0.772572,0.763531
Foamy,SG1,10,52,SG1,A2_noPostSNV,rf,0.900000,0.858210,0.868628
Foamy,EMSC,10,52,EMSC,A2_noPostSNV,svm,0.860000,0.806330,0.821063
Foamy,EMSC,10,52,EMSC,A2_noPostSNV,rbf_svm,0.880000,0.879156,0.841605
Foamy,EMSC,10,52,EMSC,A2_noPostSNV,rf,0.860000,0.849724,0.818182
Foamy,Detrend,10,52,Detrend,A2_noPostSNV,svm,0.860000,0.790536,0.820421
Foamy,Detrend,10,52,Detrend,A2_noPostSNV,rbf_svm,0.780000,0.653234,0.712193
Foamy,Detrend,10,52,Detrend,A2_noPostSNV,rf,0.860000,0.869366,0.816466
Foamy,USP,11,53,none,A_postSNV,svm,0.960000,0.974370,0.948213
Foamy,USP,11,53,none,A_postSNV,rbf_svm,0.920000,0.899345,0.895561
Foamy,USP,11,53,none,A_postSNV,rf,0.900000,0.782870,0.868559
Foamy,SNV,11,53,SNV,A2_noPostSNV,svm,0.900000,0.884577,0.870062
Foamy,SNV,11,53,SNV,A2_noPostSNV,rbf_svm,0.960000,0.924561,0.947862
Foamy,SNV,11,53,SNV,A2_noPostSNV,rf,0.940000,0.913055,0.921753
Foamy,SG1,11,53,SG1,A2_noPostSNV,svm,0.920000,0.896252,0.895779
Foamy,SG1,11,53,SG1,A2_noPostSNV,rbf_svm,0.900000,0.773083,0.869247
Foamy,SG1,11,53,SG1,A2_noPostSNV,rf,0.940000,0.910920,0.921997
Foamy,EMSC,11,53,EMSC,A2_noPostSNV,svm,0.920000,0.896740,0.896104
Foamy,EMSC,11,53,EMSC,A2_noPostSNV,rbf_svm,0.920000,0.898268,0.895397
Foamy,EMSC,11,53,EMSC,A2_noPostSNV,rf,0.900000,0.885714,0.870197
Foamy,Detrend,11,53,Detrend,A2_noPostSNV,svm,0.880000,0.790956,0.847173
Foamy,Detrend,11,53,Detrend,A2_noPostSNV,rbf_svm,0.880000,0.756826,0.842685
Foamy,Detrend,11,53,Detrend,A2_noPostSNV,rf,0.940000,0.910920,0.921997
Foamy,USP,12,54,none,A_postSNV,svm,0.860000,0.879860,0.818087
Foamy,USP,12,54,none,A_postSNV,rbf_svm,0.840000,0.831746,0.790246
Foamy,USP,12,54,none,A_postSNV,rf,0.820000,0.860649,0.765258
Foamy,SNV,12,54,SNV,A2_noPostSNV,svm,0.800000,0.805707,0.737533
Foamy,SNV,12,54,SNV,A2_noPostSNV,rbf_svm,0.820000,0.822339,0.763033
Foamy,SNV,12,54,SNV,A2_noPostSNV,rf,0.800000,0.809408,0.736981
Foamy,SG1,12,54,SG1,A2_noPostSNV,svm,0.780000,0.762570,0.716641
Foamy,SG1,12,54,SG1,A2_noPostSNV,rbf_svm,0.780000,0.774022,0.713392
Foamy,SG1,12,54,SG1,A2_noPostSNV,rf,0.860000,0.846389,0.816850
Foamy,EMSC,12,54,EMSC,A2_noPostSNV,svm,0.760000,0.762792,0.687663
Foamy,EMSC,12,54,EMSC,A2_noPostSNV,rbf_svm,0.800000,0.811778,0.736287
Foamy,EMSC,12,54,EMSC,A2_noPostSNV,rf,0.780000,0.801169,0.710221
Foamy,Detrend,12,54,Detrend,A2_noPostSNV,svm,0.760000,0.653668,0.688958
Foamy,Detrend,12,54,Detrend,A2_noPostSNV,rbf_svm,0.780000,0.764835,0.714730
Foamy,Detrend,12,54,Detrend,A2_noPostSNV,rf,0.840000,0.831746,0.790246
Foamy,USP,13,55,none,A_postSNV,svm,0.940000,0.963194,0.922360
Foamy,USP,13,55,none,A_postSNV,rbf_svm,0.940000,0.963194,0.922360
Foamy,USP,13,55,none,A_postSNV,rf,0.900000,0.879079,0.868904
Foamy,SNV,13,55,SNV,A2_noPostSNV,svm,0.920000,0.906116,0.897698
Foamy,SNV,13,55,SNV,A2_noPostSNV,rbf_svm,0.860000,0.874012,0.818465
Foamy,SNV,13,55,SNV,A2_noPostSNV,rf,0.900000,0.878803,0.868973
Foamy,SG1,13,55,SG1,A2_noPostSNV,svm,0.800000,0.760403,0.746835
Foamy,SG1,13,55,SG1,A2_noPostSNV,rbf_svm,0.800000,0.775900,0.739176
Foamy,SG1,13,55,SG1,A2_noPostSNV,rf,0.920000,0.939376,0.895888
Foamy,EMSC,13,55,EMSC,A2_noPostSNV,svm,0.860000,0.847665,0.822874
Foamy,EMSC,13,55,EMSC,A2_noPostSNV,rbf_svm,0.900000,0.924888,0.869452
Foamy,EMSC,13,55,EMSC,A2_noPostSNV,rf,0.880000,0.913859,0.843424
Foamy,Detrend,13,55,Detrend,A2_noPostSNV,svm,0.880000,0.868666,0.845838
Foamy,Detrend,13,55,Detrend,A2_noPostSNV,rbf_svm,0.780000,0.754567,0.713243
Foamy,Detrend,13,55,Detrend,A2_noPostSNV,rf,0.900000,0.925806,0.869724
Foamy,USP,14,56,none,A_postSNV,svm,0.940000,0.917799,0.921997
Foamy,USP,14,56,none,A_postSNV,rbf_svm,0.920000,0.856879,0.895343
Foamy,USP,14,56,none,A_postSNV,rf,0.860000,0.715079,0.816562
Foamy,SNV,14,56,SNV,A2_noPostSNV,svm,0.900000,0.845704,0.869041
Foamy,SNV,14,56,SNV,A2_noPostSNV,rbf_svm,0.920000,0.856879,0.895288
Foamy,SNV,14,56,SNV,A2_noPostSNV,rf,0.860000,0.719472,0.815401
Foamy,SG1,14,56,SG1,A2_noPostSNV,svm,0.860000,0.799425,0.817708
Foamy,SG1,14,56,SG1,A2_noPostSNV,rbf_svm,0.860000,0.698704,0.817803
Foamy,SG1,14,56,SG1,A2_noPostSNV,rf,0.920000,0.855656,0.895561
Foamy,EMSC,14,56,EMSC,A2_noPostSNV,svm,0.900000,0.844848,0.869315
Foamy,EMSC,14,56,EMSC,A2_noPostSNV,rbf_svm,0.900000,0.848214,0.868697
Foamy,EMSC,14,56,EMSC,A2_noPostSNV,rf,0.900000,0.845704,0.869041
Foamy,Detrend,14,56,Detrend,A2_noPostSNV,svm,0.860000,0.774003,0.820051
Foamy,Detrend,14,56,Detrend,A2_noPostSNV,rbf_svm,0.820000,0.670966,0.764398
Foamy,Detrend,14,56,Detrend,A2_noPostSNV,rf,0.900000,0.845385,0.869110
Foamy,USP,15,57,none,A_postSNV,svm,1.000000,1.000000,1.000000
Foamy,USP,15,57,none,A_postSNV,rbf_svm,0.960000,0.974370,0.948187
Foamy,USP,15,57,none,A_postSNV,rf,0.880000,0.859854,0.843014
Foamy,SNV,15,57,SNV,A2_noPostSNV,svm,0.920000,0.881281,0.898785
Foamy,SNV,15,57,SNV,A2_noPostSNV,rbf_svm,0.960000,0.964623,0.948079
Foamy,SNV,15,57,SNV,A2_noPostSNV,rf,0.920000,0.936773,0.896587
Foamy,SG1,15,57,SG1,A2_noPostSNV,svm,0.880000,0.829703,0.845917
Foamy,SG1,15,57,SG1,A2_noPostSNV,rbf_svm,0.820000,0.710403,0.760638
Foamy,SG1,15,57,SG1,A2_noPostSNV,rf,0.940000,0.901131,0.921753
Foamy,EMSC,15,57,EMSC,A2_noPostSNV,svm,0.920000,0.912468,0.897907
Foamy,EMSC,15,57,EMSC,A2_noPostSNV,rbf_svm,0.940000,0.963194,0.922240
Foamy,EMSC,15,57,EMSC,A2_noPostSNV,rf,0.940000,0.913492,0.922118
Foamy,Detrend,15,57,Detrend,A2_noPostSNV,svm,0.800000,0.653175,0.744246
Foamy,Detrend,15,57,Detrend,A2_noPostSNV,rbf_svm,0.820000,0.699972,0.767682
Foamy,Detrend,15,57,Detrend,A2_noPostSNV,rf,0.940000,0.950833,0.921956
Foamy,USP,16,58,none,A_postSNV,svm,0.940000,0.943387,0.922400
Foamy,USP,16,58,none,A_postSNV,rbf_svm,0.920000,0.931490,0.896158
Foamy,USP,16,58,none,A_postSNV,rf,0.900000,0.867079,0.868904
Foamy,SNV,16,58,SNV,A2_noPostSNV,svm,0.780000,0.752489,0.724311
Foamy,SNV,16,58,SNV,A2_noPostSNV,rbf_svm,0.860000,0.843489,0.817518
Foamy,SNV,16,58,SNV,A2_noPostSNV,rf,0.920000,0.921209,0.896427
Foamy,SG1,16,58,SG1,A2_noPostSNV,svm,0.840000,0.822477,0.794872
Foamy,SG1,16,58,SG1,A2_noPostSNV,rbf_svm,0.860000,0.834755,0.816850
Foamy,SG1,16,58,SG1,A2_noPostSNV,rf,0.920000,0.931490,0.896158
Foamy,EMSC,16,58,EMSC,A2_noPostSNV,svm,0.820000,0.807997,0.773185
Foamy,EMSC,16,58,EMSC,A2_noPostSNV,rbf_svm,0.940000,0.945196,0.921875
Foamy,EMSC,16,58,EMSC,A2_noPostSNV,rf,0.900000,0.867343,0.869859
Foamy,Detrend,16,58,Detrend,A2_noPostSNV,svm,0.820000,0.792845,0.774210
Foamy,Detrend,16,58,Detrend,A2_noPostSNV,rbf_svm,0.860000,0.792541,0.821155
Foamy,Detrend,16,58,Detrend,A2_noPostSNV,rf,0.920000,0.934680,0.895942
Foamy,USP,17,59,none,A_postSNV,svm,0.960000,0.927586,0.947998
Foamy,USP,17,59,none,A_postSNV,rbf_svm,0.940000,0.901131,0.921794
Foamy,USP,17,59,none,A_postSNV,rf,0.940000,0.811111,0.921466
Foamy,SNV,17,59,SNV,A2_noPostSNV,svm,0.880000,0.812302,0.845361
Foamy,SNV,17,59,SNV,A2_noPostSNV,rbf_svm,0.940000,0.904050,0.921630
Foamy,SNV,17,59,SNV,A2_noPostSNV,rf,0.920000,0.892593,0.895452
Foamy,SG1,17,59,SG1,A2_noPostSNV,svm,0.880000,0.819006,0.843831
Foamy,SG1,17,59,SG1,A2_noPostSNV,rbf_svm,0.920000,0.778124,0.895343
Foamy,SG1,17,59,SG1,A2_noPostSNV,rf,0.940000,0.901131,0.921794
Foamy,EMSC,17,59,EMSC,A2_noPostSNV,svm,0.920000,0.881746,0.896587
Foamy,EMSC,17,59,EMSC,A2_noPostSNV,rbf_svm,0.940000,0.904050,0.921630
Foamy,EMSC,17,59,EMSC,A2_noPostSNV,rf,0.960000,0.927586,0.947998
Foamy,Detrend,17,59,Detrend,A2_noPostSNV,svm,0.880000,0.844246,0.843342
Foamy,Detrend,17,59,Detrend,A2_noPostSNV,rbf_svm,0.900000,0.759909,0.869792
Foamy,Detrend,17,59,Detrend,A2_noPostSNV,rf,0.940000,0.901131,0.921794
Foamy,USP,18,60,none,A_postSNV,svm,0.960000,0.923546,0.948213
Foamy,USP,18,60,none,A_postSNV,rbf_svm,0.920000,0.887897,0.895507
Foamy,USP,18,60,none,A_postSNV,rf,0.920000,0.882468,0.895942
Foamy,SNV,18,60,SNV,A2_noPostSNV,svm,0.900000,0.844729,0.872188
Foamy,SNV,18,60,SNV,A2_noPostSNV,rbf_svm,0.940000,0.875616,0.922037
Foamy,SNV,18,60,SNV,A2_noPostSNV,rf,0.940000,0.905398,0.922280
Foamy,SG1,18,60,SG1,A2_noPostSNV,svm,0.880000,0.817943,0.846311
Foamy,SG1,18,60,SG1,A2_noPostSNV,rbf_svm,0.920000,0.885283,0.895233
Foamy,SG1,18,60,SG1,A2_noPostSNV,rf,0.940000,0.872401,0.921094
Foamy,EMSC,18,60,EMSC,A2_noPostSNV,svm,0.920000,0.867798,0.897488
Foamy,EMSC,18,60,EMSC,A2_noPostSNV,rbf_svm,0.940000,0.898017,0.921507
Foamy,EMSC,18,60,EMSC,A2_noPostSNV,rf,0.900000,0.872760,0.869452
Foamy,Detrend,18,60,Detrend,A2_noPostSNV,svm,0.900000,0.840873,0.870868
Foamy,Detrend,18,60,Detrend,A2_noPostSNV,rbf_svm,0.860000,0.843178,0.817041
Foamy,Detrend,18,60,Detrend,A2_noPostSNV,rf,0.940000,0.898759,0.921589
Foamy,USP,19,61,none,A_postSNV,svm,0.880000,0.858155,0.844318
Foamy,USP,19,61,none,A_postSNV,rbf_svm,0.860000,0.836071,0.817232
Foamy,USP,19,61,none,A_postSNV,rf,0.840000,0.832586,0.791992
Foamy,SNV,19,61,SNV,A2_noPostSNV,svm,0.820000,0.769929,0.770759
Foamy,SNV,19,61,SNV,A2_noPostSNV,rbf_svm,0.820000,0.776381,0.760766
Foamy,SNV,19,61,SNV,A2_noPostSNV,rf,0.820000,0.823262,0.765258
Foamy,SG1,19,61,SG1,A2_noPostSNV,svm,0.820000,0.676770,0.767081
Foamy,SG1,19,61,SG1,A2_noPostSNV,rbf_svm,0.840000,0.736554,0.789363
Foamy,SG1,19,61,SG1,A2_noPostSNV,rf,0.860000,0.745471,0.816466
Foamy,EMSC,19,61,EMSC,A2_noPostSNV,svm,0.820000,0.781746,0.769231
Foamy,EMSC,19,61,EMSC,A2_noPostSNV,rbf_svm,0.840000,0.828761,0.789363
Foamy,EMSC,19,61,EMSC,A2_noPostSNV,rf,0.840000,0.817419,0.791667
Foamy,Detrend,19,61,Detrend,A2_noPostSNV,svm,0.780000,0.656452,0.718670
Foamy,Detrend,19,61,Detrend,A2_noPostSNV,rbf_svm,0.780000,0.678000,0.712944
Foamy,Detrend,19,61,Detrend,A2_noPostSNV,rf,0.900000,0.873347,0.869724
Foamy,USP,20,62,none,A_postSNV,svm,0.960000,0.925014,0.948106
Foamy,USP,20,62,none,A_postSNV,rbf_svm,0.940000,0.913450,0.921794
Foamy,USP,20,62,none,A_postSNV,rf,0.920000,0.902302,0.895670
Foamy,SNV,20,62,SNV,A2_noPostSNV,svm,0.900000,0.858025,0.871531
Foamy,SNV,20,62,SNV,A2_noPostSNV,rbf_svm,0.860000,0.815998,0.816658
Foamy,SNV,20,62,SNV,A2_noPostSNV,rf,0.840000,0.842295,0.790686
Foamy,SG1,20,62,SG1,A2_noPostSNV,svm,0.840000,0.813592,0.794556
Foamy,SG1,20,62,SG1,A2_noPostSNV,rbf_svm,0.880000,0.855595,0.843342
Foamy,SG1,20,62,SG1,A2_noPostSNV,rf,0.920000,0.890574,0.895288
Foamy,EMSC,20,62,EMSC,A2_noPostSNV,svm,0.900000,0.854893,0.871200
Foamy,EMSC,20,62,EMSC,A2_noPostSNV,rbf_svm,0.880000,0.868092,0.842602
Foamy,EMSC,20,62,EMSC,A2_noPostSNV,rf,0.840000,0.831671,0.791341
Foamy,Detrend,20,62,Detrend,A2_noPostSNV,svm,0.900000,0.874625,0.870332
Foamy,Detrend,20,62,Detrend,A2_noPostSNV,rbf_svm,0.860000,0.824985,0.818087
Foamy,Detrend,20,62,Detrend,A2_noPostSNV,rf,0.920000,0.890574,0.895288
Foamy,USP,21,63,none,A_postSNV,svm,0.940000,0.938764,0.921875
Foamy,USP,21,63,none,A_postSNV,rbf_svm,0.860000,0.784332,0.815886
Foamy,USP,21,63,none,A_postSNV,rf,0.840000,0.693668,0.788584
Foamy,SNV,21,63,SNV,A2_noPostSNV,svm,0.900000,0.877495,0.871134
Foamy,SNV,21,63,SNV,A2_noPostSNV,rbf_svm,0.880000,0.850683,0.843831
Foamy,SNV,21,63,SNV,A2_noPostSNV,rf,0.880000,0.858699,0.842105
Foamy,SG1,21,63,SG1,A2_noPostSNV,svm,0.880000,0.857890,0.845041
Foamy,SG1,21,63,SG1,A2_noPostSNV,rbf_svm,0.820000,0.756508,0.765747
Foamy,SG1,21,63,SG1,A2_noPostSNV,rf,0.920000,0.902000,0.895288
Foamy,EMSC,21,63,EMSC,A2_noPostSNV,svm,0.900000,0.887606,0.870466
Foamy,EMSC,21,63,EMSC,A2_noPostSNV,rbf_svm,0.880000,0.882039,0.842354
Foamy,EMSC,21,63,EMSC,A2_noPostSNV,rf,0.880000,0.852367,0.843587
Foamy,Detrend,21,63,Detrend,A2_noPostSNV,svm,0.820000,0.682323,0.765869
Foamy,Detrend,21,63,Detrend,A2_noPostSNV,rbf_svm,0.820000,0.768568,0.765625
Foamy,Detrend,21,63,Detrend,A2_noPostSNV,rf,0.880000,0.868610,0.842271
Foamy,USP,22,64,none,A_postSNV,svm,0.900000,0.866813,0.870600
Foamy,USP,22,64,none,A_postSNV,rbf_svm,0.940000,0.904050,0.921630
Foamy,USP,22,64,none,A_postSNV,rf,0.900000,0.878803,0.868973
Foamy,SNV,22,64,SNV,A2_noPostSNV,svm,0.860000,0.811466,0.819959
Foamy,SNV,22,64,SNV,A2_noPostSNV,rbf_svm,0.840000,0.788655,0.789584
Foamy,SNV,22,64,SNV,A2_noPostSNV,rf,0.880000,0.856197,0.844398
Foamy,SG1,22,64,SG1,A2_noPostSNV,svm,0.880000,0.818519,0.847017
Foamy,SG1,22,64,SG1,A2_noPostSNV,rbf_svm,0.920000,0.889120,0.896373
Foamy,SG1,22,64,SG1,A2_noPostSNV,rf,0.920000,0.889120,0.896373
Foamy,EMSC,22,64,EMSC,A2_noPostSNV,svm,0.880000,0.850549,0.845838
Foamy,EMSC,22,64,EMSC,A2_noPostSNV,rbf_svm,0.860000,0.853241,0.816080
Foamy,EMSC,22,64,EMSC,A2_noPostSNV,rf,0.900000,0.890808,0.869588
Foamy,Detrend,22,64,Detrend,A2_noPostSNV,svm,0.860000,0.798163,0.820236
Foamy,Detrend,22,64,Detrend,A2_noPostSNV,rbf_svm,0.920000,0.899808,0.895996
Foamy,Detrend,22,64,Detrend,A2_noPostSNV,rf,0.960000,0.924549,0.947835
Foamy,USP,23,65,none,A_postSNV,svm,0.960000,0.961598,0.947944
Foamy,USP,23,65,none,A_postSNV,rbf_svm,0.940000,0.947957,0.922118
Foamy,USP,23,65,none,A_postSNV,rf,0.920000,0.886509,0.894848
Foamy,SNV,23,65,SNV,A2_noPostSNV,svm,0.920000,0.905735,0.897278
Foamy,SNV,23,65,SNV,A2_noPostSNV,rbf_svm,0.900000,0.911435,0.868973
Foamy,SNV,23,65,SNV,A2_noPostSNV,rf,0.940000,0.950388,0.921834
Foamy,SG1,23,65,SG1,A2_noPostSNV,svm,0.880000,0.835578,0.846626
Foamy,SG1,23,65,SG1,A2_noPostSNV,rbf_svm,0.920000,0.866962,0.896319
Foamy,SG1,23,65,SG1,A2_noPostSNV,rf,0.940000,0.950833,0.921956
Foamy,EMSC,23,65,EMSC,A2_noPostSNV,svm,0.880000,0.899196,0.843994
Foamy,EMSC,23,65,EMSC,A2_noPostSNV,rbf_svm,0.900000,0.910600,0.869041
Foamy,EMSC,23,65,EMSC,A2_noPostSNV,rf,0.920000,0.886938,0.895343
Foamy,Detrend,23,65,Detrend,A2_noPostSNV,svm,0.820000,0.802022,0.767322
Foamy,Detrend,23,65,Detrend,A2_noPostSNV,rbf_svm,0.840000,0.768736,0.792961
Foamy,Detrend,23,65,Detrend,A2_noPostSNV,rf,0.920000,0.915889,0.895397
Foamy,USP,24,66,none,A_postSNV,svm,0.940000,0.903663,0.922199
Foamy,USP,24,66,none,A_postSNV,rbf_svm,0.940000,0.903663,0.922199
Foamy,USP,24,66,none,A_postSNV,rf,0.940000,0.910920,0.921997
Foamy,SNV,24,66,SNV,A2_noPostSNV,svm,0.900000,0.855311,0.871795
Foamy,SNV,24,66,SNV,A2_noPostSNV,rbf_svm,0.900000,0.864815,0.870197
Foamy,SNV,24,66,SNV,A2_noPostSNV,rf,0.920000,0.898686,0.895452
Foamy,SG1,24,66,SG1,A2_noPostSNV,svm,0.880000,0.756224,0.845201
Foamy,SG1,24,66,SG1,A2_noPostSNV,rbf_svm,0.920000,0.899345,0.895561
Foamy,SG1,24,66,SG1,A2_noPostSNV,rf,0.920000,0.885283,0.895233
Foamy,EMSC,24,66,EMSC,A2_noPostSNV,svm,0.880000,0.859672,0.844318
Foamy,EMSC,24,66,EMSC,A2_noPostSNV,rbf_svm,0.880000,0.873486,0.843424
Foamy,EMSC,24,66,EMSC,A2_noPostSNV,rf,0.900000,0.884758,0.869588
Foamy,Detrend,24,66,Detrend,A2_noPostSNV,svm,0.880000,0.820245,0.846939
Foamy,Detrend,24,66,Detrend,A2_noPostSNV,rbf_svm,0.880000,0.850521,0.845917
Foamy,Detrend,24,66,Detrend,A2_noPostSNV,rf,0.940000,0.913796,0.921834
